job,case,method,family,schema,topology,topology_label,seed,status,return_code,result_json,runs_dir,spec_pass,artifact_spec_pass,ngspice_success,artifact_ngspice_success,required_targets_verified,best_loss,failed_targets,artifact_failed_targets,llm_used,llm_status,llm_reason,postprocess_event_count,postprocess_types,postprocess_any_pass,dc_gain_db,unity_gain_bandwidth,phase_margin,slew_rate,output_swing,total_power,postprocess_decision
optimizer_only__five_transistor_ota_frontier_stress__seed_3,optimizer_only,Optimizer,baseline,inputs/ota_stress/frontier/five_transistor_ota_frontier_stress.yaml,five_transistor_ota,Five transistor,3,passed,0,/mnt/d/AnalogRF-IR/runs/ablations_ihp130_ota_frontier_stress_relaxed_other150_20260613/optimizer_only__five_transistor_ota_frontier_stress__seed_3/iter_001/result.json,/mnt/d/AnalogRF-IR/runs/ablations_ihp130_ota_frontier_stress_relaxed_other150_20260613/optimizer_only__five_transistor_ota_frontier_stress__seed_3,False,False,True,True,True,298.4073896470411,dc_gain,dc_gain|saturation_margin,False,,,0,,False,24.9139382,166653395.7472745,81.94066581717928,129722240.34722085,0.8814218,0.00016405439999999999,postprocess policy is off
optimizer_only__five_transistor_ota_frontier_stress__seed_2,optimizer_only,Optimizer,baseline,inputs/ota_stress/frontier/five_transistor_ota_frontier_stress.yaml,five_transistor_ota,Five transistor,2,passed,0,/mnt/d/AnalogRF-IR/runs/ablations_ihp130_ota_frontier_stress_relaxed_other150_20260613/optimizer_only__five_transistor_ota_frontier_stress__seed_2/iter_001/result.json,/mnt/d/AnalogRF-IR/runs/ablations_ihp130_ota_frontier_stress_relaxed_other150_20260613/optimizer_only__five_transistor_ota_frontier_stress__seed_2,False,False,True,True,True,298.06865967481144,dc_gain,dc_gain|saturation_margin,False,,,0,,False,25.0430134,216951047.5357506,80.97214815999678,196408691.07391146,0.8897778999999999,0.00021929880000000002,postprocess policy is off
optimizer_only__five_transistor_ota_frontier_stress__seed_4,optimizer_only,Optimizer,baseline,inputs/ota_stress/frontier/five_transistor_ota_frontier_stress.yaml,five_transistor_ota,Five transistor,4,passed,0,/mnt/d/AnalogRF-IR/runs/ablations_ihp130_ota_frontier_stress_relaxed_other150_20260613/optimizer_only__five_transistor_ota_frontier_stress__seed_4/iter_001/result.json,/mnt/d/AnalogRF-IR/runs/ablations_ihp130_ota_frontier_stress_relaxed_other150_20260613/optimizer_only__five_transistor_ota_frontier_stress__seed_4,False,False,True,True,True,297.0977372743713,dc_gain,dc_gain|saturation_margin,False,,,0,,False,25.6836147,213400253.7791805,77.97725790065249,217910692.268236,0.8873275999999999,0.00023171039999999996,postprocess policy is off
optimizer_only__five_transistor_ota_frontier_stress__seed_1,optimizer_only,Optimizer,baseline,inputs/ota_stress/frontier/five_transistor_ota_frontier_stress.yaml,five_transistor_ota,Five transistor,1,passed,0,/mnt/d/AnalogRF-IR/runs/ablations_ihp130_ota_frontier_stress_relaxed_other150_20260613/optimizer_only__five_transistor_ota_frontier_stress__seed_1/iter_001/result.json,/mnt/d/AnalogRF-IR/runs/ablations_ihp130_ota_frontier_stress_relaxed_other150_20260613/optimizer_only__five_transistor_ota_frontier_stress__seed_1,False,False,True,True,True,298.32847159029154,dc_gain,dc_gain|saturation_margin,False,,,0,,False,25.0835761,247098984.91195798,76.95521352096202,219974157.07651463,0.8814556999999998,0.000265266,postprocess policy is off
optimizer_only__five_transistor_ota_frontier_stress__seed_6,optimizer_only,Optimizer,baseline,inputs/ota_stress/frontier/five_transistor_ota_frontier_stress.yaml,five_transistor_ota,Five transistor,6,passed,0,/mnt/d/AnalogRF-IR/runs/ablations_ihp130_ota_frontier_stress_relaxed_other150_20260613/optimizer_only__five_transistor_ota_frontier_stress__seed_6/iter_001/result.json,/mnt/d/AnalogRF-IR/runs/ablations_ihp130_ota_frontier_stress_relaxed_other150_20260613/optimizer_only__five_transistor_ota_frontier_stress__seed_6,False,False,True,True,True,300.1319792945226,dc_gain|output_swing,dc_gain|output_swing|saturation_margin,False,,,0,,False,24.5261028,143989390.48091033,84.19313104989847,117914464.01069295,0.8704695,0.0001313772,postprocess policy is off
optimizer_only__five_transistor_ota_frontier_stress__seed_5,optimizer_only,Optimizer,baseline,inputs/ota_stress/frontier/five_transistor_ota_frontier_stress.yaml,five_transistor_ota,Five transistor,5,passed,0,/mnt/d/AnalogRF-IR/runs/ablations_ihp130_ota_frontier_stress_relaxed_other150_20260613/optimizer_only__five_transistor_ota_frontier_stress__seed_5/iter_001/result.json,/mnt/d/AnalogRF-IR/runs/ablations_ihp130_ota_frontier_stress_relaxed_other150_20260613/optimizer_only__five_transistor_ota_frontier_stress__seed_5,False,False,True,True,True,302.6432529233681,dc_gain|output_swing,dc_gain|output_swing|saturation_margin,False,,,0,,False,24.6022765,246966521.6879745,81.73088031086621,212677637.4777969,0.8642131999999999,0.000240126,postprocess policy is off
optimizer_only__five_transistor_ota_frontier_stress__seed_8,optimizer_only,Optimizer,baseline,inputs/ota_stress/frontier/five_transistor_ota_frontier_stress.yaml,five_transistor_ota,Five transistor,8,passed,0,/mnt/d/AnalogRF-IR/runs/ablations_ihp130_ota_frontier_stress_relaxed_other150_20260613/optimizer_only__five_transistor_ota_frontier_stress__seed_8/iter_001/result.json,/mnt/d/AnalogRF-IR/runs/ablations_ihp130_ota_frontier_stress_relaxed_other150_20260613/optimizer_only__five_transistor_ota_frontier_stress__seed_8,False,False,True,True,True,297.8735720599959,dc_gain|output_swing,dc_gain|output_swing|saturation_margin,False,,,0,,False,24.5841048,229088676.17150733,80.30558136993835,196210544.8486834,0.8714046999999999,0.0002213148,postprocess policy is off
optimizer_only__five_transistor_ota_frontier_stress__seed_7,optimizer_only,Optimizer,baseline,inputs/ota_stress/frontier/five_transistor_ota_frontier_stress.yaml,five_transistor_ota,Five transistor,7,passed,0,/mnt/d/AnalogRF-IR/runs/ablations_ihp130_ota_frontier_stress_relaxed_other150_20260613/optimizer_only__five_transistor_ota_frontier_stress__seed_7/iter_001/result.json,/mnt/d/AnalogRF-IR/runs/ablations_ihp130_ota_frontier_stress_relaxed_other150_20260613/optimizer_only__five_transistor_ota_frontier_stress__seed_7,False,False,True,True,True,297.6081252739316,dc_gain,dc_gain|saturation_margin,False,,,0,,False,26.0932477,188144095.40992746,76.99470279367888,194039176.99510428,0.8767436,0.0002164248,postprocess policy is off
optimizer_only__five_transistor_ota_frontier_stress__seed_9,optimizer_only,Optimizer,baseline,inputs/ota_stress/frontier/five_transistor_ota_frontier_stress.yaml,five_transistor_ota,Five transistor,9,passed,0,/mnt/d/AnalogRF-IR/runs/ablations_ihp130_ota_frontier_stress_relaxed_other150_20260613/optimizer_only__five_transistor_ota_frontier_stress__seed_9/iter_001/result.json,/mnt/d/AnalogRF-IR/runs/ablations_ihp130_ota_frontier_stress_relaxed_other150_20260613/optimizer_only__five_transistor_ota_frontier_stress__seed_9,False,False,True,True,True,298.2157486731043,dc_gain|output_swing,dc_gain|output_swing|saturation_margin,False,,,0,,False,24.5432299,187490371.6482256,82.72406466102672,144105626.27279407,0.8619454999999999,0.0001784112,postprocess policy is off
optimizer_only__current_mirror_ota_ihp130_frontier_stress__seed_2,optimizer_only,Optimizer,baseline,inputs/ota_stress/frontier/current_mirror_ota_ihp130_frontier_stress.yaml,current_mirror_ota_ihp130,Current mirror,2,passed,0,/mnt/d/AnalogRF-IR/runs/ablations_ihp130_ota_frontier_stress_relaxed_other150_20260613/optimizer_only__current_mirror_ota_ihp130_frontier_stress__seed_2/iter_001/result.json,/mnt/d/AnalogRF-IR/runs/ablations_ihp130_ota_frontier_stress_relaxed_other150_20260613/optimizer_only__current_mirror_ota_ihp130_frontier_stress__seed_2,False,False,True,True,True,205.92122465562332,dc_gain|output_swing,dc_gain|output_swing|saturation_margin,False,,,0,,False,26.2441128,83061729.48202609,69.23375676677243,107995823.86318506,0.740706,0.000166854,postprocess policy is off
optimizer_only__five_transistor_ota_frontier_stress__seed_10,optimizer_only,Optimizer,baseline,inputs/ota_stress/frontier/five_transistor_ota_frontier_stress.yaml,five_transistor_ota,Five transistor,10,passed,0,/mnt/d/AnalogRF-IR/runs/ablations_ihp130_ota_frontier_stress_relaxed_other150_20260613/optimizer_only__five_transistor_ota_frontier_stress__seed_10/iter_001/result.json,/mnt/d/AnalogRF-IR/runs/ablations_ihp130_ota_frontier_stress_relaxed_other150_20260613/optimizer_only__five_transistor_ota_frontier_stress__seed_10,False,False,True,True,True,299.03833708942614,dc_gain,dc_gain|saturation_margin,False,,,0,,False,24.8997345,185272538.68755978,80.27504389098928,150007906.44800603,0.8889314999999999,0.00018296039999999997,postprocess policy is off
optimizer_only__current_mirror_ota_ihp130_frontier_stress__seed_1,optimizer_only,Optimizer,baseline,inputs/ota_stress/frontier/current_mirror_ota_ihp130_frontier_stress.yaml,current_mirror_ota_ihp130,Current mirror,1,passed,0,/mnt/d/AnalogRF-IR/runs/ablations_ihp130_ota_frontier_stress_relaxed_other150_20260613/optimizer_only__current_mirror_ota_ihp130_frontier_stress__seed_1/iter_001/result.json,/mnt/d/AnalogRF-IR/runs/ablations_ihp130_ota_frontier_stress_relaxed_other150_20260613/optimizer_only__current_mirror_ota_ihp130_frontier_stress__seed_1,False,False,True,True,True,228.1112331714348,dc_gain|unity_gain_bandwidth|slew_rate,dc_gain|unity_gain_bandwidth|slew_rate,False,,,0,,False,27.7719356,12633736.117767328,76.45700202352918,6473449.147289326,0.966934,8.395776e-06,postprocess policy is off
optimizer_only__current_mirror_ota_ihp130_frontier_stress__seed_3,optimizer_only,Optimizer,baseline,inputs/ota_stress/frontier/current_mirror_ota_ihp130_frontier_stress.yaml,current_mirror_ota_ihp130,Current mirror,3,passed,0,/mnt/d/AnalogRF-IR/runs/ablations_ihp130_ota_frontier_stress_relaxed_other150_20260613/optimizer_only__current_mirror_ota_ihp130_frontier_stress__seed_3/iter_001/result.json,/mnt/d/AnalogRF-IR/runs/ablations_ihp130_ota_frontier_stress_relaxed_other150_20260613/optimizer_only__current_mirror_ota_ihp130_frontier_stress__seed_3,False,False,True,True,True,111.92963313921322,dc_gain|unity_gain_bandwidth|slew_rate,dc_gain|unity_gain_bandwidth|slew_rate,False,,,0,,False,28.191631,16918333.768966652,82.2232677985808,13475817.346662886,0.9392703999999998,1.6377119999999997e-05,postprocess policy is off
optimizer_only__current_mirror_ota_ihp130_frontier_stress__seed_4,optimizer_only,Optimizer,baseline,inputs/ota_stress/frontier/current_mirror_ota_ihp130_frontier_stress.yaml,current_mirror_ota_ihp130,Current mirror,4,passed,0,/mnt/d/AnalogRF-IR/runs/ablations_ihp130_ota_frontier_stress_relaxed_other150_20260613/optimizer_only__current_mirror_ota_ihp130_frontier_stress__seed_4/iter_001/result.json,/mnt/d/AnalogRF-IR/runs/ablations_ihp130_ota_frontier_stress_relaxed_other150_20260613/optimizer_only__current_mirror_ota_ihp130_frontier_stress__seed_4,False,False,True,True,True,162.48763128428476,dc_gain|output_swing,dc_gain|output_swing|saturation_margin,False,,,0,,False,27.198864,63351874.76359261,70.78555302135592,75113208.67174225,0.8148678,0.00011139875999999999,postprocess policy is off
optimizer_only__current_mirror_ota_ihp130_frontier_stress__seed_5,optimizer_only,Optimizer,baseline,inputs/ota_stress/frontier/current_mirror_ota_ihp130_frontier_stress.yaml,current_mirror_ota_ihp130,Current mirror,5,passed,0,/mnt/d/AnalogRF-IR/runs/ablations_ihp130_ota_frontier_stress_relaxed_other150_20260613/optimizer_only__current_mirror_ota_ihp130_frontier_stress__seed_5/iter_001/result.json,/mnt/d/AnalogRF-IR/runs/ablations_ihp130_ota_frontier_stress_relaxed_other150_20260613/optimizer_only__current_mirror_ota_ihp130_frontier_stress__seed_5,False,False,True,True,True,213.12794033572536,dc_gain|output_swing,dc_gain|output_swing|saturation_margin,False,,,0,,False,25.7508733,106845409.96222405,68.17270363960267,144957793.60109648,0.7105246,0.000235794,postprocess policy is off
optimizer_only__current_mirror_ota_ihp130_frontier_stress__seed_6,optimizer_only,Optimizer,baseline,inputs/ota_stress/frontier/current_mirror_ota_ihp130_frontier_stress.yaml,current_mirror_ota_ihp130,Current mirror,6,passed,0,/mnt/d/AnalogRF-IR/runs/ablations_ihp130_ota_frontier_stress_relaxed_other150_20260613/optimizer_only__current_mirror_ota_ihp130_frontier_stress__seed_6/iter_001/result.json,/mnt/d/AnalogRF-IR/runs/ablations_ihp130_ota_frontier_stress_relaxed_other150_20260613/optimizer_only__current_mirror_ota_ihp130_frontier_stress__seed_6,False,False,True,True,True,132.41757078118937,dc_gain|output_swing,dc_gain|output_swing|saturation_margin,False,,,0,,False,26.8112556,146116603.6412826,74.68874312993294,196775176.02555794,0.6872929999999999,0.0004085328,postprocess policy is off
optimizer_only__current_mirror_ota_ihp130_frontier_stress__seed_7,optimizer_only,Optimizer,baseline,inputs/ota_stress/frontier/current_mirror_ota_ihp130_frontier_stress.yaml,current_mirror_ota_ihp130,Current mirror,7,passed,0,/mnt/d/AnalogRF-IR/runs/ablations_ihp130_ota_frontier_stress_relaxed_other150_20260613/optimizer_only__current_mirror_ota_ihp130_frontier_stress__seed_7/iter_001/result.json,/mnt/d/AnalogRF-IR/runs/ablations_ihp130_ota_frontier_stress_relaxed_other150_20260613/optimizer_only__current_mirror_ota_ihp130_frontier_stress__seed_7,False,False,True,True,True,253.4711336797002,dc_gain|unity_gain_bandwidth|slew_rate,dc_gain|unity_gain_bandwidth|slew_rate,False,,,0,,False,26.9701059,29371533.33448483,74.91017529579783,22307677.177869074,0.9146153999999999,2.7740159999999996e-05,postprocess policy is off
optimizer_only__current_mirror_ota_ihp130_frontier_stress__seed_8,optimizer_only,Optimizer,baseline,inputs/ota_stress/frontier/current_mirror_ota_ihp130_frontier_stress.yaml,current_mirror_ota_ihp130,Current mirror,8,passed,0,/mnt/d/AnalogRF-IR/runs/ablations_ihp130_ota_frontier_stress_relaxed_other150_20260613/optimizer_only__current_mirror_ota_ihp130_frontier_stress__seed_8/iter_001/result.json,/mnt/d/AnalogRF-IR/runs/ablations_ihp130_ota_frontier_stress_relaxed_other150_20260613/optimizer_only__current_mirror_ota_ihp130_frontier_stress__seed_8,False,False,True,True,True,166.75749067444323,dc_gain|unity_gain_bandwidth|slew_rate,dc_gain|unity_gain_bandwidth|slew_rate,False,,,0,,False,28.00823,11549866.648157084,81.37972654792506,6429601.697474522,0.963494,7.998324e-06,postprocess policy is off
optimizer_only__current_mirror_ota_ihp130_frontier_stress__seed_10,optimizer_only,Optimizer,baseline,inputs/ota_stress/frontier/current_mirror_ota_ihp130_frontier_stress.yaml,current_mirror_ota_ihp130,Current mirror,10,passed,0,/mnt/d/AnalogRF-IR/runs/ablations_ihp130_ota_frontier_stress_relaxed_other150_20260613/optimizer_only__current_mirror_ota_ihp130_frontier_stress__seed_10/iter_001/result.json,/mnt/d/AnalogRF-IR/runs/ablations_ihp130_ota_frontier_stress_relaxed_other150_20260613/optimizer_only__current_mirror_ota_ihp130_frontier_stress__seed_10,False,False,True,True,True,109.81774395739947,dc_gain|output_swing,dc_gain|output_swing|saturation_margin,False,,,0,,False,28.1758348,50940250.78847919,69.44417384563206,69867456.33135682,0.7668455,0.0001347228,postprocess policy is off
optimizer_only__current_mirror_ota_ihp130_frontier_stress__seed_9,optimizer_only,Optimizer,baseline,inputs/ota_stress/frontier/current_mirror_ota_ihp130_frontier_stress.yaml,current_mirror_ota_ihp130,Current mirror,9,passed,0,/mnt/d/AnalogRF-IR/runs/ablations_ihp130_ota_frontier_stress_relaxed_other150_20260613/optimizer_only__current_mirror_ota_ihp130_frontier_stress__seed_9/iter_001/result.json,/mnt/d/AnalogRF-IR/runs/ablations_ihp130_ota_frontier_stress_relaxed_other150_20260613/optimizer_only__current_mirror_ota_ihp130_frontier_stress__seed_9,False,False,True,True,True,142.7573782595041,dc_gain|slew_rate,dc_gain|slew_rate,False,,,0,,False,27.4793168,40384365.50133348,81.64750949323816,36553079.85123233,0.8949081999999998,4.638972e-05,postprocess policy is off
optimizer_only__folded_cascode_ota_ihp130_frontier_stress__seed_1,optimizer_only,Optimizer,baseline,inputs/ota_stress/frontier/folded_cascode_ota_ihp130_frontier_stress.yaml,folded_cascode_ota_ihp130,Folded cascode,1,passed,0,/mnt/d/AnalogRF-IR/runs/ablations_ihp130_ota_frontier_stress_relaxed_other150_20260613/optimizer_only__folded_cascode_ota_ihp130_frontier_stress__seed_1/iter_001/result.json,/mnt/d/AnalogRF-IR/runs/ablations_ihp130_ota_frontier_stress_relaxed_other150_20260613/optimizer_only__folded_cascode_ota_ihp130_frontier_stress__seed_1,False,False,True,True,True,5707.865012634392,dc_gain|output_swing,dc_gain|output_swing|saturation_margin,False,,,0,,False,42.8120567,64213125.06155427,67.36272242445473,58736351.20940755,0.9323801,4.726068e-05,postprocess policy is off
optimizer_only__folded_cascode_ota_ihp130_frontier_stress__seed_2,optimizer_only,Optimizer,baseline,inputs/ota_stress/frontier/folded_cascode_ota_ihp130_frontier_stress.yaml,folded_cascode_ota_ihp130,Folded cascode,2,passed,0,/mnt/d/AnalogRF-IR/runs/ablations_ihp130_ota_frontier_stress_relaxed_other150_20260613/optimizer_only__folded_cascode_ota_ihp130_frontier_stress__seed_2/iter_001/result.json,/mnt/d/AnalogRF-IR/runs/ablations_ihp130_ota_frontier_stress_relaxed_other150_20260613/optimizer_only__folded_cascode_ota_ihp130_frontier_stress__seed_2,False,False,True,True,True,5747.408782668243,dc_gain|unity_gain_bandwidth|slew_rate|output_swing,dc_gain|unity_gain_bandwidth|slew_rate|output_swing|saturation_margin,False,,,0,,False,25.6296211,972358.11761505,85.13995688469512,9647361.964091614,0.8700912,5.695992e-07,postprocess policy is off
optimizer_only__folded_cascode_ota_ihp130_frontier_stress__seed_3,optimizer_only,Optimizer,baseline,inputs/ota_stress/frontier/folded_cascode_ota_ihp130_frontier_stress.yaml,folded_cascode_ota_ihp130,Folded cascode,3,passed,0,/mnt/d/AnalogRF-IR/runs/ablations_ihp130_ota_frontier_stress_relaxed_other150_20260613/optimizer_only__folded_cascode_ota_ihp130_frontier_stress__seed_3/iter_001/result.json,/mnt/d/AnalogRF-IR/runs/ablations_ihp130_ota_frontier_stress_relaxed_other150_20260613/optimizer_only__folded_cascode_ota_ihp130_frontier_stress__seed_3,False,False,True,True,True,5708.055465107226,dc_gain|output_swing,dc_gain|output_swing|saturation_margin,False,,,0,,False,39.9046003,189475648.2632912,61.94191617600376,205926256.57488745,0.8716948,0.0001981332,postprocess policy is off
optimizer_only__folded_cascode_ota_ihp130_frontier_stress__seed_5,optimizer_only,Optimizer,baseline,inputs/ota_stress/frontier/folded_cascode_ota_ihp130_frontier_stress.yaml,folded_cascode_ota_ihp130,Folded cascode,5,passed,0,/mnt/d/AnalogRF-IR/runs/ablations_ihp130_ota_frontier_stress_relaxed_other150_20260613/optimizer_only__folded_cascode_ota_ihp130_frontier_stress__seed_5/iter_001/result.json,/mnt/d/AnalogRF-IR/runs/ablations_ihp130_ota_frontier_stress_relaxed_other150_20260613/optimizer_only__folded_cascode_ota_ihp130_frontier_stress__seed_5,False,False,True,True,True,5704.98321900534,dc_gain|unity_gain_bandwidth|slew_rate,dc_gain|unity_gain_bandwidth|slew_rate|saturation_margin,False,,,0,,False,24.2453608,160259.30313275085,87.44475633317606,5588742.6170257,0.9804774999999999,8.548968e-08,postprocess policy is off
optimizer_only__folded_cascode_ota_ihp130_frontier_stress__seed_4,optimizer_only,Optimizer,baseline,inputs/ota_stress/frontier/folded_cascode_ota_ihp130_frontier_stress.yaml,folded_cascode_ota_ihp130,Folded cascode,4,passed,0,/mnt/d/AnalogRF-IR/runs/ablations_ihp130_ota_frontier_stress_relaxed_other150_20260613/optimizer_only__folded_cascode_ota_ihp130_frontier_stress__seed_4/iter_001/result.json,/mnt/d/AnalogRF-IR/runs/ablations_ihp130_ota_frontier_stress_relaxed_other150_20260613/optimizer_only__folded_cascode_ota_ihp130_frontier_stress__seed_4,False,False,True,True,True,5750.338500671878,dc_gain|output_swing,dc_gain|output_swing|saturation_margin,False,,,0,,False,44.2310465,94995569.5415777,63.17201045405437,122122295.52689537,0.9250514999999999,7.593095999999999e-05,postprocess policy is off
optimizer_only__folded_cascode_ota_ihp130_frontier_stress__seed_9,optimizer_only,Optimizer,baseline,inputs/ota_stress/frontier/folded_cascode_ota_ihp130_frontier_stress.yaml,folded_cascode_ota_ihp130,Folded cascode,9,passed,0,/mnt/d/AnalogRF-IR/runs/ablations_ihp130_ota_frontier_stress_relaxed_other150_20260613/optimizer_only__folded_cascode_ota_ihp130_frontier_stress__seed_9/iter_001/result.json,/mnt/d/AnalogRF-IR/runs/ablations_ihp130_ota_frontier_stress_relaxed_other150_20260613/optimizer_only__folded_cascode_ota_ihp130_frontier_stress__seed_9,False,False,True,True,True,5747.9821377859735,dc_gain|unity_gain_bandwidth|slew_rate|output_swing,dc_gain|unity_gain_bandwidth|slew_rate|output_swing|saturation_margin,False,,,0,,False,8.10526442,28846.275576148142,108.36938626040978,2521473.068672696,0.9224682000000001,1.92438e-08,postprocess policy is off
optimizer_only__folded_cascode_ota_ihp130_frontier_stress__seed_6,optimizer_only,Optimizer,baseline,inputs/ota_stress/frontier/folded_cascode_ota_ihp130_frontier_stress.yaml,folded_cascode_ota_ihp130,Folded cascode,6,passed,0,/mnt/d/AnalogRF-IR/runs/ablations_ihp130_ota_frontier_stress_relaxed_other150_20260613/optimizer_only__folded_cascode_ota_ihp130_frontier_stress__seed_6/iter_001/result.json,/mnt/d/AnalogRF-IR/runs/ablations_ihp130_ota_frontier_stress_relaxed_other150_20260613/optimizer_only__folded_cascode_ota_ihp130_frontier_stress__seed_6,True,False,True,True,True,5707.883668832947,,saturation_margin,False,,,0,,False,46.3095715,49680583.16103007,70.26789137327806,37356019.70082629,0.9572596999999998,3.22584e-05,postprocess policy is off
optimizer_only__folded_cascode_ota_ihp130_frontier_stress__seed_8,optimizer_only,Optimizer,baseline,inputs/ota_stress/frontier/folded_cascode_ota_ihp130_frontier_stress.yaml,folded_cascode_ota_ihp130,Folded cascode,8,passed,0,/mnt/d/AnalogRF-IR/runs/ablations_ihp130_ota_frontier_stress_relaxed_other150_20260613/optimizer_only__folded_cascode_ota_ihp130_frontier_stress__seed_8/iter_001/result.json,/mnt/d/AnalogRF-IR/runs/ablations_ihp130_ota_frontier_stress_relaxed_other150_20260613/optimizer_only__folded_cascode_ota_ihp130_frontier_stress__seed_8,False,False,True,True,True,5783.501740428066,dc_gain|unity_gain_bandwidth|slew_rate,dc_gain|unity_gain_bandwidth|slew_rate|saturation_margin,False,,,0,,False,32.0718382,22369078.934167374,75.67864334441762,10469406.57047956,0.9529354,1.4231159999999999e-05,postprocess policy is off
optimizer_only__folded_cascode_ota_ihp130_frontier_stress__seed_7,optimizer_only,Optimizer,baseline,inputs/ota_stress/frontier/folded_cascode_ota_ihp130_frontier_stress.yaml,folded_cascode_ota_ihp130,Folded cascode,7,passed,0,/mnt/d/AnalogRF-IR/runs/ablations_ihp130_ota_frontier_stress_relaxed_other150_20260613/optimizer_only__folded_cascode_ota_ihp130_frontier_stress__seed_7/iter_001/result.json,/mnt/d/AnalogRF-IR/runs/ablations_ihp130_ota_frontier_stress_relaxed_other150_20260613/optimizer_only__folded_cascode_ota_ihp130_frontier_stress__seed_7,False,False,True,True,True,5715.54031646401,dc_gain|output_swing,dc_gain|output_swing|saturation_margin,False,,,0,,False,44.3999385,78909669.82962424,71.18761255984924,63943140.09402824,0.9254583999999999,6.170676e-05,postprocess policy is off
optimizer_only__telescopic_ota_ihp130_frontier_stress__seed_1,optimizer_only,Optimizer,baseline,inputs/ota_stress/frontier/telescopic_ota_ihp130_frontier_stress.yaml,telescopic_ota_ihp130,Telescopic,1,passed,0,/mnt/d/AnalogRF-IR/runs/ablations_ihp130_ota_frontier_stress_relaxed_other150_20260613/optimizer_only__telescopic_ota_ihp130_frontier_stress__seed_1/iter_001/result.json,/mnt/d/AnalogRF-IR/runs/ablations_ihp130_ota_frontier_stress_relaxed_other150_20260613/optimizer_only__telescopic_ota_ihp130_frontier_stress__seed_1,False,False,False,False,False,8249.470622856134,dc_gain|unity_gain_bandwidth|phase_margin|slew_rate|output_swing,dc_gain|slew_rate|output_swing|saturation_margin,False,,,0,,False,-43.6102918,,,2813047.427662654,0.6665849999999999,4.362144e-07,postprocess policy is off
optimizer_only__telescopic_ota_ihp130_frontier_stress__seed_3,optimizer_only,Optimizer,baseline,inputs/ota_stress/frontier/telescopic_ota_ihp130_frontier_stress.yaml,telescopic_ota_ihp130,Telescopic,3,passed,0,/mnt/d/AnalogRF-IR/runs/ablations_ihp130_ota_frontier_stress_relaxed_other150_20260613/optimizer_only__telescopic_ota_ihp130_frontier_stress__seed_3/iter_001/result.json,/mnt/d/AnalogRF-IR/runs/ablations_ihp130_ota_frontier_stress_relaxed_other150_20260613/optimizer_only__telescopic_ota_ihp130_frontier_stress__seed_3,False,False,False,False,False,8195.671507150513,dc_gain|unity_gain_bandwidth|phase_margin|slew_rate|output_swing,dc_gain|slew_rate|output_swing|saturation_margin,False,,,0,,False,-47.8529156,,,1381819.649384007,0.6713839,8.114075999999999e-07,postprocess policy is off
optimizer_only__telescopic_ota_ihp130_frontier_stress__seed_2,optimizer_only,Optimizer,baseline,inputs/ota_stress/frontier/telescopic_ota_ihp130_frontier_stress.yaml,telescopic_ota_ihp130,Telescopic,2,passed,0,/mnt/d/AnalogRF-IR/runs/ablations_ihp130_ota_frontier_stress_relaxed_other150_20260613/optimizer_only__telescopic_ota_ihp130_frontier_stress__seed_2/iter_001/result.json,/mnt/d/AnalogRF-IR/runs/ablations_ihp130_ota_frontier_stress_relaxed_other150_20260613/optimizer_only__telescopic_ota_ihp130_frontier_stress__seed_2,False,False,False,False,False,8439.83970303998,dc_gain|unity_gain_bandwidth|phase_margin|output_swing,dc_gain|output_swing|saturation_margin,False,,,0,,False,-25.8853938,,,16686964.44842664,0.6732783,2.5337039999999997e-06,postprocess policy is off
optimizer_only__folded_cascode_ota_ihp130_frontier_stress__seed_10,optimizer_only,Optimizer,baseline,inputs/ota_stress/frontier/folded_cascode_ota_ihp130_frontier_stress.yaml,folded_cascode_ota_ihp130,Folded cascode,10,passed,0,/mnt/d/AnalogRF-IR/runs/ablations_ihp130_ota_frontier_stress_relaxed_other150_20260613/optimizer_only__folded_cascode_ota_ihp130_frontier_stress__seed_10/iter_001/result.json,/mnt/d/AnalogRF-IR/runs/ablations_ihp130_ota_frontier_stress_relaxed_other150_20260613/optimizer_only__folded_cascode_ota_ihp130_frontier_stress__seed_10,False,False,True,True,True,5723.986249500988,dc_gain|unity_gain_bandwidth|slew_rate,dc_gain|unity_gain_bandwidth|slew_rate|saturation_margin,False,,,0,,False,27.7155356,11494487.56547938,82.53825065282591,4633113.925538385,0.9498512000000001,6.638316e-06,postprocess policy is off
optimizer_only__telescopic_ota_ihp130_frontier_stress__seed_4,optimizer_only,Optimizer,baseline,inputs/ota_stress/frontier/telescopic_ota_ihp130_frontier_stress.yaml,telescopic_ota_ihp130,Telescopic,4,passed,0,/mnt/d/AnalogRF-IR/runs/ablations_ihp130_ota_frontier_stress_relaxed_other150_20260613/optimizer_only__telescopic_ota_ihp130_frontier_stress__seed_4/iter_001/result.json,/mnt/d/AnalogRF-IR/runs/ablations_ihp130_ota_frontier_stress_relaxed_other150_20260613/optimizer_only__telescopic_ota_ihp130_frontier_stress__seed_4,False,False,False,False,False,8237.146427299673,dc_gain|unity_gain_bandwidth|phase_margin|slew_rate|output_swing,dc_gain|slew_rate|output_swing|saturation_margin,False,,,0,,False,-55.4249484,,,377457.95924600365,0.6403537000000001,9.032412000000001e-08,postprocess policy is off
optimizer_only__telescopic_ota_ihp130_frontier_stress__seed_5,optimizer_only,Optimizer,baseline,inputs/ota_stress/frontier/telescopic_ota_ihp130_frontier_stress.yaml,telescopic_ota_ihp130,Telescopic,5,passed,0,/mnt/d/AnalogRF-IR/runs/ablations_ihp130_ota_frontier_stress_relaxed_other150_20260613/optimizer_only__telescopic_ota_ihp130_frontier_stress__seed_5/iter_001/result.json,/mnt/d/AnalogRF-IR/runs/ablations_ihp130_ota_frontier_stress_relaxed_other150_20260613/optimizer_only__telescopic_ota_ihp130_frontier_stress__seed_5,False,False,False,False,False,8238.35501119676,dc_gain|unity_gain_bandwidth|phase_margin|slew_rate|output_swing,dc_gain|slew_rate|output_swing|saturation_margin,False,,,0,,False,-46.2311297,,,1721215.4086295357,0.796321,6.05658e-08,postprocess policy is off
optimizer_only__telescopic_ota_ihp130_frontier_stress__seed_6,optimizer_only,Optimizer,baseline,inputs/ota_stress/frontier/telescopic_ota_ihp130_frontier_stress.yaml,telescopic_ota_ihp130,Telescopic,6,passed,0,/mnt/d/AnalogRF-IR/runs/ablations_ihp130_ota_frontier_stress_relaxed_other150_20260613/optimizer_only__telescopic_ota_ihp130_frontier_stress__seed_6/iter_001/result.json,/mnt/d/AnalogRF-IR/runs/ablations_ihp130_ota_frontier_stress_relaxed_other150_20260613/optimizer_only__telescopic_ota_ihp130_frontier_stress__seed_6,False,False,False,False,False,8184.033780698767,dc_gain|unity_gain_bandwidth|phase_margin|slew_rate|output_swing,dc_gain|slew_rate|output_swing|saturation_margin,False,,,0,,False,-45.9038998,,,2336399.060192483,0.6936854,1.0852092e-06,postprocess policy is off
optimizer_only__telescopic_ota_ihp130_frontier_stress__seed_7,optimizer_only,Optimizer,baseline,inputs/ota_stress/frontier/telescopic_ota_ihp130_frontier_stress.yaml,telescopic_ota_ihp130,Telescopic,7,passed,0,/mnt/d/AnalogRF-IR/runs/ablations_ihp130_ota_frontier_stress_relaxed_other150_20260613/optimizer_only__telescopic_ota_ihp130_frontier_stress__seed_7/iter_001/result.json,/mnt/d/AnalogRF-IR/runs/ablations_ihp130_ota_frontier_stress_relaxed_other150_20260613/optimizer_only__telescopic_ota_ihp130_frontier_stress__seed_7,False,False,False,False,False,8278.329713692267,dc_gain|unity_gain_bandwidth|phase_margin|slew_rate|output_swing,dc_gain|slew_rate|output_swing|saturation_margin,False,,,0,,False,-40.3520553,,,2314045.201693049,0.8975957999999999,3.88674e-08,postprocess policy is off
optimizer_only__telescopic_ota_ihp130_frontier_stress__seed_8,optimizer_only,Optimizer,baseline,inputs/ota_stress/frontier/telescopic_ota_ihp130_frontier_stress.yaml,telescopic_ota_ihp130,Telescopic,8,passed,0,/mnt/d/AnalogRF-IR/runs/ablations_ihp130_ota_frontier_stress_relaxed_other150_20260613/optimizer_only__telescopic_ota_ihp130_frontier_stress__seed_8/iter_001/result.json,/mnt/d/AnalogRF-IR/runs/ablations_ihp130_ota_frontier_stress_relaxed_other150_20260613/optimizer_only__telescopic_ota_ihp130_frontier_stress__seed_8,False,False,False,False,False,8393.428584313435,dc_gain|unity_gain_bandwidth|phase_margin|slew_rate|output_swing,dc_gain|slew_rate|output_swing|saturation_margin,False,,,0,,False,-50.6533215,,,854637.6903713556,0.7128155999999999,3.247092e-08,postprocess policy is off
optimizer_only__telescopic_ota_ihp130_frontier_stress__seed_9,optimizer_only,Optimizer,baseline,inputs/ota_stress/frontier/telescopic_ota_ihp130_frontier_stress.yaml,telescopic_ota_ihp130,Telescopic,9,passed,0,/mnt/d/AnalogRF-IR/runs/ablations_ihp130_ota_frontier_stress_relaxed_other150_20260613/optimizer_only__telescopic_ota_ihp130_frontier_stress__seed_9/iter_001/result.json,/mnt/d/AnalogRF-IR/runs/ablations_ihp130_ota_frontier_stress_relaxed_other150_20260613/optimizer_only__telescopic_ota_ihp130_frontier_stress__seed_9,False,False,False,False,False,8369.718382382385,dc_gain|unity_gain_bandwidth|phase_margin|output_swing,dc_gain|output_swing|saturation_margin,False,,,0,,False,-28.0404892,,,14946597.888128163,0.6104869999999999,4.004004e-08,postprocess policy is off
optimizer_only__telescopic_ota_ihp130_frontier_stress__seed_10,optimizer_only,Optimizer,baseline,inputs/ota_stress/frontier/telescopic_ota_ihp130_frontier_stress.yaml,telescopic_ota_ihp130,Telescopic,10,passed,0,/mnt/d/AnalogRF-IR/runs/ablations_ihp130_ota_frontier_stress_relaxed_other150_20260613/optimizer_only__telescopic_ota_ihp130_frontier_stress__seed_10/iter_001/result.json,/mnt/d/AnalogRF-IR/runs/ablations_ihp130_ota_frontier_stress_relaxed_other150_20260613/optimizer_only__telescopic_ota_ihp130_frontier_stress__seed_10,False,False,False,False,False,8290.161143641553,dc_gain|unity_gain_bandwidth|phase_margin|slew_rate|output_swing,dc_gain|slew_rate|output_swing|saturation_margin,False,,,0,,False,-47.7296628,,,1432306.6010128132,0.6708342999999999,1.6904639999999999e-07,postprocess policy is off
optimizer_only__two_stage_miller_ota_frontier_stress__seed_1,optimizer_only,Optimizer,baseline,inputs/ota_stress/frontier/two_stage_miller_ota_frontier_stress.yaml,two_stage_miller_ota,Two-stage Miller,1,passed,0,/mnt/d/AnalogRF-IR/runs/ablations_ihp130_ota_frontier_stress_relaxed_other150_20260613/optimizer_only__two_stage_miller_ota_frontier_stress__seed_1/iter_001/result.json,/mnt/d/AnalogRF-IR/runs/ablations_ihp130_ota_frontier_stress_relaxed_other150_20260613/optimizer_only__two_stage_miller_ota_frontier_stress__seed_1,False,False,True,True,True,489.34346209624835,dc_gain|unity_gain_bandwidth,dc_gain|unity_gain_bandwidth|saturation_margin,False,,,0,,False,12.9911686,5474196.835874653,122.6223544894871,115570739.22698927,0.7635155999999998,0.00042762480000000004,postprocess policy is off
optimizer_only__two_stage_miller_ota_frontier_stress__seed_2,optimizer_only,Optimizer,baseline,inputs/ota_stress/frontier/two_stage_miller_ota_frontier_stress.yaml,two_stage_miller_ota,Two-stage Miller,2,passed,0,/mnt/d/AnalogRF-IR/runs/ablations_ihp130_ota_frontier_stress_relaxed_other150_20260613/optimizer_only__two_stage_miller_ota_frontier_stress__seed_2/iter_001/result.json,/mnt/d/AnalogRF-IR/runs/ablations_ihp130_ota_frontier_stress_relaxed_other150_20260613/optimizer_only__two_stage_miller_ota_frontier_stress__seed_2,False,False,True,True,True,2539.7237890996903,dc_gain|unity_gain_bandwidth,dc_gain|unity_gain_bandwidth|saturation_margin,False,,,0,,False,23.6922502,19681671.85305826,88.11542384797515,119406403.56265368,0.8580304999999998,0.0005232587999999999,postprocess policy is off
optimizer_only__two_stage_miller_ota_frontier_stress__seed_3,optimizer_only,Optimizer,baseline,inputs/ota_stress/frontier/two_stage_miller_ota_frontier_stress.yaml,two_stage_miller_ota,Two-stage Miller,3,passed,0,/mnt/d/AnalogRF-IR/runs/ablations_ihp130_ota_frontier_stress_relaxed_other150_20260613/optimizer_only__two_stage_miller_ota_frontier_stress__seed_3/iter_001/result.json,/mnt/d/AnalogRF-IR/runs/ablations_ihp130_ota_frontier_stress_relaxed_other150_20260613/optimizer_only__two_stage_miller_ota_frontier_stress__seed_3,False,False,True,True,True,457.41219405461754,dc_gain|unity_gain_bandwidth,dc_gain|unity_gain_bandwidth|saturation_margin,False,,,0,,False,17.7975105,17872147.735733792,108.85930467543342,157092003.7170039,0.813941,0.0006032279999999999,postprocess policy is off
optimizer_only__two_stage_miller_ota_frontier_stress__seed_4,optimizer_only,Optimizer,baseline,inputs/ota_stress/frontier/two_stage_miller_ota_frontier_stress.yaml,two_stage_miller_ota,Two-stage Miller,4,passed,0,/mnt/d/AnalogRF-IR/runs/ablations_ihp130_ota_frontier_stress_relaxed_other150_20260613/optimizer_only__two_stage_miller_ota_frontier_stress__seed_4/iter_001/result.json,/mnt/d/AnalogRF-IR/runs/ablations_ihp130_ota_frontier_stress_relaxed_other150_20260613/optimizer_only__two_stage_miller_ota_frontier_stress__seed_4,False,False,True,True,True,1039.457360207461,dc_gain|unity_gain_bandwidth,dc_gain|unity_gain_bandwidth|saturation_margin,False,,,0,,False,15.6471687,5539467.354481622,116.88077191368984,111809164.934165,0.8056310999999999,0.0006195276,postprocess policy is off
optimizer_only__two_stage_miller_ota_frontier_stress__seed_5,optimizer_only,Optimizer,baseline,inputs/ota_stress/frontier/two_stage_miller_ota_frontier_stress.yaml,two_stage_miller_ota,Two-stage Miller,5,passed,0,/mnt/d/AnalogRF-IR/runs/ablations_ihp130_ota_frontier_stress_relaxed_other150_20260613/optimizer_only__two_stage_miller_ota_frontier_stress__seed_5/iter_001/result.json,/mnt/d/AnalogRF-IR/runs/ablations_ihp130_ota_frontier_stress_relaxed_other150_20260613/optimizer_only__two_stage_miller_ota_frontier_stress__seed_5,False,False,True,True,True,511.95850666645083,dc_gain|unity_gain_bandwidth,dc_gain|unity_gain_bandwidth|saturation_margin,False,,,0,,False,15.0766576,6775647.489425501,120.86200146803594,124753254.34700438,0.7638858,0.0005877132,postprocess policy is off
optimizer_only__two_stage_miller_ota_frontier_stress__seed_6,optimizer_only,Optimizer,baseline,inputs/ota_stress/frontier/two_stage_miller_ota_frontier_stress.yaml,two_stage_miller_ota,Two-stage Miller,6,passed,0,/mnt/d/AnalogRF-IR/runs/ablations_ihp130_ota_frontier_stress_relaxed_other150_20260613/optimizer_only__two_stage_miller_ota_frontier_stress__seed_6/iter_001/result.json,/mnt/d/AnalogRF-IR/runs/ablations_ihp130_ota_frontier_stress_relaxed_other150_20260613/optimizer_only__two_stage_miller_ota_frontier_stress__seed_6,False,False,True,True,True,2340.889620088811,dc_gain|unity_gain_bandwidth,dc_gain|unity_gain_bandwidth|saturation_margin,False,,,0,,False,17.0956319,6857856.500040893,111.90663887620263,96226473.41397347,0.7927693999999998,0.0006102168,postprocess policy is off
optimizer_only__two_stage_miller_ota_frontier_stress__seed_8,optimizer_only,Optimizer,baseline,inputs/ota_stress/frontier/two_stage_miller_ota_frontier_stress.yaml,two_stage_miller_ota,Two-stage Miller,8,passed,0,/mnt/d/AnalogRF-IR/runs/ablations_ihp130_ota_frontier_stress_relaxed_other150_20260613/optimizer_only__two_stage_miller_ota_frontier_stress__seed_8/iter_001/result.json,/mnt/d/AnalogRF-IR/runs/ablations_ihp130_ota_frontier_stress_relaxed_other150_20260613/optimizer_only__two_stage_miller_ota_frontier_stress__seed_8,False,False,True,True,True,414.9647707085941,dc_gain|unity_gain_bandwidth,dc_gain|unity_gain_bandwidth|saturation_margin,False,,,0,,False,14.7096317,8566680.551308412,121.8164800954061,150074141.23039144,0.7860256,0.0005977428,postprocess policy is off
optimizer_only__two_stage_miller_ota_frontier_stress__seed_7,optimizer_only,Optimizer,baseline,inputs/ota_stress/frontier/two_stage_miller_ota_frontier_stress.yaml,two_stage_miller_ota,Two-stage Miller,7,passed,0,/mnt/d/AnalogRF-IR/runs/ablations_ihp130_ota_frontier_stress_relaxed_other150_20260613/optimizer_only__two_stage_miller_ota_frontier_stress__seed_7/iter_001/result.json,/mnt/d/AnalogRF-IR/runs/ablations_ihp130_ota_frontier_stress_relaxed_other150_20260613/optimizer_only__two_stage_miller_ota_frontier_stress__seed_7,False,False,True,True,True,517.9891971671941,dc_gain|unity_gain_bandwidth|output_swing,dc_gain|unity_gain_bandwidth|output_swing|saturation_margin,False,,,0,,False,15.3241103,9736845.811296424,118.55016408836113,129819426.06942533,0.7585903999999999,0.0006027659999999999,postprocess policy is off
optimizer_only__two_stage_miller_ota_frontier_stress__seed_9,optimizer_only,Optimizer,baseline,inputs/ota_stress/frontier/two_stage_miller_ota_frontier_stress.yaml,two_stage_miller_ota,Two-stage Miller,9,passed,0,/mnt/d/AnalogRF-IR/runs/ablations_ihp130_ota_frontier_stress_relaxed_other150_20260613/optimizer_only__two_stage_miller_ota_frontier_stress__seed_9/iter_001/result.json,/mnt/d/AnalogRF-IR/runs/ablations_ihp130_ota_frontier_stress_relaxed_other150_20260613/optimizer_only__two_stage_miller_ota_frontier_stress__seed_9,False,False,True,True,True,675.6518938802983,dc_gain|unity_gain_bandwidth,dc_gain|unity_gain_bandwidth|saturation_margin,False,,,0,,False,17.1528791,6868642.399785428,116.56022545814437,110553071.64682162,0.7897197,0.0007136604,postprocess policy is off
optimizer_only__two_stage_miller_ota_frontier_stress__seed_10,optimizer_only,Optimizer,baseline,inputs/ota_stress/frontier/two_stage_miller_ota_frontier_stress.yaml,two_stage_miller_ota,Two-stage Miller,10,passed,0,/mnt/d/AnalogRF-IR/runs/ablations_ihp130_ota_frontier_stress_relaxed_other150_20260613/optimizer_only__two_stage_miller_ota_frontier_stress__seed_10/iter_001/result.json,/mnt/d/AnalogRF-IR/runs/ablations_ihp130_ota_frontier_stress_relaxed_other150_20260613/optimizer_only__two_stage_miller_ota_frontier_stress__seed_10,False,False,True,True,True,1585.1365875984632,dc_gain|unity_gain_bandwidth,dc_gain|unity_gain_bandwidth|saturation_margin,False,,,0,,False,18.1823941,6968418.664828111,111.69511724381684,91945313.97656399,0.7767291,0.000745416,postprocess policy is off
optimizer_postprocess_fallback__five_transistor_ota_frontier_stress__seed_3,optimizer_postprocess_fallback,Optimizer + repair,postprocess_control,inputs/ota_stress/frontier/five_transistor_ota_frontier_stress.yaml,five_transistor_ota,Five transistor,3,passed,0,/mnt/d/AnalogRF-IR/runs/ablations_ihp130_ota_frontier_stress_relaxed_other150_20260613/optimizer_postprocess_fallback__five_transistor_ota_frontier_stress__seed_3/iter_001/result.json,/mnt/d/AnalogRF-IR/runs/ablations_ihp130_ota_frontier_stress_relaxed_other150_20260613/optimizer_postprocess_fallback__five_transistor_ota_frontier_stress__seed_3,False,False,True,True,True,298.4073896470411,dc_gain,dc_gain|saturation_margin,False,,,0,,False,24.9139382,166653395.7472745,81.94066581717928,129722240.34722085,0.8814218,0.00016405439999999999,not near-feasible; keep postprocess disabled for method cleanliness
optimizer_postprocess_fallback__five_transistor_ota_frontier_stress__seed_1,optimizer_postprocess_fallback,Optimizer + repair,postprocess_control,inputs/ota_stress/frontier/five_transistor_ota_frontier_stress.yaml,five_transistor_ota,Five transistor,1,passed,0,/mnt/d/AnalogRF-IR/runs/ablations_ihp130_ota_frontier_stress_relaxed_other150_20260613/optimizer_postprocess_fallback__five_transistor_ota_frontier_stress__seed_1/iter_001/result.json,/mnt/d/AnalogRF-IR/runs/ablations_ihp130_ota_frontier_stress_relaxed_other150_20260613/optimizer_postprocess_fallback__five_transistor_ota_frontier_stress__seed_1,True,True,True,True,True,298.32847159029154,,,False,,,1,single_stage_ota_op_tune,True,27.2190356,163818240.9847723,68.04369582943487,250267311.21658328,0.9064358,0.000164496,near-feasible optimizer estimate
optimizer_postprocess_fallback__five_transistor_ota_frontier_stress__seed_2,optimizer_postprocess_fallback,Optimizer + repair,postprocess_control,inputs/ota_stress/frontier/five_transistor_ota_frontier_stress.yaml,five_transistor_ota,Five transistor,2,passed,0,/mnt/d/AnalogRF-IR/runs/ablations_ihp130_ota_frontier_stress_relaxed_other150_20260613/optimizer_postprocess_fallback__five_transistor_ota_frontier_stress__seed_2/iter_001/result.json,/mnt/d/AnalogRF-IR/runs/ablations_ihp130_ota_frontier_stress_relaxed_other150_20260613/optimizer_postprocess_fallback__five_transistor_ota_frontier_stress__seed_2,True,True,True,True,True,298.06865967481144,,,False,,,1,single_stage_ota_op_tune,True,27.2268925,142151441.33240727,70.51064370729179,214814512.8356874,0.9068844,0.0001347636,near-feasible optimizer estimate
optimizer_postprocess_fallback__five_transistor_ota_frontier_stress__seed_4,optimizer_postprocess_fallback,Optimizer + repair,postprocess_control,inputs/ota_stress/frontier/five_transistor_ota_frontier_stress.yaml,five_transistor_ota,Five transistor,4,passed,0,/mnt/d/AnalogRF-IR/runs/ablations_ihp130_ota_frontier_stress_relaxed_other150_20260613/optimizer_postprocess_fallback__five_transistor_ota_frontier_stress__seed_4/iter_001/result.json,/mnt/d/AnalogRF-IR/runs/ablations_ihp130_ota_frontier_stress_relaxed_other150_20260613/optimizer_postprocess_fallback__five_transistor_ota_frontier_stress__seed_4,True,True,True,True,True,297.0977372743713,,,False,,,1,single_stage_ota_op_tune,True,27.2592029,149286156.9575162,68.92063640906002,232419073.13511756,0.9126877,0.0001420176,near-feasible optimizer estimate
optimizer_postprocess_fallback__five_transistor_ota_frontier_stress__seed_6,optimizer_postprocess_fallback,Optimizer + repair,postprocess_control,inputs/ota_stress/frontier/five_transistor_ota_frontier_stress.yaml,five_transistor_ota,Five transistor,6,passed,0,/mnt/d/AnalogRF-IR/runs/ablations_ihp130_ota_frontier_stress_relaxed_other150_20260613/optimizer_postprocess_fallback__five_transistor_ota_frontier_stress__seed_6/iter_001/result.json,/mnt/d/AnalogRF-IR/runs/ablations_ihp130_ota_frontier_stress_relaxed_other150_20260613/optimizer_postprocess_fallback__five_transistor_ota_frontier_stress__seed_6,False,False,True,True,True,300.1319792945226,dc_gain|output_swing,dc_gain|output_swing|saturation_margin,False,,,0,,False,24.5261028,143989390.48091033,84.19313104989847,117914464.01069295,0.8704695,0.0001313772,not near-feasible; keep postprocess disabled for method cleanliness
optimizer_postprocess_fallback__five_transistor_ota_frontier_stress__seed_7,optimizer_postprocess_fallback,Optimizer + repair,postprocess_control,inputs/ota_stress/frontier/five_transistor_ota_frontier_stress.yaml,five_transistor_ota,Five transistor,7,passed,0,/mnt/d/AnalogRF-IR/runs/ablations_ihp130_ota_frontier_stress_relaxed_other150_20260613/optimizer_postprocess_fallback__five_transistor_ota_frontier_stress__seed_7/iter_001/result.json,/mnt/d/AnalogRF-IR/runs/ablations_ihp130_ota_frontier_stress_relaxed_other150_20260613/optimizer_postprocess_fallback__five_transistor_ota_frontier_stress__seed_7,False,False,True,True,True,297.6081252739316,dc_gain,dc_gain|saturation_margin,False,,,0,,False,26.0932477,188144095.40992746,76.99470279367888,194039176.99510428,0.8767436,0.0002164248,not near-feasible; keep postprocess disabled for method cleanliness
optimizer_postprocess_fallback__five_transistor_ota_frontier_stress__seed_5,optimizer_postprocess_fallback,Optimizer + repair,postprocess_control,inputs/ota_stress/frontier/five_transistor_ota_frontier_stress.yaml,five_transistor_ota,Five transistor,5,passed,0,/mnt/d/AnalogRF-IR/runs/ablations_ihp130_ota_frontier_stress_relaxed_other150_20260613/optimizer_postprocess_fallback__five_transistor_ota_frontier_stress__seed_5/iter_001/result.json,/mnt/d/AnalogRF-IR/runs/ablations_ihp130_ota_frontier_stress_relaxed_other150_20260613/optimizer_postprocess_fallback__five_transistor_ota_frontier_stress__seed_5,True,True,True,True,True,302.6432529233681,,,False,,,1,single_stage_ota_op_tune,True,27.0953862,157654810.30305105,69.69278626119295,234692695.0384106,0.8834597000000001,0.000146916,near-feasible optimizer estimate
optimizer_postprocess_fallback__five_transistor_ota_frontier_stress__seed_8,optimizer_postprocess_fallback,Optimizer + repair,postprocess_control,inputs/ota_stress/frontier/five_transistor_ota_frontier_stress.yaml,five_transistor_ota,Five transistor,8,passed,0,/mnt/d/AnalogRF-IR/runs/ablations_ihp130_ota_frontier_stress_relaxed_other150_20260613/optimizer_postprocess_fallback__five_transistor_ota_frontier_stress__seed_8/iter_001/result.json,/mnt/d/AnalogRF-IR/runs/ablations_ihp130_ota_frontier_stress_relaxed_other150_20260613/optimizer_postprocess_fallback__five_transistor_ota_frontier_stress__seed_8,False,False,True,True,True,297.8735720599959,dc_gain|output_swing,dc_gain|output_swing|saturation_margin,False,,,1,single_stage_ota_op_tune,False,24.5841048,229088676.17150733,80.30558136993835,196210544.8486834,0.8714046999999999,0.0002213148,near-feasible optimizer estimate
optimizer_postprocess_fallback__five_transistor_ota_frontier_stress__seed_9,optimizer_postprocess_fallback,Optimizer + repair,postprocess_control,inputs/ota_stress/frontier/five_transistor_ota_frontier_stress.yaml,five_transistor_ota,Five transistor,9,passed,0,/mnt/d/AnalogRF-IR/runs/ablations_ihp130_ota_frontier_stress_relaxed_other150_20260613/optimizer_postprocess_fallback__five_transistor_ota_frontier_stress__seed_9/iter_001/result.json,/mnt/d/AnalogRF-IR/runs/ablations_ihp130_ota_frontier_stress_relaxed_other150_20260613/optimizer_postprocess_fallback__five_transistor_ota_frontier_stress__seed_9,False,False,True,True,True,298.2157486731043,dc_gain|output_swing,dc_gain|output_swing|saturation_margin,False,,,0,,False,24.5432299,187490371.6482256,82.72406466102672,144105626.27279407,0.8619454999999999,0.0001784112,not near-feasible; keep postprocess disabled for method cleanliness
optimizer_postprocess_fallback__five_transistor_ota_frontier_stress__seed_10,optimizer_postprocess_fallback,Optimizer + repair,postprocess_control,inputs/ota_stress/frontier/five_transistor_ota_frontier_stress.yaml,five_transistor_ota,Five transistor,10,passed,0,/mnt/d/AnalogRF-IR/runs/ablations_ihp130_ota_frontier_stress_relaxed_other150_20260613/optimizer_postprocess_fallback__five_transistor_ota_frontier_stress__seed_10/iter_001/result.json,/mnt/d/AnalogRF-IR/runs/ablations_ihp130_ota_frontier_stress_relaxed_other150_20260613/optimizer_postprocess_fallback__five_transistor_ota_frontier_stress__seed_10,False,False,True,True,True,299.03833708942614,dc_gain,dc_gain|saturation_margin,False,,,0,,False,24.8997345,185272538.68755978,80.27504389098928,150007906.44800603,0.8889314999999999,0.00018296039999999997,not near-feasible; keep postprocess disabled for method cleanliness
optimizer_postprocess_fallback__current_mirror_ota_ihp130_frontier_stress__seed_1,optimizer_postprocess_fallback,Optimizer + repair,postprocess_control,inputs/ota_stress/frontier/current_mirror_ota_ihp130_frontier_stress.yaml,current_mirror_ota_ihp130,Current mirror,1,passed,0,/mnt/d/AnalogRF-IR/runs/ablations_ihp130_ota_frontier_stress_relaxed_other150_20260613/optimizer_postprocess_fallback__current_mirror_ota_ihp130_frontier_stress__seed_1/iter_001/result.json,/mnt/d/AnalogRF-IR/runs/ablations_ihp130_ota_frontier_stress_relaxed_other150_20260613/optimizer_postprocess_fallback__current_mirror_ota_ihp130_frontier_stress__seed_1,False,False,True,True,True,228.1112331714348,dc_gain|unity_gain_bandwidth|slew_rate,dc_gain|unity_gain_bandwidth|slew_rate,False,,,0,,False,27.7719356,12633736.117767328,76.45700202352918,6473449.147289326,0.966934,8.395776e-06,not near-feasible; keep postprocess disabled for method cleanliness
optimizer_postprocess_fallback__current_mirror_ota_ihp130_frontier_stress__seed_2,optimizer_postprocess_fallback,Optimizer + repair,postprocess_control,inputs/ota_stress/frontier/current_mirror_ota_ihp130_frontier_stress.yaml,current_mirror_ota_ihp130,Current mirror,2,passed,0,/mnt/d/AnalogRF-IR/runs/ablations_ihp130_ota_frontier_stress_relaxed_other150_20260613/optimizer_postprocess_fallback__current_mirror_ota_ihp130_frontier_stress__seed_2/iter_001/result.json,/mnt/d/AnalogRF-IR/runs/ablations_ihp130_ota_frontier_stress_relaxed_other150_20260613/optimizer_postprocess_fallback__current_mirror_ota_ihp130_frontier_stress__seed_2,False,False,True,True,True,205.92122465562332,dc_gain|output_swing,dc_gain|output_swing|saturation_margin,False,,,0,,False,26.2441128,83061729.48202609,69.23375676677243,107995823.86318506,0.740706,0.000166854,not near-feasible; keep postprocess disabled for method cleanliness
optimizer_postprocess_fallback__current_mirror_ota_ihp130_frontier_stress__seed_3,optimizer_postprocess_fallback,Optimizer + repair,postprocess_control,inputs/ota_stress/frontier/current_mirror_ota_ihp130_frontier_stress.yaml,current_mirror_ota_ihp130,Current mirror,3,passed,0,/mnt/d/AnalogRF-IR/runs/ablations_ihp130_ota_frontier_stress_relaxed_other150_20260613/optimizer_postprocess_fallback__current_mirror_ota_ihp130_frontier_stress__seed_3/iter_001/result.json,/mnt/d/AnalogRF-IR/runs/ablations_ihp130_ota_frontier_stress_relaxed_other150_20260613/optimizer_postprocess_fallback__current_mirror_ota_ihp130_frontier_stress__seed_3,False,False,True,True,True,111.92963313921322,dc_gain|unity_gain_bandwidth|slew_rate,dc_gain|unity_gain_bandwidth|slew_rate,False,,,0,,False,28.191631,16918333.768966652,82.2232677985808,13475817.346662886,0.9392703999999998,1.6377119999999997e-05,not near-feasible; keep postprocess disabled for method cleanliness
optimizer_postprocess_fallback__current_mirror_ota_ihp130_frontier_stress__seed_4,optimizer_postprocess_fallback,Optimizer + repair,postprocess_control,inputs/ota_stress/frontier/current_mirror_ota_ihp130_frontier_stress.yaml,current_mirror_ota_ihp130,Current mirror,4,passed,0,/mnt/d/AnalogRF-IR/runs/ablations_ihp130_ota_frontier_stress_relaxed_other150_20260613/optimizer_postprocess_fallback__current_mirror_ota_ihp130_frontier_stress__seed_4/iter_001/result.json,/mnt/d/AnalogRF-IR/runs/ablations_ihp130_ota_frontier_stress_relaxed_other150_20260613/optimizer_postprocess_fallback__current_mirror_ota_ihp130_frontier_stress__seed_4,False,False,True,True,True,162.48763128428476,dc_gain|output_swing,dc_gain|output_swing|saturation_margin,False,,,0,,False,27.198864,63351874.76359261,70.78555302135592,75113208.67174225,0.8148678,0.00011139875999999999,not near-feasible; keep postprocess disabled for method cleanliness
optimizer_postprocess_fallback__current_mirror_ota_ihp130_frontier_stress__seed_6,optimizer_postprocess_fallback,Optimizer + repair,postprocess_control,inputs/ota_stress/frontier/current_mirror_ota_ihp130_frontier_stress.yaml,current_mirror_ota_ihp130,Current mirror,6,passed,0,/mnt/d/AnalogRF-IR/runs/ablations_ihp130_ota_frontier_stress_relaxed_other150_20260613/optimizer_postprocess_fallback__current_mirror_ota_ihp130_frontier_stress__seed_6/iter_001/result.json,/mnt/d/AnalogRF-IR/runs/ablations_ihp130_ota_frontier_stress_relaxed_other150_20260613/optimizer_postprocess_fallback__current_mirror_ota_ihp130_frontier_stress__seed_6,False,False,True,True,True,132.41757078118937,dc_gain|output_swing,dc_gain|output_swing|saturation_margin,False,,,0,,False,26.8112556,146116603.6412826,74.68874312993294,196775176.02555794,0.6872929999999999,0.0004085328,not near-feasible; keep postprocess disabled for method cleanliness
optimizer_postprocess_fallback__current_mirror_ota_ihp130_frontier_stress__seed_5,optimizer_postprocess_fallback,Optimizer + repair,postprocess_control,inputs/ota_stress/frontier/current_mirror_ota_ihp130_frontier_stress.yaml,current_mirror_ota_ihp130,Current mirror,5,passed,0,/mnt/d/AnalogRF-IR/runs/ablations_ihp130_ota_frontier_stress_relaxed_other150_20260613/optimizer_postprocess_fallback__current_mirror_ota_ihp130_frontier_stress__seed_5/iter_001/result.json,/mnt/d/AnalogRF-IR/runs/ablations_ihp130_ota_frontier_stress_relaxed_other150_20260613/optimizer_postprocess_fallback__current_mirror_ota_ihp130_frontier_stress__seed_5,False,False,True,True,True,213.12794033572536,dc_gain|output_swing,dc_gain|output_swing|saturation_margin,False,,,0,,False,25.7508733,106845409.96222405,68.17270363960267,144957793.60109648,0.7105246,0.000235794,not near-feasible; keep postprocess disabled for method cleanliness
optimizer_postprocess_fallback__current_mirror_ota_ihp130_frontier_stress__seed_7,optimizer_postprocess_fallback,Optimizer + repair,postprocess_control,inputs/ota_stress/frontier/current_mirror_ota_ihp130_frontier_stress.yaml,current_mirror_ota_ihp130,Current mirror,7,passed,0,/mnt/d/AnalogRF-IR/runs/ablations_ihp130_ota_frontier_stress_relaxed_other150_20260613/optimizer_postprocess_fallback__current_mirror_ota_ihp130_frontier_stress__seed_7/iter_001/result.json,/mnt/d/AnalogRF-IR/runs/ablations_ihp130_ota_frontier_stress_relaxed_other150_20260613/optimizer_postprocess_fallback__current_mirror_ota_ihp130_frontier_stress__seed_7,False,False,True,True,True,253.4711336797002,dc_gain|unity_gain_bandwidth|slew_rate,dc_gain|unity_gain_bandwidth|slew_rate,False,,,0,,False,26.9701059,29371533.33448483,74.91017529579783,22307677.177869074,0.9146153999999999,2.7740159999999996e-05,not near-feasible; keep postprocess disabled for method cleanliness
optimizer_postprocess_fallback__current_mirror_ota_ihp130_frontier_stress__seed_8,optimizer_postprocess_fallback,Optimizer + repair,postprocess_control,inputs/ota_stress/frontier/current_mirror_ota_ihp130_frontier_stress.yaml,current_mirror_ota_ihp130,Current mirror,8,passed,0,/mnt/d/AnalogRF-IR/runs/ablations_ihp130_ota_frontier_stress_relaxed_other150_20260613/optimizer_postprocess_fallback__current_mirror_ota_ihp130_frontier_stress__seed_8/iter_001/result.json,/mnt/d/AnalogRF-IR/runs/ablations_ihp130_ota_frontier_stress_relaxed_other150_20260613/optimizer_postprocess_fallback__current_mirror_ota_ihp130_frontier_stress__seed_8,False,False,True,True,True,166.75749067444323,dc_gain|unity_gain_bandwidth|slew_rate,dc_gain|unity_gain_bandwidth|slew_rate,False,,,0,,False,28.00823,11549866.648157084,81.37972654792506,6429601.697474522,0.963494,7.998324e-06,not near-feasible; keep postprocess disabled for method cleanliness
optimizer_postprocess_fallback__current_mirror_ota_ihp130_frontier_stress__seed_10,optimizer_postprocess_fallback,Optimizer + repair,postprocess_control,inputs/ota_stress/frontier/current_mirror_ota_ihp130_frontier_stress.yaml,current_mirror_ota_ihp130,Current mirror,10,passed,0,/mnt/d/AnalogRF-IR/runs/ablations_ihp130_ota_frontier_stress_relaxed_other150_20260613/optimizer_postprocess_fallback__current_mirror_ota_ihp130_frontier_stress__seed_10/iter_001/result.json,/mnt/d/AnalogRF-IR/runs/ablations_ihp130_ota_frontier_stress_relaxed_other150_20260613/optimizer_postprocess_fallback__current_mirror_ota_ihp130_frontier_stress__seed_10,False,False,True,True,True,109.81774395739947,dc_gain|output_swing,dc_gain|output_swing|saturation_margin,False,,,0,,False,28.1758348,50940250.78847919,69.44417384563206,69867456.33135682,0.7668455,0.0001347228,not near-feasible; keep postprocess disabled for method cleanliness
optimizer_postprocess_fallback__current_mirror_ota_ihp130_frontier_stress__seed_9,optimizer_postprocess_fallback,Optimizer + repair,postprocess_control,inputs/ota_stress/frontier/current_mirror_ota_ihp130_frontier_stress.yaml,current_mirror_ota_ihp130,Current mirror,9,passed,0,/mnt/d/AnalogRF-IR/runs/ablations_ihp130_ota_frontier_stress_relaxed_other150_20260613/optimizer_postprocess_fallback__current_mirror_ota_ihp130_frontier_stress__seed_9/iter_001/result.json,/mnt/d/AnalogRF-IR/runs/ablations_ihp130_ota_frontier_stress_relaxed_other150_20260613/optimizer_postprocess_fallback__current_mirror_ota_ihp130_frontier_stress__seed_9,False,False,True,True,True,142.7573782595041,unity_gain_bandwidth|slew_rate,unity_gain_bandwidth|slew_rate,False,,,1,current_mirror_ota_op_tune,False,28.9755359,27359215.74016779,68.73426183028678,22626466.21739751,0.8968408999999999,2.9244839999999998e-05,ngspice-measured near-feasible fallback
optimizer_postprocess_fallback__folded_cascode_ota_ihp130_frontier_stress__seed_1,optimizer_postprocess_fallback,Optimizer + repair,postprocess_control,inputs/ota_stress/frontier/folded_cascode_ota_ihp130_frontier_stress.yaml,folded_cascode_ota_ihp130,Folded cascode,1,passed,0,/mnt/d/AnalogRF-IR/runs/ablations_ihp130_ota_frontier_stress_relaxed_other150_20260613/optimizer_postprocess_fallback__folded_cascode_ota_ihp130_frontier_stress__seed_1/iter_001/result.json,/mnt/d/AnalogRF-IR/runs/ablations_ihp130_ota_frontier_stress_relaxed_other150_20260613/optimizer_postprocess_fallback__folded_cascode_ota_ihp130_frontier_stress__seed_1,False,False,True,True,True,5707.865012634392,dc_gain,dc_gain|saturation_margin,False,,,1,cascode_ota_op_tune,False,45.4103718,40369576.98178846,79.69556974260405,20255089.109929346,0.9548026999999999,2.6032679999999998e-05,ngspice-measured cascode saturation repair
optimizer_postprocess_fallback__folded_cascode_ota_ihp130_frontier_stress__seed_2,optimizer_postprocess_fallback,Optimizer + repair,postprocess_control,inputs/ota_stress/frontier/folded_cascode_ota_ihp130_frontier_stress.yaml,folded_cascode_ota_ihp130,Folded cascode,2,passed,0,/mnt/d/AnalogRF-IR/runs/ablations_ihp130_ota_frontier_stress_relaxed_other150_20260613/optimizer_postprocess_fallback__folded_cascode_ota_ihp130_frontier_stress__seed_2/iter_001/result.json,/mnt/d/AnalogRF-IR/runs/ablations_ihp130_ota_frontier_stress_relaxed_other150_20260613/optimizer_postprocess_fallback__folded_cascode_ota_ihp130_frontier_stress__seed_2,False,False,True,True,True,5747.408782668243,dc_gain,dc_gain|saturation_margin,False,,,1,cascode_ota_op_tune,False,45.4103718,40369576.98178846,79.69556974260405,20255089.109929346,0.9548026999999999,2.6032679999999998e-05,ngspice-measured cascode saturation repair
optimizer_postprocess_fallback__folded_cascode_ota_ihp130_frontier_stress__seed_3,optimizer_postprocess_fallback,Optimizer + repair,postprocess_control,inputs/ota_stress/frontier/folded_cascode_ota_ihp130_frontier_stress.yaml,folded_cascode_ota_ihp130,Folded cascode,3,passed,0,/mnt/d/AnalogRF-IR/runs/ablations_ihp130_ota_frontier_stress_relaxed_other150_20260613/optimizer_postprocess_fallback__folded_cascode_ota_ihp130_frontier_stress__seed_3/iter_001/result.json,/mnt/d/AnalogRF-IR/runs/ablations_ihp130_ota_frontier_stress_relaxed_other150_20260613/optimizer_postprocess_fallback__folded_cascode_ota_ihp130_frontier_stress__seed_3,False,False,True,True,True,5708.055465107226,dc_gain,dc_gain|saturation_margin,False,,,1,cascode_ota_op_tune,False,45.4103718,40369576.98178846,79.69556974260405,20255089.109929346,0.9548026999999999,2.6032679999999998e-05,ngspice-measured cascode saturation repair
optimizer_postprocess_fallback__folded_cascode_ota_ihp130_frontier_stress__seed_4,optimizer_postprocess_fallback,Optimizer + repair,postprocess_control,inputs/ota_stress/frontier/folded_cascode_ota_ihp130_frontier_stress.yaml,folded_cascode_ota_ihp130,Folded cascode,4,passed,0,/mnt/d/AnalogRF-IR/runs/ablations_ihp130_ota_frontier_stress_relaxed_other150_20260613/optimizer_postprocess_fallback__folded_cascode_ota_ihp130_frontier_stress__seed_4/iter_001/result.json,/mnt/d/AnalogRF-IR/runs/ablations_ihp130_ota_frontier_stress_relaxed_other150_20260613/optimizer_postprocess_fallback__folded_cascode_ota_ihp130_frontier_stress__seed_4,False,False,True,True,True,5750.338500671878,dc_gain,dc_gain|saturation_margin,False,,,1,cascode_ota_op_tune,False,45.4103718,40369576.98178846,79.69556974260405,20255089.109929346,0.9548026999999999,2.6032679999999998e-05,ngspice-measured cascode saturation repair
optimizer_postprocess_fallback__folded_cascode_ota_ihp130_frontier_stress__seed_5,optimizer_postprocess_fallback,Optimizer + repair,postprocess_control,inputs/ota_stress/frontier/folded_cascode_ota_ihp130_frontier_stress.yaml,folded_cascode_ota_ihp130,Folded cascode,5,passed,0,/mnt/d/AnalogRF-IR/runs/ablations_ihp130_ota_frontier_stress_relaxed_other150_20260613/optimizer_postprocess_fallback__folded_cascode_ota_ihp130_frontier_stress__seed_5/iter_001/result.json,/mnt/d/AnalogRF-IR/runs/ablations_ihp130_ota_frontier_stress_relaxed_other150_20260613/optimizer_postprocess_fallback__folded_cascode_ota_ihp130_frontier_stress__seed_5,False,False,True,True,True,5704.98321900534,dc_gain,dc_gain|saturation_margin,False,,,1,cascode_ota_op_tune,False,45.4103718,40369576.98178846,79.69556974260405,20255089.109929346,0.9548026999999999,2.6032679999999998e-05,ngspice-measured cascode saturation repair
optimizer_postprocess_fallback__folded_cascode_ota_ihp130_frontier_stress__seed_6,optimizer_postprocess_fallback,Optimizer + repair,postprocess_control,inputs/ota_stress/frontier/folded_cascode_ota_ihp130_frontier_stress.yaml,folded_cascode_ota_ihp130,Folded cascode,6,passed,0,/mnt/d/AnalogRF-IR/runs/ablations_ihp130_ota_frontier_stress_relaxed_other150_20260613/optimizer_postprocess_fallback__folded_cascode_ota_ihp130_frontier_stress__seed_6/iter_001/result.json,/mnt/d/AnalogRF-IR/runs/ablations_ihp130_ota_frontier_stress_relaxed_other150_20260613/optimizer_postprocess_fallback__folded_cascode_ota_ihp130_frontier_stress__seed_6,False,False,True,True,True,5707.883668832947,dc_gain,dc_gain|saturation_margin,False,,,1,cascode_ota_op_tune,False,45.4103718,40369576.98178846,79.69556974260405,20255089.109929346,0.9548026999999999,2.6032679999999998e-05,ngspice-measured cascode saturation repair
optimizer_postprocess_fallback__folded_cascode_ota_ihp130_frontier_stress__seed_7,optimizer_postprocess_fallback,Optimizer + repair,postprocess_control,inputs/ota_stress/frontier/folded_cascode_ota_ihp130_frontier_stress.yaml,folded_cascode_ota_ihp130,Folded cascode,7,passed,0,/mnt/d/AnalogRF-IR/runs/ablations_ihp130_ota_frontier_stress_relaxed_other150_20260613/optimizer_postprocess_fallback__folded_cascode_ota_ihp130_frontier_stress__seed_7/iter_001/result.json,/mnt/d/AnalogRF-IR/runs/ablations_ihp130_ota_frontier_stress_relaxed_other150_20260613/optimizer_postprocess_fallback__folded_cascode_ota_ihp130_frontier_stress__seed_7,False,False,True,True,True,5715.54031646401,dc_gain|output_swing,dc_gain|output_swing|saturation_margin,False,,,1,cascode_ota_op_tune,False,44.3999385,78909669.82962424,71.18761255984924,63943140.09402824,0.9254583999999999,6.170676e-05,ngspice-measured cascode saturation repair
optimizer_postprocess_fallback__folded_cascode_ota_ihp130_frontier_stress__seed_8,optimizer_postprocess_fallback,Optimizer + repair,postprocess_control,inputs/ota_stress/frontier/folded_cascode_ota_ihp130_frontier_stress.yaml,folded_cascode_ota_ihp130,Folded cascode,8,passed,0,/mnt/d/AnalogRF-IR/runs/ablations_ihp130_ota_frontier_stress_relaxed_other150_20260613/optimizer_postprocess_fallback__folded_cascode_ota_ihp130_frontier_stress__seed_8/iter_001/result.json,/mnt/d/AnalogRF-IR/runs/ablations_ihp130_ota_frontier_stress_relaxed_other150_20260613/optimizer_postprocess_fallback__folded_cascode_ota_ihp130_frontier_stress__seed_8,False,False,True,True,True,5783.501740428066,dc_gain,dc_gain|saturation_margin,False,,,1,cascode_ota_op_tune,False,45.4103718,40369576.98178846,79.69556974260405,20255089.109929346,0.9548026999999999,2.6032679999999998e-05,ngspice-measured cascode saturation repair
optimizer_postprocess_fallback__telescopic_ota_ihp130_frontier_stress__seed_1,optimizer_postprocess_fallback,Optimizer + repair,postprocess_control,inputs/ota_stress/frontier/telescopic_ota_ihp130_frontier_stress.yaml,telescopic_ota_ihp130,Telescopic,1,passed,0,/mnt/d/AnalogRF-IR/runs/ablations_ihp130_ota_frontier_stress_relaxed_other150_20260613/optimizer_postprocess_fallback__telescopic_ota_ihp130_frontier_stress__seed_1/iter_001/result.json,/mnt/d/AnalogRF-IR/runs/ablations_ihp130_ota_frontier_stress_relaxed_other150_20260613/optimizer_postprocess_fallback__telescopic_ota_ihp130_frontier_stress__seed_1,True,True,True,True,True,8249.470622856134,,,False,,,1,cascode_ota_op_tune,False,48.4017404,12641133.296512159,83.3198697852897,5779632.407056392,0.9577692,1.646364e-05,cascode operating-point repair required before AC metrics are reliable
optimizer_postprocess_fallback__folded_cascode_ota_ihp130_frontier_stress__seed_9,optimizer_postprocess_fallback,Optimizer + repair,postprocess_control,inputs/ota_stress/frontier/folded_cascode_ota_ihp130_frontier_stress.yaml,folded_cascode_ota_ihp130,Folded cascode,9,passed,0,/mnt/d/AnalogRF-IR/runs/ablations_ihp130_ota_frontier_stress_relaxed_other150_20260613/optimizer_postprocess_fallback__folded_cascode_ota_ihp130_frontier_stress__seed_9/iter_001/result.json,/mnt/d/AnalogRF-IR/runs/ablations_ihp130_ota_frontier_stress_relaxed_other150_20260613/optimizer_postprocess_fallback__folded_cascode_ota_ihp130_frontier_stress__seed_9,False,False,True,True,True,5747.9821377859735,dc_gain,dc_gain|saturation_margin,False,,,1,cascode_ota_op_tune,False,45.4103718,40369576.98178846,79.69556974260405,20255089.109929346,0.9548026999999999,2.6032679999999998e-05,ngspice-measured cascode saturation repair
optimizer_postprocess_fallback__telescopic_ota_ihp130_frontier_stress__seed_2,optimizer_postprocess_fallback,Optimizer + repair,postprocess_control,inputs/ota_stress/frontier/telescopic_ota_ihp130_frontier_stress.yaml,telescopic_ota_ihp130,Telescopic,2,passed,0,/mnt/d/AnalogRF-IR/runs/ablations_ihp130_ota_frontier_stress_relaxed_other150_20260613/optimizer_postprocess_fallback__telescopic_ota_ihp130_frontier_stress__seed_2/iter_001/result.json,/mnt/d/AnalogRF-IR/runs/ablations_ihp130_ota_frontier_stress_relaxed_other150_20260613/optimizer_postprocess_fallback__telescopic_ota_ihp130_frontier_stress__seed_2,True,True,True,True,True,8439.83970303998,,,False,,,1,cascode_ota_op_tune,False,48.4017404,12641133.296512159,83.3198697852897,5779632.407056392,0.9577692,1.646364e-05,cascode operating-point repair required before AC metrics are reliable
optimizer_postprocess_fallback__telescopic_ota_ihp130_frontier_stress__seed_3,optimizer_postprocess_fallback,Optimizer + repair,postprocess_control,inputs/ota_stress/frontier/telescopic_ota_ihp130_frontier_stress.yaml,telescopic_ota_ihp130,Telescopic,3,passed,0,/mnt/d/AnalogRF-IR/runs/ablations_ihp130_ota_frontier_stress_relaxed_other150_20260613/optimizer_postprocess_fallback__telescopic_ota_ihp130_frontier_stress__seed_3/iter_001/result.json,/mnt/d/AnalogRF-IR/runs/ablations_ihp130_ota_frontier_stress_relaxed_other150_20260613/optimizer_postprocess_fallback__telescopic_ota_ihp130_frontier_stress__seed_3,True,True,True,True,True,8195.671507150513,,,False,,,1,cascode_ota_op_tune,False,48.4017404,12641133.296512159,83.3198697852897,5779632.407056392,0.9577692,1.646364e-05,cascode operating-point repair required before AC metrics are reliable
optimizer_postprocess_fallback__folded_cascode_ota_ihp130_frontier_stress__seed_10,optimizer_postprocess_fallback,Optimizer + repair,postprocess_control,inputs/ota_stress/frontier/folded_cascode_ota_ihp130_frontier_stress.yaml,folded_cascode_ota_ihp130,Folded cascode,10,passed,0,/mnt/d/AnalogRF-IR/runs/ablations_ihp130_ota_frontier_stress_relaxed_other150_20260613/optimizer_postprocess_fallback__folded_cascode_ota_ihp130_frontier_stress__seed_10/iter_001/result.json,/mnt/d/AnalogRF-IR/runs/ablations_ihp130_ota_frontier_stress_relaxed_other150_20260613/optimizer_postprocess_fallback__folded_cascode_ota_ihp130_frontier_stress__seed_10,False,False,True,True,True,5723.986249500988,dc_gain,dc_gain|saturation_margin,False,,,1,cascode_ota_op_tune,False,45.4103718,40369576.98178846,79.69556974260405,20255089.109929346,0.9548026999999999,2.6032679999999998e-05,ngspice-measured cascode saturation repair
optimizer_postprocess_fallback__telescopic_ota_ihp130_frontier_stress__seed_4,optimizer_postprocess_fallback,Optimizer + repair,postprocess_control,inputs/ota_stress/frontier/telescopic_ota_ihp130_frontier_stress.yaml,telescopic_ota_ihp130,Telescopic,4,passed,0,/mnt/d/AnalogRF-IR/runs/ablations_ihp130_ota_frontier_stress_relaxed_other150_20260613/optimizer_postprocess_fallback__telescopic_ota_ihp130_frontier_stress__seed_4/iter_001/result.json,/mnt/d/AnalogRF-IR/runs/ablations_ihp130_ota_frontier_stress_relaxed_other150_20260613/optimizer_postprocess_fallback__telescopic_ota_ihp130_frontier_stress__seed_4,True,True,True,True,True,8237.146427299673,,,False,,,1,cascode_ota_op_tune,False,48.4017404,12641133.296512159,83.3198697852897,5779632.407056392,0.9577692,1.646364e-05,cascode operating-point repair required before AC metrics are reliable
optimizer_postprocess_fallback__telescopic_ota_ihp130_frontier_stress__seed_5,optimizer_postprocess_fallback,Optimizer + repair,postprocess_control,inputs/ota_stress/frontier/telescopic_ota_ihp130_frontier_stress.yaml,telescopic_ota_ihp130,Telescopic,5,passed,0,/mnt/d/AnalogRF-IR/runs/ablations_ihp130_ota_frontier_stress_relaxed_other150_20260613/optimizer_postprocess_fallback__telescopic_ota_ihp130_frontier_stress__seed_5/iter_001/result.json,/mnt/d/AnalogRF-IR/runs/ablations_ihp130_ota_frontier_stress_relaxed_other150_20260613/optimizer_postprocess_fallback__telescopic_ota_ihp130_frontier_stress__seed_5,True,True,True,True,True,8238.35501119676,,,False,,,1,cascode_ota_op_tune,False,48.4017404,12641133.296512159,83.3198697852897,5779632.407056392,0.9577692,1.646364e-05,cascode operating-point repair required before AC metrics are reliable
optimizer_postprocess_fallback__telescopic_ota_ihp130_frontier_stress__seed_6,optimizer_postprocess_fallback,Optimizer + repair,postprocess_control,inputs/ota_stress/frontier/telescopic_ota_ihp130_frontier_stress.yaml,telescopic_ota_ihp130,Telescopic,6,passed,0,/mnt/d/AnalogRF-IR/runs/ablations_ihp130_ota_frontier_stress_relaxed_other150_20260613/optimizer_postprocess_fallback__telescopic_ota_ihp130_frontier_stress__seed_6/iter_001/result.json,/mnt/d/AnalogRF-IR/runs/ablations_ihp130_ota_frontier_stress_relaxed_other150_20260613/optimizer_postprocess_fallback__telescopic_ota_ihp130_frontier_stress__seed_6,True,True,True,True,True,8184.033780698767,,,False,,,1,cascode_ota_op_tune,False,48.4017404,12641133.296512159,83.3198697852897,5779632.407056392,0.9577692,1.646364e-05,cascode operating-point repair required before AC metrics are reliable
optimizer_postprocess_fallback__telescopic_ota_ihp130_frontier_stress__seed_7,optimizer_postprocess_fallback,Optimizer + repair,postprocess_control,inputs/ota_stress/frontier/telescopic_ota_ihp130_frontier_stress.yaml,telescopic_ota_ihp130,Telescopic,7,passed,0,/mnt/d/AnalogRF-IR/runs/ablations_ihp130_ota_frontier_stress_relaxed_other150_20260613/optimizer_postprocess_fallback__telescopic_ota_ihp130_frontier_stress__seed_7/iter_001/result.json,/mnt/d/AnalogRF-IR/runs/ablations_ihp130_ota_frontier_stress_relaxed_other150_20260613/optimizer_postprocess_fallback__telescopic_ota_ihp130_frontier_stress__seed_7,True,True,True,True,True,8278.329713692267,,,False,,,1,cascode_ota_op_tune,False,48.4017404,12641133.296512159,83.3198697852897,5779632.407056392,0.9577692,1.646364e-05,cascode operating-point repair required before AC metrics are reliable
optimizer_postprocess_fallback__telescopic_ota_ihp130_frontier_stress__seed_8,optimizer_postprocess_fallback,Optimizer + repair,postprocess_control,inputs/ota_stress/frontier/telescopic_ota_ihp130_frontier_stress.yaml,telescopic_ota_ihp130,Telescopic,8,passed,0,/mnt/d/AnalogRF-IR/runs/ablations_ihp130_ota_frontier_stress_relaxed_other150_20260613/optimizer_postprocess_fallback__telescopic_ota_ihp130_frontier_stress__seed_8/iter_001/result.json,/mnt/d/AnalogRF-IR/runs/ablations_ihp130_ota_frontier_stress_relaxed_other150_20260613/optimizer_postprocess_fallback__telescopic_ota_ihp130_frontier_stress__seed_8,True,True,True,True,True,8393.428584313435,,,False,,,1,cascode_ota_op_tune,False,48.4017404,12641133.296512159,83.3198697852897,5779632.407056392,0.9577692,1.646364e-05,cascode operating-point repair required before AC metrics are reliable
optimizer_postprocess_fallback__telescopic_ota_ihp130_frontier_stress__seed_9,optimizer_postprocess_fallback,Optimizer + repair,postprocess_control,inputs/ota_stress/frontier/telescopic_ota_ihp130_frontier_stress.yaml,telescopic_ota_ihp130,Telescopic,9,passed,0,/mnt/d/AnalogRF-IR/runs/ablations_ihp130_ota_frontier_stress_relaxed_other150_20260613/optimizer_postprocess_fallback__telescopic_ota_ihp130_frontier_stress__seed_9/iter_001/result.json,/mnt/d/AnalogRF-IR/runs/ablations_ihp130_ota_frontier_stress_relaxed_other150_20260613/optimizer_postprocess_fallback__telescopic_ota_ihp130_frontier_stress__seed_9,True,True,True,True,True,8369.718382382385,,,False,,,1,cascode_ota_op_tune,False,48.4017404,12641133.296512159,83.3198697852897,5779632.407056392,0.9577692,1.646364e-05,cascode operating-point repair required before AC metrics are reliable
optimizer_postprocess_fallback__two_stage_miller_ota_frontier_stress__seed_1,optimizer_postprocess_fallback,Optimizer + repair,postprocess_control,inputs/ota_stress/frontier/two_stage_miller_ota_frontier_stress.yaml,two_stage_miller_ota,Two-stage Miller,1,passed,0,/mnt/d/AnalogRF-IR/runs/ablations_ihp130_ota_frontier_stress_relaxed_other150_20260613/optimizer_postprocess_fallback__two_stage_miller_ota_frontier_stress__seed_1/iter_001/result.json,/mnt/d/AnalogRF-IR/runs/ablations_ihp130_ota_frontier_stress_relaxed_other150_20260613/optimizer_postprocess_fallback__two_stage_miller_ota_frontier_stress__seed_1,False,False,True,True,True,489.34346209624835,dc_gain|unity_gain_bandwidth,dc_gain|unity_gain_bandwidth|saturation_margin,False,,,0,,False,12.9911686,5474196.835874653,122.6223544894871,115570739.22698927,0.7635155999999998,0.00042762480000000004,not near-feasible; keep postprocess disabled for method cleanliness
optimizer_postprocess_fallback__telescopic_ota_ihp130_frontier_stress__seed_10,optimizer_postprocess_fallback,Optimizer + repair,postprocess_control,inputs/ota_stress/frontier/telescopic_ota_ihp130_frontier_stress.yaml,telescopic_ota_ihp130,Telescopic,10,passed,0,/mnt/d/AnalogRF-IR/runs/ablations_ihp130_ota_frontier_stress_relaxed_other150_20260613/optimizer_postprocess_fallback__telescopic_ota_ihp130_frontier_stress__seed_10/iter_001/result.json,/mnt/d/AnalogRF-IR/runs/ablations_ihp130_ota_frontier_stress_relaxed_other150_20260613/optimizer_postprocess_fallback__telescopic_ota_ihp130_frontier_stress__seed_10,True,True,True,True,True,8290.161143641553,,,False,,,1,cascode_ota_op_tune,False,48.4017404,12641133.296512159,83.3198697852897,5779632.407056392,0.9577692,1.646364e-05,cascode operating-point repair required before AC metrics are reliable
optimizer_postprocess_fallback__two_stage_miller_ota_frontier_stress__seed_3,optimizer_postprocess_fallback,Optimizer + repair,postprocess_control,inputs/ota_stress/frontier/two_stage_miller_ota_frontier_stress.yaml,two_stage_miller_ota,Two-stage Miller,3,passed,0,/mnt/d/AnalogRF-IR/runs/ablations_ihp130_ota_frontier_stress_relaxed_other150_20260613/optimizer_postprocess_fallback__two_stage_miller_ota_frontier_stress__seed_3/iter_001/result.json,/mnt/d/AnalogRF-IR/runs/ablations_ihp130_ota_frontier_stress_relaxed_other150_20260613/optimizer_postprocess_fallback__two_stage_miller_ota_frontier_stress__seed_3,False,False,True,True,True,457.41219405461754,dc_gain|unity_gain_bandwidth,dc_gain|unity_gain_bandwidth|saturation_margin,False,,,0,,False,17.7975105,17872147.735733792,108.85930467543342,157092003.7170039,0.813941,0.0006032279999999999,not near-feasible; keep postprocess disabled for method cleanliness
optimizer_postprocess_fallback__two_stage_miller_ota_frontier_stress__seed_5,optimizer_postprocess_fallback,Optimizer + repair,postprocess_control,inputs/ota_stress/frontier/two_stage_miller_ota_frontier_stress.yaml,two_stage_miller_ota,Two-stage Miller,5,passed,0,/mnt/d/AnalogRF-IR/runs/ablations_ihp130_ota_frontier_stress_relaxed_other150_20260613/optimizer_postprocess_fallback__two_stage_miller_ota_frontier_stress__seed_5/iter_001/result.json,/mnt/d/AnalogRF-IR/runs/ablations_ihp130_ota_frontier_stress_relaxed_other150_20260613/optimizer_postprocess_fallback__two_stage_miller_ota_frontier_stress__seed_5,False,False,True,True,True,511.95850666645083,dc_gain|unity_gain_bandwidth,dc_gain|unity_gain_bandwidth|saturation_margin,False,,,0,,False,15.0766576,6775647.489425501,120.86200146803594,124753254.34700438,0.7638858,0.0005877132,not near-feasible; keep postprocess disabled for method cleanliness
optimizer_postprocess_fallback__two_stage_miller_ota_frontier_stress__seed_2,optimizer_postprocess_fallback,Optimizer + repair,postprocess_control,inputs/ota_stress/frontier/two_stage_miller_ota_frontier_stress.yaml,two_stage_miller_ota,Two-stage Miller,2,passed,0,/mnt/d/AnalogRF-IR/runs/ablations_ihp130_ota_frontier_stress_relaxed_other150_20260613/optimizer_postprocess_fallback__two_stage_miller_ota_frontier_stress__seed_2/iter_001/result.json,/mnt/d/AnalogRF-IR/runs/ablations_ihp130_ota_frontier_stress_relaxed_other150_20260613/optimizer_postprocess_fallback__two_stage_miller_ota_frontier_stress__seed_2,True,True,True,True,True,2539.7237890996903,,,False,,,3,compensation_tune|initial_operating_point|stage2_balance,True,57.0398012,36709863.86543687,71.72681278567944,29886527.04277703,0.7873066,0.0003723984,near-feasible optimizer estimate
optimizer_postprocess_fallback__two_stage_miller_ota_frontier_stress__seed_7,optimizer_postprocess_fallback,Optimizer + repair,postprocess_control,inputs/ota_stress/frontier/two_stage_miller_ota_frontier_stress.yaml,two_stage_miller_ota,Two-stage Miller,7,passed,0,/mnt/d/AnalogRF-IR/runs/ablations_ihp130_ota_frontier_stress_relaxed_other150_20260613/optimizer_postprocess_fallback__two_stage_miller_ota_frontier_stress__seed_7/iter_001/result.json,/mnt/d/AnalogRF-IR/runs/ablations_ihp130_ota_frontier_stress_relaxed_other150_20260613/optimizer_postprocess_fallback__two_stage_miller_ota_frontier_stress__seed_7,False,False,True,True,True,517.9891971671941,dc_gain|unity_gain_bandwidth|output_swing,dc_gain|unity_gain_bandwidth|output_swing|saturation_margin,False,,,0,,False,15.3241103,9736845.811296424,118.55016408836113,129819426.06942533,0.7585903999999999,0.0006027659999999999,not near-feasible; keep postprocess disabled for method cleanliness
optimizer_postprocess_fallback__two_stage_miller_ota_frontier_stress__seed_4,optimizer_postprocess_fallback,Optimizer + repair,postprocess_control,inputs/ota_stress/frontier/two_stage_miller_ota_frontier_stress.yaml,two_stage_miller_ota,Two-stage Miller,4,passed,0,/mnt/d/AnalogRF-IR/runs/ablations_ihp130_ota_frontier_stress_relaxed_other150_20260613/optimizer_postprocess_fallback__two_stage_miller_ota_frontier_stress__seed_4/iter_001/result.json,/mnt/d/AnalogRF-IR/runs/ablations_ihp130_ota_frontier_stress_relaxed_other150_20260613/optimizer_postprocess_fallback__two_stage_miller_ota_frontier_stress__seed_4,True,True,True,True,True,1039.457360207461,,,False,,,3,compensation_tune|initial_operating_point|stage2_balance,True,57.0398012,36709863.86543687,71.72681278567944,29886527.04277703,0.7873066,0.0003723984,near-feasible optimizer estimate
optimizer_postprocess_fallback__two_stage_miller_ota_frontier_stress__seed_6,optimizer_postprocess_fallback,Optimizer + repair,postprocess_control,inputs/ota_stress/frontier/two_stage_miller_ota_frontier_stress.yaml,two_stage_miller_ota,Two-stage Miller,6,passed,0,/mnt/d/AnalogRF-IR/runs/ablations_ihp130_ota_frontier_stress_relaxed_other150_20260613/optimizer_postprocess_fallback__two_stage_miller_ota_frontier_stress__seed_6/iter_001/result.json,/mnt/d/AnalogRF-IR/runs/ablations_ihp130_ota_frontier_stress_relaxed_other150_20260613/optimizer_postprocess_fallback__two_stage_miller_ota_frontier_stress__seed_6,True,True,True,True,True,2340.889620088811,,,False,,,3,compensation_tune|initial_operating_point|stage2_balance,True,57.0398012,36709863.86543687,71.72681278567944,29886527.04277703,0.7873066,0.0003723984,near-feasible optimizer estimate
optimizer_postprocess_fallback__two_stage_miller_ota_frontier_stress__seed_8,optimizer_postprocess_fallback,Optimizer + repair,postprocess_control,inputs/ota_stress/frontier/two_stage_miller_ota_frontier_stress.yaml,two_stage_miller_ota,Two-stage Miller,8,passed,0,/mnt/d/AnalogRF-IR/runs/ablations_ihp130_ota_frontier_stress_relaxed_other150_20260613/optimizer_postprocess_fallback__two_stage_miller_ota_frontier_stress__seed_8/iter_001/result.json,/mnt/d/AnalogRF-IR/runs/ablations_ihp130_ota_frontier_stress_relaxed_other150_20260613/optimizer_postprocess_fallback__two_stage_miller_ota_frontier_stress__seed_8,False,False,True,True,True,414.9647707085941,dc_gain|unity_gain_bandwidth,dc_gain|unity_gain_bandwidth|saturation_margin,False,,,0,,False,14.7096317,8566680.551308412,121.8164800954061,150074141.23039144,0.7860256,0.0005977428,not near-feasible; keep postprocess disabled for method cleanliness
optimizer_postprocess_fallback__two_stage_miller_ota_frontier_stress__seed_9,optimizer_postprocess_fallback,Optimizer + repair,postprocess_control,inputs/ota_stress/frontier/two_stage_miller_ota_frontier_stress.yaml,two_stage_miller_ota,Two-stage Miller,9,passed,0,/mnt/d/AnalogRF-IR/runs/ablations_ihp130_ota_frontier_stress_relaxed_other150_20260613/optimizer_postprocess_fallback__two_stage_miller_ota_frontier_stress__seed_9/iter_001/result.json,/mnt/d/AnalogRF-IR/runs/ablations_ihp130_ota_frontier_stress_relaxed_other150_20260613/optimizer_postprocess_fallback__two_stage_miller_ota_frontier_stress__seed_9,False,False,True,True,True,675.6518938802983,dc_gain|unity_gain_bandwidth,dc_gain|unity_gain_bandwidth|saturation_margin,False,,,0,,False,17.1528791,6868642.399785428,116.56022545814437,110553071.64682162,0.7897197,0.0007136604,not near-feasible; keep postprocess disabled for method cleanliness
diagnosis_spice_postprocess_fallback__five_transistor_ota_frontier_stress__seed_1,diagnosis_spice_postprocess_fallback,Diagnosis + repair,diagnosis_control,inputs/ota_stress/frontier/five_transistor_ota_frontier_stress.yaml,five_transistor_ota,Five transistor,1,passed,0,/mnt/d/AnalogRF-IR/runs/ablations_ihp130_ota_frontier_stress_relaxed_other150_20260613/diagnosis_spice_postprocess_fallback__five_transistor_ota_frontier_stress__seed_1/iter_001/result.json,/mnt/d/AnalogRF-IR/runs/ablations_ihp130_ota_frontier_stress_relaxed_other150_20260613/diagnosis_spice_postprocess_fallback__five_transistor_ota_frontier_stress__seed_1,True,True,True,True,True,298.32847159029154,,,False,,,1,single_stage_ota_op_tune,True,27.2190356,163818240.9847723,68.04369582943487,250267311.21658328,0.9064358,0.000164496,near-feasible optimizer estimate
diagnosis_spice_postprocess_fallback__five_transistor_ota_frontier_stress__seed_2,diagnosis_spice_postprocess_fallback,Diagnosis + repair,diagnosis_control,inputs/ota_stress/frontier/five_transistor_ota_frontier_stress.yaml,five_transistor_ota,Five transistor,2,passed,0,/mnt/d/AnalogRF-IR/runs/ablations_ihp130_ota_frontier_stress_relaxed_other150_20260613/diagnosis_spice_postprocess_fallback__five_transistor_ota_frontier_stress__seed_2/iter_001/result.json,/mnt/d/AnalogRF-IR/runs/ablations_ihp130_ota_frontier_stress_relaxed_other150_20260613/diagnosis_spice_postprocess_fallback__five_transistor_ota_frontier_stress__seed_2,True,True,True,True,True,298.06865967481144,,,False,,,1,single_stage_ota_op_tune,True,27.2268925,142151441.33240727,70.51064370729179,214814512.8356874,0.9068844,0.0001347636,near-feasible optimizer estimate
diagnosis_spice_postprocess_fallback__five_transistor_ota_frontier_stress__seed_4,diagnosis_spice_postprocess_fallback,Diagnosis + repair,diagnosis_control,inputs/ota_stress/frontier/five_transistor_ota_frontier_stress.yaml,five_transistor_ota,Five transistor,4,passed,0,/mnt/d/AnalogRF-IR/runs/ablations_ihp130_ota_frontier_stress_relaxed_other150_20260613/diagnosis_spice_postprocess_fallback__five_transistor_ota_frontier_stress__seed_4/iter_001/result.json,/mnt/d/AnalogRF-IR/runs/ablations_ihp130_ota_frontier_stress_relaxed_other150_20260613/diagnosis_spice_postprocess_fallback__five_transistor_ota_frontier_stress__seed_4,True,True,True,True,True,297.0977372743713,,,False,,,1,single_stage_ota_op_tune,True,27.2592029,149286156.9575162,68.92063640906002,232419073.13511756,0.9126877,0.0001420176,near-feasible optimizer estimate
diagnosis_spice_postprocess_fallback__five_transistor_ota_frontier_stress__seed_5,diagnosis_spice_postprocess_fallback,Diagnosis + repair,diagnosis_control,inputs/ota_stress/frontier/five_transistor_ota_frontier_stress.yaml,five_transistor_ota,Five transistor,5,passed,0,/mnt/d/AnalogRF-IR/runs/ablations_ihp130_ota_frontier_stress_relaxed_other150_20260613/diagnosis_spice_postprocess_fallback__five_transistor_ota_frontier_stress__seed_5/iter_001/result.json,/mnt/d/AnalogRF-IR/runs/ablations_ihp130_ota_frontier_stress_relaxed_other150_20260613/diagnosis_spice_postprocess_fallback__five_transistor_ota_frontier_stress__seed_5,True,True,True,True,True,302.6432529233681,,,False,,,1,single_stage_ota_op_tune,True,27.0953862,157654810.30305105,69.69278626119295,234692695.0384106,0.8834597000000001,0.000146916,near-feasible optimizer estimate
optimizer_postprocess_fallback__two_stage_miller_ota_frontier_stress__seed_10,optimizer_postprocess_fallback,Optimizer + repair,postprocess_control,inputs/ota_stress/frontier/two_stage_miller_ota_frontier_stress.yaml,two_stage_miller_ota,Two-stage Miller,10,passed,0,/mnt/d/AnalogRF-IR/runs/ablations_ihp130_ota_frontier_stress_relaxed_other150_20260613/optimizer_postprocess_fallback__two_stage_miller_ota_frontier_stress__seed_10/iter_001/result.json,/mnt/d/AnalogRF-IR/runs/ablations_ihp130_ota_frontier_stress_relaxed_other150_20260613/optimizer_postprocess_fallback__two_stage_miller_ota_frontier_stress__seed_10,True,True,True,True,True,1585.1365875984632,,,False,,,3,compensation_tune|initial_operating_point|stage2_balance,True,57.0398012,36709863.86543687,71.72681278567944,29886527.04277703,0.7873066,0.0003723984,near-feasible optimizer estimate
diagnosis_spice_postprocess_fallback__five_transistor_ota_frontier_stress__seed_3,diagnosis_spice_postprocess_fallback,Diagnosis + repair,diagnosis_control,inputs/ota_stress/frontier/five_transistor_ota_frontier_stress.yaml,five_transistor_ota,Five transistor,3,passed,0,/mnt/d/AnalogRF-IR/runs/ablations_ihp130_ota_frontier_stress_relaxed_other150_20260613/diagnosis_spice_postprocess_fallback__five_transistor_ota_frontier_stress__seed_3/iter_002/result.json,/mnt/d/AnalogRF-IR/runs/ablations_ihp130_ota_frontier_stress_relaxed_other150_20260613/diagnosis_spice_postprocess_fallback__five_transistor_ota_frontier_stress__seed_3,True,True,True,True,True,304.3565700467593,,,False,skipped,Close repair-sensitive failure; postprocess fallback is preferred before,1,single_stage_ota_op_tune,True,27.2107866,93387726.3531416,74.57587033894394,74720338.3905471,0.9060787,6.955763999999999e-05,ngspice-measured near-feasible fallback
diagnosis_spice_postprocess_fallback__five_transistor_ota_frontier_stress__seed_6,diagnosis_spice_postprocess_fallback,Diagnosis + repair,diagnosis_control,inputs/ota_stress/frontier/five_transistor_ota_frontier_stress.yaml,five_transistor_ota,Five transistor,6,passed,0,/mnt/d/AnalogRF-IR/runs/ablations_ihp130_ota_frontier_stress_relaxed_other150_20260613/diagnosis_spice_postprocess_fallback__five_transistor_ota_frontier_stress__seed_6/iter_002/result.json,/mnt/d/AnalogRF-IR/runs/ablations_ihp130_ota_frontier_stress_relaxed_other150_20260613/diagnosis_spice_postprocess_fallback__five_transistor_ota_frontier_stress__seed_6,True,True,True,True,True,350.5586045973498,,,False,skipped,Close repair-sensitive failure; postprocess fallback is preferred before,1,single_stage_ota_op_tune,True,27.1841816,97584902.66035196,75.4560025111436,76645456.28018023,0.9024283,7.771667999999999e-05,stagnation fallback requested by adaptive agent loop
diagnosis_spice_postprocess_fallback__five_transistor_ota_frontier_stress__seed_8,diagnosis_spice_postprocess_fallback,Diagnosis + repair,diagnosis_control,inputs/ota_stress/frontier/five_transistor_ota_frontier_stress.yaml,five_transistor_ota,Five transistor,8,passed,0,/mnt/d/AnalogRF-IR/runs/ablations_ihp130_ota_frontier_stress_relaxed_other150_20260613/diagnosis_spice_postprocess_fallback__five_transistor_ota_frontier_stress__seed_8/iter_001/result.json,/mnt/d/AnalogRF-IR/runs/ablations_ihp130_ota_frontier_stress_relaxed_other150_20260613/diagnosis_spice_postprocess_fallback__five_transistor_ota_frontier_stress__seed_8,True,True,True,True,True,297.8735720599959,,,False,,,1,single_stage_ota_op_tune,True,27.1697377,144438737.10308343,70.79123103079769,218107123.04910722,0.8961707999999999,0.0001352916,near-feasible optimizer estimate
diagnosis_spice_postprocess_fallback__five_transistor_ota_frontier_stress__seed_9,diagnosis_spice_postprocess_fallback,Diagnosis + repair,diagnosis_control,inputs/ota_stress/frontier/five_transistor_ota_frontier_stress.yaml,five_transistor_ota,Five transistor,9,passed,0,/mnt/d/AnalogRF-IR/runs/ablations_ihp130_ota_frontier_stress_relaxed_other150_20260613/diagnosis_spice_postprocess_fallback__five_transistor_ota_frontier_stress__seed_9/iter_002/result.json,/mnt/d/AnalogRF-IR/runs/ablations_ihp130_ota_frontier_stress_relaxed_other150_20260613/diagnosis_spice_postprocess_fallback__five_transistor_ota_frontier_stress__seed_9,False,False,True,True,True,336.3596441867105,slew_rate,slew_rate,False,fallback|skipped,Close repair-sensitive failure; postprocess fallback is preferred before | deterministic provider requested,1,single_stage_ota_op_tune,False,27.5190481,80432763.0600235,74.09328764250932,59039580.13296246,0.9359054,5.627712e-05,ngspice-measured saturation-only fallback
diagnosis_spice_postprocess_fallback__five_transistor_ota_frontier_stress__seed_7,diagnosis_spice_postprocess_fallback,Diagnosis + repair,diagnosis_control,inputs/ota_stress/frontier/five_transistor_ota_frontier_stress.yaml,five_transistor_ota,Five transistor,7,passed,0,/mnt/d/AnalogRF-IR/runs/ablations_ihp130_ota_frontier_stress_relaxed_other150_20260613/diagnosis_spice_postprocess_fallback__five_transistor_ota_frontier_stress__seed_7/iter_002/result.json,/mnt/d/AnalogRF-IR/runs/ablations_ihp130_ota_frontier_stress_relaxed_other150_20260613/diagnosis_spice_postprocess_fallback__five_transistor_ota_frontier_stress__seed_7,False,False,True,True,True,322.58816553607096,slew_rate,slew_rate,False,fallback|skipped,Close repair-sensitive failure; postprocess fallback is preferred before | deterministic provider requested,1,single_stage_ota_op_tune,False,27.3827493,78205437.43138847,75.19376273579682,66347438.79996672,0.9230060999999999,5.418492e-05,ngspice-measured near-feasible fallback
diagnosis_spice_postprocess_fallback__current_mirror_ota_ihp130_frontier_stress__seed_1,diagnosis_spice_postprocess_fallback,Diagnosis + repair,diagnosis_control,inputs/ota_stress/frontier/current_mirror_ota_ihp130_frontier_stress.yaml,current_mirror_ota_ihp130,Current mirror,1,passed,0,/mnt/d/AnalogRF-IR/runs/ablations_ihp130_ota_frontier_stress_relaxed_other150_20260613/diagnosis_spice_postprocess_fallback__current_mirror_ota_ihp130_frontier_stress__seed_1/iter_002/result.json,/mnt/d/AnalogRF-IR/runs/ablations_ihp130_ota_frontier_stress_relaxed_other150_20260613/diagnosis_spice_postprocess_fallback__current_mirror_ota_ihp130_frontier_stress__seed_1,True,True,True,True,True,251.57548496595956,,,False,skipped,Close repair-sensitive failure; postprocess fallback is preferred before,1,current_mirror_ota_op_tune,True,29.1634642,47396239.1743235,62.96252368227786,51508960.51538853,0.8868204999999999,7.599924e-05,stagnation fallback requested by adaptive agent loop
diagnosis_spice_postprocess_fallback__five_transistor_ota_frontier_stress__seed_10,diagnosis_spice_postprocess_fallback,Diagnosis + repair,diagnosis_control,inputs/ota_stress/frontier/five_transistor_ota_frontier_stress.yaml,five_transistor_ota,Five transistor,10,passed,0,/mnt/d/AnalogRF-IR/runs/ablations_ihp130_ota_frontier_stress_relaxed_other150_20260613/diagnosis_spice_postprocess_fallback__five_transistor_ota_frontier_stress__seed_10/iter_001/result.json,/mnt/d/AnalogRF-IR/runs/ablations_ihp130_ota_frontier_stress_relaxed_other150_20260613/diagnosis_spice_postprocess_fallback__five_transistor_ota_frontier_stress__seed_10,False,False,True,True,True,299.03833708942614,dc_gain,dc_gain|saturation_margin,False,skipped,Close repair-sensitive failure; postprocess fallback is preferred before | Constrained optimizer selected admissible actions; LLM request was unnecessary,1,single_stage_ota_op_tune,False,24.8997345,185272538.68755978,80.27504389098928,150007906.44800603,0.8889314999999999,0.00018296039999999997,not near-feasible; keep postprocess disabled for method cleanliness
diagnosis_spice_postprocess_fallback__current_mirror_ota_ihp130_frontier_stress__seed_3,diagnosis_spice_postprocess_fallback,Diagnosis + repair,diagnosis_control,inputs/ota_stress/frontier/current_mirror_ota_ihp130_frontier_stress.yaml,current_mirror_ota_ihp130,Current mirror,3,passed,0,/mnt/d/AnalogRF-IR/runs/ablations_ihp130_ota_frontier_stress_relaxed_other150_20260613/diagnosis_spice_postprocess_fallback__current_mirror_ota_ihp130_frontier_stress__seed_3/iter_002/result.json,/mnt/d/AnalogRF-IR/runs/ablations_ihp130_ota_frontier_stress_relaxed_other150_20260613/diagnosis_spice_postprocess_fallback__current_mirror_ota_ihp130_frontier_stress__seed_3,False,False,True,True,True,218.62838059678273,unity_gain_bandwidth|slew_rate,unity_gain_bandwidth|slew_rate,False,skipped,Close repair-sensitive failure; postprocess fallback is preferred before | Constrained optimizer selected admissible actions; LLM request was unnecessary,1,current_mirror_ota_op_tune,False,29.304788,17576152.242474895,69.56109650613742,11319957.245259771,0.9427023999999999,1.47894e-05,stagnation fallback requested by adaptive agent loop
diagnosis_spice_postprocess_fallback__current_mirror_ota_ihp130_frontier_stress__seed_2,diagnosis_spice_postprocess_fallback,Diagnosis + repair,diagnosis_control,inputs/ota_stress/frontier/current_mirror_ota_ihp130_frontier_stress.yaml,current_mirror_ota_ihp130,Current mirror,2,passed,0,/mnt/d/AnalogRF-IR/runs/ablations_ihp130_ota_frontier_stress_relaxed_other150_20260613/diagnosis_spice_postprocess_fallback__current_mirror_ota_ihp130_frontier_stress__seed_2/iter_004/result.json,/mnt/d/AnalogRF-IR/runs/ablations_ihp130_ota_frontier_stress_relaxed_other150_20260613/diagnosis_spice_postprocess_fallback__current_mirror_ota_ihp130_frontier_stress__seed_2,False,False,True,True,True,169.54701455620582,unity_gain_bandwidth|slew_rate,unity_gain_bandwidth|slew_rate,False,skipped,Close repair-sensitive failure; postprocess fallback is preferred before | Constrained optimizer selected admissible actions; LLM request was unnecessary,1,current_mirror_ota_op_tune,False,29.5473772,31012422.92475668,64.7730964743587,28463496.42112726,0.9473327,4.352664e-05,ngspice-measured saturation-only fallback
diagnosis_spice_postprocess_fallback__current_mirror_ota_ihp130_frontier_stress__seed_4,diagnosis_spice_postprocess_fallback,Diagnosis + repair,diagnosis_control,inputs/ota_stress/frontier/current_mirror_ota_ihp130_frontier_stress.yaml,current_mirror_ota_ihp130,Current mirror,4,passed,0,/mnt/d/AnalogRF-IR/runs/ablations_ihp130_ota_frontier_stress_relaxed_other150_20260613/diagnosis_spice_postprocess_fallback__current_mirror_ota_ihp130_frontier_stress__seed_4/iter_004/result.json,/mnt/d/AnalogRF-IR/runs/ablations_ihp130_ota_frontier_stress_relaxed_other150_20260613/diagnosis_spice_postprocess_fallback__current_mirror_ota_ihp130_frontier_stress__seed_4,False,False,True,True,True,118.29958775829505,unity_gain_bandwidth|slew_rate,unity_gain_bandwidth|slew_rate,False,skipped,Constrained optimizer selected admissible actions; LLM request was unnecessary,2,current_mirror_ota_op_tune,False,29.4175205,28332588.243846614,67.77726694378711,33378200.6452948,0.8764832999999999,5.0545559999999997e-05,ngspice-measured near-feasible fallback
diagnosis_spice_postprocess_fallback__current_mirror_ota_ihp130_frontier_stress__seed_5,diagnosis_spice_postprocess_fallback,Diagnosis + repair,diagnosis_control,inputs/ota_stress/frontier/current_mirror_ota_ihp130_frontier_stress.yaml,current_mirror_ota_ihp130,Current mirror,5,passed,0,/mnt/d/AnalogRF-IR/runs/ablations_ihp130_ota_frontier_stress_relaxed_other150_20260613/diagnosis_spice_postprocess_fallback__current_mirror_ota_ihp130_frontier_stress__seed_5/iter_004/result.json,/mnt/d/AnalogRF-IR/runs/ablations_ihp130_ota_frontier_stress_relaxed_other150_20260613/diagnosis_spice_postprocess_fallback__current_mirror_ota_ihp130_frontier_stress__seed_5,True,True,True,True,True,198.63558318707226,,,False,skipped,Constrained optimizer selected admissible actions; LLM request was unnecessary,2,current_mirror_ota_op_tune,True,29.0994631,38853435.84733567,65.59736526892341,40781233.60935827,0.8708258999999998,5.774784e-05,stagnation fallback requested by adaptive agent loop
diagnosis_spice_postprocess_fallback__current_mirror_ota_ihp130_frontier_stress__seed_7,diagnosis_spice_postprocess_fallback,Diagnosis + repair,diagnosis_control,inputs/ota_stress/frontier/current_mirror_ota_ihp130_frontier_stress.yaml,current_mirror_ota_ihp130,Current mirror,7,passed,0,/mnt/d/AnalogRF-IR/runs/ablations_ihp130_ota_frontier_stress_relaxed_other150_20260613/diagnosis_spice_postprocess_fallback__current_mirror_ota_ihp130_frontier_stress__seed_7/iter_002/result.json,/mnt/d/AnalogRF-IR/runs/ablations_ihp130_ota_frontier_stress_relaxed_other150_20260613/diagnosis_spice_postprocess_fallback__current_mirror_ota_ihp130_frontier_stress__seed_7,False,False,True,True,True,207.2241780063654,unity_gain_bandwidth|slew_rate,unity_gain_bandwidth|slew_rate,False,skipped,Close repair-sensitive failure; postprocess fallback is preferred before | Constrained optimizer selected admissible actions; LLM request was unnecessary,1,current_mirror_ota_op_tune,False,29.4939918,27228092.415907536,65.78610832487092,28351133.239029024,0.9258298999999999,4.119036e-05,stagnation fallback requested by adaptive agent loop
diagnosis_spice_postprocess_fallback__current_mirror_ota_ihp130_frontier_stress__seed_6,diagnosis_spice_postprocess_fallback,Diagnosis + repair,diagnosis_control,inputs/ota_stress/frontier/current_mirror_ota_ihp130_frontier_stress.yaml,current_mirror_ota_ihp130,Current mirror,6,passed,0,/mnt/d/AnalogRF-IR/runs/ablations_ihp130_ota_frontier_stress_relaxed_other150_20260613/diagnosis_spice_postprocess_fallback__current_mirror_ota_ihp130_frontier_stress__seed_6/iter_008/result.json,/mnt/d/AnalogRF-IR/runs/ablations_ihp130_ota_frontier_stress_relaxed_other150_20260613/diagnosis_spice_postprocess_fallback__current_mirror_ota_ihp130_frontier_stress__seed_6,True,True,True,True,True,145.05913359365795,,,False,skipped,Constrained optimizer selected admissible actions; LLM request was unnecessary,2,current_mirror_ota_op_tune,True,29.1609067,36518775.673936166,67.07884623616741,41152238.26628771,0.8544519,5.9590559999999995e-05,ngspice-measured near-feasible fallback
diagnosis_spice_postprocess_fallback__current_mirror_ota_ihp130_frontier_stress__seed_8,diagnosis_spice_postprocess_fallback,Diagnosis + repair,diagnosis_control,inputs/ota_stress/frontier/current_mirror_ota_ihp130_frontier_stress.yaml,current_mirror_ota_ihp130,Current mirror,8,passed,0,/mnt/d/AnalogRF-IR/runs/ablations_ihp130_ota_frontier_stress_relaxed_other150_20260613/diagnosis_spice_postprocess_fallback__current_mirror_ota_ihp130_frontier_stress__seed_8/iter_004/result.json,/mnt/d/AnalogRF-IR/runs/ablations_ihp130_ota_frontier_stress_relaxed_other150_20260613/diagnosis_spice_postprocess_fallback__current_mirror_ota_ihp130_frontier_stress__seed_8,False,False,True,True,True,176.2175071371706,dc_gain,dc_gain,False,skipped,Close repair-sensitive failure; postprocess fallback is preferred before | Constrained optimizer selected admissible actions; LLM request was unnecessary,2,current_mirror_ota_op_tune,False,28.0849653,37032268.4188016,70.07374225864582,42561229.47692969,0.8768422999999999,6.307499999999999e-05,ngspice-measured near-feasible fallback
diagnosis_spice_postprocess_fallback__current_mirror_ota_ihp130_frontier_stress__seed_9,diagnosis_spice_postprocess_fallback,Diagnosis + repair,diagnosis_control,inputs/ota_stress/frontier/current_mirror_ota_ihp130_frontier_stress.yaml,current_mirror_ota_ihp130,Current mirror,9,passed,0,/mnt/d/AnalogRF-IR/runs/ablations_ihp130_ota_frontier_stress_relaxed_other150_20260613/diagnosis_spice_postprocess_fallback__current_mirror_ota_ihp130_frontier_stress__seed_9/iter_002/result.json,/mnt/d/AnalogRF-IR/runs/ablations_ihp130_ota_frontier_stress_relaxed_other150_20260613/diagnosis_spice_postprocess_fallback__current_mirror_ota_ihp130_frontier_stress__seed_9,False,False,True,True,True,223.26063407568626,unity_gain_bandwidth,unity_gain_bandwidth,False,skipped,Close repair-sensitive failure; postprocess fallback is preferred before | Constrained optimizer selected admissible actions; LLM request was unnecessary,2,current_mirror_ota_op_tune,False,29.5137,34351939.189274274,65.18316784620465,39212033.31373056,0.9154007,6.26388e-05,ngspice-measured saturation-only fallback
diagnosis_spice_postprocess_fallback__current_mirror_ota_ihp130_frontier_stress__seed_10,diagnosis_spice_postprocess_fallback,Diagnosis + repair,diagnosis_control,inputs/ota_stress/frontier/current_mirror_ota_ihp130_frontier_stress.yaml,current_mirror_ota_ihp130,Current mirror,10,passed,0,/mnt/d/AnalogRF-IR/runs/ablations_ihp130_ota_frontier_stress_relaxed_other150_20260613/diagnosis_spice_postprocess_fallback__current_mirror_ota_ihp130_frontier_stress__seed_10/iter_003/result.json,/mnt/d/AnalogRF-IR/runs/ablations_ihp130_ota_frontier_stress_relaxed_other150_20260613/diagnosis_spice_postprocess_fallback__current_mirror_ota_ihp130_frontier_stress__seed_10,True,False,True,True,True,115.07854942393925,,saturation_margin,False,fallback|skipped,Constrained optimizer selected admissible actions; LLM request was unnecessary | deterministic provider requested,3,current_mirror_ota_op_tune,False,29.3883611,43763846.05617194,64.56990324055833,55079785.6700103,0.8772040000000001,9.162972e-05,stagnation fallback requested by adaptive agent loop
diagnosis_spice_postprocess_fallback__folded_cascode_ota_ihp130_frontier_stress__seed_2,diagnosis_spice_postprocess_fallback,Diagnosis + repair,diagnosis_control,inputs/ota_stress/frontier/folded_cascode_ota_ihp130_frontier_stress.yaml,folded_cascode_ota_ihp130,Folded cascode,2,passed,0,/mnt/d/AnalogRF-IR/runs/ablations_ihp130_ota_frontier_stress_relaxed_other150_20260613/diagnosis_spice_postprocess_fallback__folded_cascode_ota_ihp130_frontier_stress__seed_2/iter_002/result.json,/mnt/d/AnalogRF-IR/runs/ablations_ihp130_ota_frontier_stress_relaxed_other150_20260613/diagnosis_spice_postprocess_fallback__folded_cascode_ota_ihp130_frontier_stress__seed_2,False,False,True,True,True,5705.90170536914,dc_gain,dc_gain|saturation_margin,False,skipped,Constrained optimizer selected admissible actions; LLM request was unnecessary,3,cascode_ota_op_tune,False,45.4103718,40369576.98178846,79.69556974260405,20255089.109929346,0.9548026999999999,2.6032679999999998e-05,ngspice-measured cascode saturation repair
diagnosis_spice_postprocess_fallback__folded_cascode_ota_ihp130_frontier_stress__seed_1,diagnosis_spice_postprocess_fallback,Diagnosis + repair,diagnosis_control,inputs/ota_stress/frontier/folded_cascode_ota_ihp130_frontier_stress.yaml,folded_cascode_ota_ihp130,Folded cascode,1,passed,0,/mnt/d/AnalogRF-IR/runs/ablations_ihp130_ota_frontier_stress_relaxed_other150_20260613/diagnosis_spice_postprocess_fallback__folded_cascode_ota_ihp130_frontier_stress__seed_1/iter_001/result.json,/mnt/d/AnalogRF-IR/runs/ablations_ihp130_ota_frontier_stress_relaxed_other150_20260613/diagnosis_spice_postprocess_fallback__folded_cascode_ota_ihp130_frontier_stress__seed_1,False,False,True,True,True,5707.865012634392,dc_gain,dc_gain|saturation_margin,False,skipped,Constrained optimizer selected admissible actions; LLM request was unnecessary,3,cascode_ota_op_tune,False,45.4103718,40369576.98178846,79.69556974260405,20255089.109929346,0.9548026999999999,2.6032679999999998e-05,ngspice-measured cascode saturation repair
diagnosis_spice_postprocess_fallback__folded_cascode_ota_ihp130_frontier_stress__seed_3,diagnosis_spice_postprocess_fallback,Diagnosis + repair,diagnosis_control,inputs/ota_stress/frontier/folded_cascode_ota_ihp130_frontier_stress.yaml,folded_cascode_ota_ihp130,Folded cascode,3,passed,0,/mnt/d/AnalogRF-IR/runs/ablations_ihp130_ota_frontier_stress_relaxed_other150_20260613/diagnosis_spice_postprocess_fallback__folded_cascode_ota_ihp130_frontier_stress__seed_3/iter_003/result.json,/mnt/d/AnalogRF-IR/runs/ablations_ihp130_ota_frontier_stress_relaxed_other150_20260613/diagnosis_spice_postprocess_fallback__folded_cascode_ota_ihp130_frontier_stress__seed_3,False,False,True,True,True,5704.3842569103945,dc_gain,dc_gain|saturation_margin,False,skipped,Constrained optimizer selected admissible actions; LLM request was unnecessary,3,cascode_ota_op_tune,False,45.4103718,40369576.98178846,79.69556974260405,20255089.109929346,0.9548026999999999,2.6032679999999998e-05,ngspice-measured cascode saturation repair
diagnosis_spice_postprocess_fallback__folded_cascode_ota_ihp130_frontier_stress__seed_4,diagnosis_spice_postprocess_fallback,Diagnosis + repair,diagnosis_control,inputs/ota_stress/frontier/folded_cascode_ota_ihp130_frontier_stress.yaml,folded_cascode_ota_ihp130,Folded cascode,4,passed,0,/mnt/d/AnalogRF-IR/runs/ablations_ihp130_ota_frontier_stress_relaxed_other150_20260613/diagnosis_spice_postprocess_fallback__folded_cascode_ota_ihp130_frontier_stress__seed_4/iter_001/result.json,/mnt/d/AnalogRF-IR/runs/ablations_ihp130_ota_frontier_stress_relaxed_other150_20260613/diagnosis_spice_postprocess_fallback__folded_cascode_ota_ihp130_frontier_stress__seed_4,False,False,True,True,True,5750.338500671878,dc_gain,dc_gain|saturation_margin,False,skipped,Constrained optimizer selected admissible actions; LLM request was unnecessary,3,cascode_ota_op_tune,False,45.4103718,40369576.98178846,79.69556974260405,20255089.109929346,0.9548026999999999,2.6032679999999998e-05,ngspice-measured cascode saturation repair
diagnosis_spice_postprocess_fallback__folded_cascode_ota_ihp130_frontier_stress__seed_5,diagnosis_spice_postprocess_fallback,Diagnosis + repair,diagnosis_control,inputs/ota_stress/frontier/folded_cascode_ota_ihp130_frontier_stress.yaml,folded_cascode_ota_ihp130,Folded cascode,5,passed,0,/mnt/d/AnalogRF-IR/runs/ablations_ihp130_ota_frontier_stress_relaxed_other150_20260613/diagnosis_spice_postprocess_fallback__folded_cascode_ota_ihp130_frontier_stress__seed_5/iter_001/result.json,/mnt/d/AnalogRF-IR/runs/ablations_ihp130_ota_frontier_stress_relaxed_other150_20260613/diagnosis_spice_postprocess_fallback__folded_cascode_ota_ihp130_frontier_stress__seed_5,False,False,True,True,True,5704.98321900534,dc_gain,dc_gain|saturation_margin,False,skipped,Constrained optimizer selected admissible actions; LLM request was unnecessary,3,cascode_ota_op_tune,False,45.4103718,40369576.98178846,79.69556974260405,20255089.109929346,0.9548026999999999,2.6032679999999998e-05,ngspice-measured cascode saturation repair
diagnosis_spice_postprocess_fallback__folded_cascode_ota_ihp130_frontier_stress__seed_7,diagnosis_spice_postprocess_fallback,Diagnosis + repair,diagnosis_control,inputs/ota_stress/frontier/folded_cascode_ota_ihp130_frontier_stress.yaml,folded_cascode_ota_ihp130,Folded cascode,7,passed,0,/mnt/d/AnalogRF-IR/runs/ablations_ihp130_ota_frontier_stress_relaxed_other150_20260613/diagnosis_spice_postprocess_fallback__folded_cascode_ota_ihp130_frontier_stress__seed_7/iter_002/result.json,/mnt/d/AnalogRF-IR/runs/ablations_ihp130_ota_frontier_stress_relaxed_other150_20260613/diagnosis_spice_postprocess_fallback__folded_cascode_ota_ihp130_frontier_stress__seed_7,False,False,True,True,True,5707.027530365529,dc_gain,dc_gain|saturation_margin,False,skipped,Constrained optimizer selected admissible actions; LLM request was unnecessary,3,cascode_ota_op_tune,False,45.4103718,40369576.98178846,79.69556974260405,20255089.109929346,0.9548026999999999,2.6032679999999998e-05,ngspice-measured cascode saturation repair
diagnosis_spice_postprocess_fallback__folded_cascode_ota_ihp130_frontier_stress__seed_6,diagnosis_spice_postprocess_fallback,Diagnosis + repair,diagnosis_control,inputs/ota_stress/frontier/folded_cascode_ota_ihp130_frontier_stress.yaml,folded_cascode_ota_ihp130,Folded cascode,6,passed,0,/mnt/d/AnalogRF-IR/runs/ablations_ihp130_ota_frontier_stress_relaxed_other150_20260613/diagnosis_spice_postprocess_fallback__folded_cascode_ota_ihp130_frontier_stress__seed_6/iter_004/result.json,/mnt/d/AnalogRF-IR/runs/ablations_ihp130_ota_frontier_stress_relaxed_other150_20260613/diagnosis_spice_postprocess_fallback__folded_cascode_ota_ihp130_frontier_stress__seed_6,True,True,True,True,True,5777.125977978175,,,False,skipped,Close repair-sensitive failure; postprocess fallback is preferred before | Constrained optimizer selected admissible actions; LLM request was unnecessary,4,cascode_ota_op_tune,False,45.8474453,33319354.183798745,81.13543945072121,16153745.84937229,0.9594758000000001,2.07e-05,cascode operating-point repair required before AC metrics are reliable
diagnosis_spice_postprocess_fallback__telescopic_ota_ihp130_frontier_stress__seed_1,diagnosis_spice_postprocess_fallback,Diagnosis + repair,diagnosis_control,inputs/ota_stress/frontier/telescopic_ota_ihp130_frontier_stress.yaml,telescopic_ota_ihp130,Telescopic,1,passed,0,/mnt/d/AnalogRF-IR/runs/ablations_ihp130_ota_frontier_stress_relaxed_other150_20260613/diagnosis_spice_postprocess_fallback__telescopic_ota_ihp130_frontier_stress__seed_1/iter_001/result.json,/mnt/d/AnalogRF-IR/runs/ablations_ihp130_ota_frontier_stress_relaxed_other150_20260613/diagnosis_spice_postprocess_fallback__telescopic_ota_ihp130_frontier_stress__seed_1,True,True,True,True,True,8249.470622856134,,,False,,,1,cascode_ota_op_tune,False,48.4017404,12641133.296512159,83.3198697852897,5779632.407056392,0.9577692,1.646364e-05,cascode operating-point repair required before AC metrics are reliable
diagnosis_spice_postprocess_fallback__telescopic_ota_ihp130_frontier_stress__seed_2,diagnosis_spice_postprocess_fallback,Diagnosis + repair,diagnosis_control,inputs/ota_stress/frontier/telescopic_ota_ihp130_frontier_stress.yaml,telescopic_ota_ihp130,Telescopic,2,passed,0,/mnt/d/AnalogRF-IR/runs/ablations_ihp130_ota_frontier_stress_relaxed_other150_20260613/diagnosis_spice_postprocess_fallback__telescopic_ota_ihp130_frontier_stress__seed_2/iter_001/result.json,/mnt/d/AnalogRF-IR/runs/ablations_ihp130_ota_frontier_stress_relaxed_other150_20260613/diagnosis_spice_postprocess_fallback__telescopic_ota_ihp130_frontier_stress__seed_2,True,True,True,True,True,8439.83970303998,,,False,,,1,cascode_ota_op_tune,False,48.4017404,12641133.296512159,83.3198697852897,5779632.407056392,0.9577692,1.646364e-05,cascode operating-point repair required before AC metrics are reliable
diagnosis_spice_postprocess_fallback__folded_cascode_ota_ihp130_frontier_stress__seed_8,diagnosis_spice_postprocess_fallback,Diagnosis + repair,diagnosis_control,inputs/ota_stress/frontier/folded_cascode_ota_ihp130_frontier_stress.yaml,folded_cascode_ota_ihp130,Folded cascode,8,passed,0,/mnt/d/AnalogRF-IR/runs/ablations_ihp130_ota_frontier_stress_relaxed_other150_20260613/diagnosis_spice_postprocess_fallback__folded_cascode_ota_ihp130_frontier_stress__seed_8/iter_001/result.json,/mnt/d/AnalogRF-IR/runs/ablations_ihp130_ota_frontier_stress_relaxed_other150_20260613/diagnosis_spice_postprocess_fallback__folded_cascode_ota_ihp130_frontier_stress__seed_8,False,False,True,True,True,5783.501740428066,dc_gain,dc_gain|saturation_margin,False,skipped,Constrained optimizer selected admissible actions; LLM request was unnecessary,3,cascode_ota_op_tune,False,45.4103718,40369576.98178846,79.69556974260405,20255089.109929346,0.9548026999999999,2.6032679999999998e-05,ngspice-measured cascode saturation repair
diagnosis_spice_postprocess_fallback__telescopic_ota_ihp130_frontier_stress__seed_3,diagnosis_spice_postprocess_fallback,Diagnosis + repair,diagnosis_control,inputs/ota_stress/frontier/telescopic_ota_ihp130_frontier_stress.yaml,telescopic_ota_ihp130,Telescopic,3,passed,0,/mnt/d/AnalogRF-IR/runs/ablations_ihp130_ota_frontier_stress_relaxed_other150_20260613/diagnosis_spice_postprocess_fallback__telescopic_ota_ihp130_frontier_stress__seed_3/iter_001/result.json,/mnt/d/AnalogRF-IR/runs/ablations_ihp130_ota_frontier_stress_relaxed_other150_20260613/diagnosis_spice_postprocess_fallback__telescopic_ota_ihp130_frontier_stress__seed_3,True,True,True,True,True,8195.671507150513,,,False,,,1,cascode_ota_op_tune,False,48.4017404,12641133.296512159,83.3198697852897,5779632.407056392,0.9577692,1.646364e-05,cascode operating-point repair required before AC metrics are reliable
diagnosis_spice_postprocess_fallback__telescopic_ota_ihp130_frontier_stress__seed_4,diagnosis_spice_postprocess_fallback,Diagnosis + repair,diagnosis_control,inputs/ota_stress/frontier/telescopic_ota_ihp130_frontier_stress.yaml,telescopic_ota_ihp130,Telescopic,4,passed,0,/mnt/d/AnalogRF-IR/runs/ablations_ihp130_ota_frontier_stress_relaxed_other150_20260613/diagnosis_spice_postprocess_fallback__telescopic_ota_ihp130_frontier_stress__seed_4/iter_001/result.json,/mnt/d/AnalogRF-IR/runs/ablations_ihp130_ota_frontier_stress_relaxed_other150_20260613/diagnosis_spice_postprocess_fallback__telescopic_ota_ihp130_frontier_stress__seed_4,True,True,True,True,True,8237.146427299673,,,False,,,1,cascode_ota_op_tune,False,48.4017404,12641133.296512159,83.3198697852897,5779632.407056392,0.9577692,1.646364e-05,cascode operating-point repair required before AC metrics are reliable
diagnosis_spice_postprocess_fallback__telescopic_ota_ihp130_frontier_stress__seed_5,diagnosis_spice_postprocess_fallback,Diagnosis + repair,diagnosis_control,inputs/ota_stress/frontier/telescopic_ota_ihp130_frontier_stress.yaml,telescopic_ota_ihp130,Telescopic,5,passed,0,/mnt/d/AnalogRF-IR/runs/ablations_ihp130_ota_frontier_stress_relaxed_other150_20260613/diagnosis_spice_postprocess_fallback__telescopic_ota_ihp130_frontier_stress__seed_5/iter_001/result.json,/mnt/d/AnalogRF-IR/runs/ablations_ihp130_ota_frontier_stress_relaxed_other150_20260613/diagnosis_spice_postprocess_fallback__telescopic_ota_ihp130_frontier_stress__seed_5,True,True,True,True,True,8238.35501119676,,,False,,,1,cascode_ota_op_tune,False,48.4017404,12641133.296512159,83.3198697852897,5779632.407056392,0.9577692,1.646364e-05,cascode operating-point repair required before AC metrics are reliable
diagnosis_spice_postprocess_fallback__telescopic_ota_ihp130_frontier_stress__seed_6,diagnosis_spice_postprocess_fallback,Diagnosis + repair,diagnosis_control,inputs/ota_stress/frontier/telescopic_ota_ihp130_frontier_stress.yaml,telescopic_ota_ihp130,Telescopic,6,passed,0,/mnt/d/AnalogRF-IR/runs/ablations_ihp130_ota_frontier_stress_relaxed_other150_20260613/diagnosis_spice_postprocess_fallback__telescopic_ota_ihp130_frontier_stress__seed_6/iter_001/result.json,/mnt/d/AnalogRF-IR/runs/ablations_ihp130_ota_frontier_stress_relaxed_other150_20260613/diagnosis_spice_postprocess_fallback__telescopic_ota_ihp130_frontier_stress__seed_6,True,True,True,True,True,8184.033780698767,,,False,,,1,cascode_ota_op_tune,False,48.4017404,12641133.296512159,83.3198697852897,5779632.407056392,0.9577692,1.646364e-05,cascode operating-point repair required before AC metrics are reliable
diagnosis_spice_postprocess_fallback__telescopic_ota_ihp130_frontier_stress__seed_7,diagnosis_spice_postprocess_fallback,Diagnosis + repair,diagnosis_control,inputs/ota_stress/frontier/telescopic_ota_ihp130_frontier_stress.yaml,telescopic_ota_ihp130,Telescopic,7,passed,0,/mnt/d/AnalogRF-IR/runs/ablations_ihp130_ota_frontier_stress_relaxed_other150_20260613/diagnosis_spice_postprocess_fallback__telescopic_ota_ihp130_frontier_stress__seed_7/iter_001/result.json,/mnt/d/AnalogRF-IR/runs/ablations_ihp130_ota_frontier_stress_relaxed_other150_20260613/diagnosis_spice_postprocess_fallback__telescopic_ota_ihp130_frontier_stress__seed_7,True,True,True,True,True,8278.329713692267,,,False,,,1,cascode_ota_op_tune,False,48.4017404,12641133.296512159,83.3198697852897,5779632.407056392,0.9577692,1.646364e-05,cascode operating-point repair required before AC metrics are reliable
diagnosis_spice_postprocess_fallback__telescopic_ota_ihp130_frontier_stress__seed_8,diagnosis_spice_postprocess_fallback,Diagnosis + repair,diagnosis_control,inputs/ota_stress/frontier/telescopic_ota_ihp130_frontier_stress.yaml,telescopic_ota_ihp130,Telescopic,8,passed,0,/mnt/d/AnalogRF-IR/runs/ablations_ihp130_ota_frontier_stress_relaxed_other150_20260613/diagnosis_spice_postprocess_fallback__telescopic_ota_ihp130_frontier_stress__seed_8/iter_001/result.json,/mnt/d/AnalogRF-IR/runs/ablations_ihp130_ota_frontier_stress_relaxed_other150_20260613/diagnosis_spice_postprocess_fallback__telescopic_ota_ihp130_frontier_stress__seed_8,True,True,True,True,True,8393.428584313435,,,False,,,1,cascode_ota_op_tune,False,48.4017404,12641133.296512159,83.3198697852897,5779632.407056392,0.9577692,1.646364e-05,cascode operating-point repair required before AC metrics are reliable
diagnosis_spice_postprocess_fallback__telescopic_ota_ihp130_frontier_stress__seed_9,diagnosis_spice_postprocess_fallback,Diagnosis + repair,diagnosis_control,inputs/ota_stress/frontier/telescopic_ota_ihp130_frontier_stress.yaml,telescopic_ota_ihp130,Telescopic,9,passed,0,/mnt/d/AnalogRF-IR/runs/ablations_ihp130_ota_frontier_stress_relaxed_other150_20260613/diagnosis_spice_postprocess_fallback__telescopic_ota_ihp130_frontier_stress__seed_9/iter_001/result.json,/mnt/d/AnalogRF-IR/runs/ablations_ihp130_ota_frontier_stress_relaxed_other150_20260613/diagnosis_spice_postprocess_fallback__telescopic_ota_ihp130_frontier_stress__seed_9,True,True,True,True,True,8369.718382382385,,,False,,,1,cascode_ota_op_tune,False,48.4017404,12641133.296512159,83.3198697852897,5779632.407056392,0.9577692,1.646364e-05,cascode operating-point repair required before AC metrics are reliable
diagnosis_spice_postprocess_fallback__telescopic_ota_ihp130_frontier_stress__seed_10,diagnosis_spice_postprocess_fallback,Diagnosis + repair,diagnosis_control,inputs/ota_stress/frontier/telescopic_ota_ihp130_frontier_stress.yaml,telescopic_ota_ihp130,Telescopic,10,passed,0,/mnt/d/AnalogRF-IR/runs/ablations_ihp130_ota_frontier_stress_relaxed_other150_20260613/diagnosis_spice_postprocess_fallback__telescopic_ota_ihp130_frontier_stress__seed_10/iter_001/result.json,/mnt/d/AnalogRF-IR/runs/ablations_ihp130_ota_frontier_stress_relaxed_other150_20260613/diagnosis_spice_postprocess_fallback__telescopic_ota_ihp130_frontier_stress__seed_10,True,True,True,True,True,8290.161143641553,,,False,,,1,cascode_ota_op_tune,False,48.4017404,12641133.296512159,83.3198697852897,5779632.407056392,0.9577692,1.646364e-05,cascode operating-point repair required before AC metrics are reliable
diagnosis_spice_postprocess_fallback__folded_cascode_ota_ihp130_frontier_stress__seed_10,diagnosis_spice_postprocess_fallback,Diagnosis + repair,diagnosis_control,inputs/ota_stress/frontier/folded_cascode_ota_ihp130_frontier_stress.yaml,folded_cascode_ota_ihp130,Folded cascode,10,passed,0,/mnt/d/AnalogRF-IR/runs/ablations_ihp130_ota_frontier_stress_relaxed_other150_20260613/diagnosis_spice_postprocess_fallback__folded_cascode_ota_ihp130_frontier_stress__seed_10/iter_001/result.json,/mnt/d/AnalogRF-IR/runs/ablations_ihp130_ota_frontier_stress_relaxed_other150_20260613/diagnosis_spice_postprocess_fallback__folded_cascode_ota_ihp130_frontier_stress__seed_10,False,False,True,True,True,5723.986249500988,dc_gain,dc_gain|saturation_margin,False,skipped,Constrained optimizer selected admissible actions; LLM request was unnecessary,3,cascode_ota_op_tune,False,45.4103718,40369576.98178846,79.69556974260405,20255089.109929346,0.9548026999999999,2.6032679999999998e-05,ngspice-measured cascode saturation repair
diagnosis_spice_postprocess_fallback__folded_cascode_ota_ihp130_frontier_stress__seed_9,diagnosis_spice_postprocess_fallback,Diagnosis + repair,diagnosis_control,inputs/ota_stress/frontier/folded_cascode_ota_ihp130_frontier_stress.yaml,folded_cascode_ota_ihp130,Folded cascode,9,passed,0,/mnt/d/AnalogRF-IR/runs/ablations_ihp130_ota_frontier_stress_relaxed_other150_20260613/diagnosis_spice_postprocess_fallback__folded_cascode_ota_ihp130_frontier_stress__seed_9/iter_001/result.json,/mnt/d/AnalogRF-IR/runs/ablations_ihp130_ota_frontier_stress_relaxed_other150_20260613/diagnosis_spice_postprocess_fallback__folded_cascode_ota_ihp130_frontier_stress__seed_9,False,False,True,True,True,5747.9821377859735,dc_gain,dc_gain|saturation_margin,False,skipped,Constrained optimizer selected admissible actions; LLM request was unnecessary,3,cascode_ota_op_tune,False,45.4103718,40369576.98178846,79.69556974260405,20255089.109929346,0.9548026999999999,2.6032679999999998e-05,ngspice-measured cascode saturation repair
diagnosis_spice_postprocess_fallback__two_stage_miller_ota_frontier_stress__seed_2,diagnosis_spice_postprocess_fallback,Diagnosis + repair,diagnosis_control,inputs/ota_stress/frontier/two_stage_miller_ota_frontier_stress.yaml,two_stage_miller_ota,Two-stage Miller,2,passed,0,/mnt/d/AnalogRF-IR/runs/ablations_ihp130_ota_frontier_stress_relaxed_other150_20260613/diagnosis_spice_postprocess_fallback__two_stage_miller_ota_frontier_stress__seed_2/iter_001/result.json,/mnt/d/AnalogRF-IR/runs/ablations_ihp130_ota_frontier_stress_relaxed_other150_20260613/diagnosis_spice_postprocess_fallback__two_stage_miller_ota_frontier_stress__seed_2,True,True,True,True,True,2539.7237890996903,,,False,,,3,compensation_tune|initial_operating_point|stage2_balance,True,57.0398012,36709863.86543687,71.72681278567944,29886527.04277703,0.7873066,0.0003723984,near-feasible optimizer estimate
diagnosis_spice_postprocess_fallback__two_stage_miller_ota_frontier_stress__seed_1,diagnosis_spice_postprocess_fallback,Diagnosis + repair,diagnosis_control,inputs/ota_stress/frontier/two_stage_miller_ota_frontier_stress.yaml,two_stage_miller_ota,Two-stage Miller,1,passed,0,/mnt/d/AnalogRF-IR/runs/ablations_ihp130_ota_frontier_stress_relaxed_other150_20260613/diagnosis_spice_postprocess_fallback__two_stage_miller_ota_frontier_stress__seed_1/iter_002/result.json,/mnt/d/AnalogRF-IR/runs/ablations_ihp130_ota_frontier_stress_relaxed_other150_20260613/diagnosis_spice_postprocess_fallback__two_stage_miller_ota_frontier_stress__seed_1,True,True,True,True,True,1422.6950924134158,,,False,skipped,Constrained optimizer selected admissible actions; LLM request was unnecessary,3,compensation_tune|initial_operating_point|stage2_balance,True,57.0398012,36709863.86543687,71.72681278567944,29886527.04277703,0.7873066,0.0003723984,near-feasible optimizer estimate
diagnosis_spice_postprocess_fallback__two_stage_miller_ota_frontier_stress__seed_4,diagnosis_spice_postprocess_fallback,Diagnosis + repair,diagnosis_control,inputs/ota_stress/frontier/two_stage_miller_ota_frontier_stress.yaml,two_stage_miller_ota,Two-stage Miller,4,passed,0,/mnt/d/AnalogRF-IR/runs/ablations_ihp130_ota_frontier_stress_relaxed_other150_20260613/diagnosis_spice_postprocess_fallback__two_stage_miller_ota_frontier_stress__seed_4/iter_001/result.json,/mnt/d/AnalogRF-IR/runs/ablations_ihp130_ota_frontier_stress_relaxed_other150_20260613/diagnosis_spice_postprocess_fallback__two_stage_miller_ota_frontier_stress__seed_4,True,True,True,True,True,1039.457360207461,,,False,,,3,compensation_tune|initial_operating_point|stage2_balance,True,57.0398012,36709863.86543687,71.72681278567944,29886527.04277703,0.7873066,0.0003723984,near-feasible optimizer estimate
diagnosis_spice_postprocess_fallback__two_stage_miller_ota_frontier_stress__seed_6,diagnosis_spice_postprocess_fallback,Diagnosis + repair,diagnosis_control,inputs/ota_stress/frontier/two_stage_miller_ota_frontier_stress.yaml,two_stage_miller_ota,Two-stage Miller,6,passed,0,/mnt/d/AnalogRF-IR/runs/ablations_ihp130_ota_frontier_stress_relaxed_other150_20260613/diagnosis_spice_postprocess_fallback__two_stage_miller_ota_frontier_stress__seed_6/iter_001/result.json,/mnt/d/AnalogRF-IR/runs/ablations_ihp130_ota_frontier_stress_relaxed_other150_20260613/diagnosis_spice_postprocess_fallback__two_stage_miller_ota_frontier_stress__seed_6,True,True,True,True,True,2340.889620088811,,,False,,,3,compensation_tune|initial_operating_point|stage2_balance,True,57.0398012,36709863.86543687,71.72681278567944,29886527.04277703,0.7873066,0.0003723984,near-feasible optimizer estimate
diagnosis_spice_postprocess_fallback__two_stage_miller_ota_frontier_stress__seed_3,diagnosis_spice_postprocess_fallback,Diagnosis + repair,diagnosis_control,inputs/ota_stress/frontier/two_stage_miller_ota_frontier_stress.yaml,two_stage_miller_ota,Two-stage Miller,3,passed,0,/mnt/d/AnalogRF-IR/runs/ablations_ihp130_ota_frontier_stress_relaxed_other150_20260613/diagnosis_spice_postprocess_fallback__two_stage_miller_ota_frontier_stress__seed_3/iter_002/result.json,/mnt/d/AnalogRF-IR/runs/ablations_ihp130_ota_frontier_stress_relaxed_other150_20260613/diagnosis_spice_postprocess_fallback__two_stage_miller_ota_frontier_stress__seed_3,True,True,True,True,True,1056.1333920524933,,,False,skipped,Constrained optimizer selected admissible actions; LLM request was unnecessary,3,compensation_tune|initial_operating_point|stage2_balance,True,57.0398012,36709863.86543687,71.72681278567944,29886527.04277703,0.7873066,0.0003723984,near-feasible optimizer estimate
diagnosis_spice_postprocess_fallback__two_stage_miller_ota_frontier_stress__seed_5,diagnosis_spice_postprocess_fallback,Diagnosis + repair,diagnosis_control,inputs/ota_stress/frontier/two_stage_miller_ota_frontier_stress.yaml,two_stage_miller_ota,Two-stage Miller,5,passed,0,/mnt/d/AnalogRF-IR/runs/ablations_ihp130_ota_frontier_stress_relaxed_other150_20260613/diagnosis_spice_postprocess_fallback__two_stage_miller_ota_frontier_stress__seed_5/iter_002/result.json,/mnt/d/AnalogRF-IR/runs/ablations_ihp130_ota_frontier_stress_relaxed_other150_20260613/diagnosis_spice_postprocess_fallback__two_stage_miller_ota_frontier_stress__seed_5,True,True,True,True,True,1151.1719758504921,,,False,skipped,Constrained optimizer selected admissible actions; LLM request was unnecessary,3,compensation_tune|initial_operating_point|stage2_balance,True,57.0398012,36709863.86543687,71.72681278567944,29886527.04277703,0.7873066,0.0003723984,near-feasible optimizer estimate
diagnosis_spice_postprocess_fallback__two_stage_miller_ota_frontier_stress__seed_10,diagnosis_spice_postprocess_fallback,Diagnosis + repair,diagnosis_control,inputs/ota_stress/frontier/two_stage_miller_ota_frontier_stress.yaml,two_stage_miller_ota,Two-stage Miller,10,passed,0,/mnt/d/AnalogRF-IR/runs/ablations_ihp130_ota_frontier_stress_relaxed_other150_20260613/diagnosis_spice_postprocess_fallback__two_stage_miller_ota_frontier_stress__seed_10/iter_001/result.json,/mnt/d/AnalogRF-IR/runs/ablations_ihp130_ota_frontier_stress_relaxed_other150_20260613/diagnosis_spice_postprocess_fallback__two_stage_miller_ota_frontier_stress__seed_10,True,True,True,True,True,1585.1365875984632,,,False,,,3,compensation_tune|initial_operating_point|stage2_balance,True,57.0398012,36709863.86543687,71.72681278567944,29886527.04277703,0.7873066,0.0003723984,near-feasible optimizer estimate
diagnosis_spice_postprocess_fallback__two_stage_miller_ota_frontier_stress__seed_7,diagnosis_spice_postprocess_fallback,Diagnosis + repair,diagnosis_control,inputs/ota_stress/frontier/two_stage_miller_ota_frontier_stress.yaml,two_stage_miller_ota,Two-stage Miller,7,passed,0,/mnt/d/AnalogRF-IR/runs/ablations_ihp130_ota_frontier_stress_relaxed_other150_20260613/diagnosis_spice_postprocess_fallback__two_stage_miller_ota_frontier_stress__seed_7/iter_002/result.json,/mnt/d/AnalogRF-IR/runs/ablations_ihp130_ota_frontier_stress_relaxed_other150_20260613/diagnosis_spice_postprocess_fallback__two_stage_miller_ota_frontier_stress__seed_7,True,True,True,True,True,951.3635009794709,,,False,skipped,Constrained optimizer selected admissible actions; LLM request was unnecessary,3,compensation_tune|initial_operating_point|stage2_balance,True,57.0398012,36709863.86543687,71.72681278567944,29886527.04277703,0.7873066,0.0003723984,near-feasible optimizer estimate
diagnosis_spice_postprocess_fallback__two_stage_miller_ota_frontier_stress__seed_9,diagnosis_spice_postprocess_fallback,Diagnosis + repair,diagnosis_control,inputs/ota_stress/frontier/two_stage_miller_ota_frontier_stress.yaml,two_stage_miller_ota,Two-stage Miller,9,passed,0,/mnt/d/AnalogRF-IR/runs/ablations_ihp130_ota_frontier_stress_relaxed_other150_20260613/diagnosis_spice_postprocess_fallback__two_stage_miller_ota_frontier_stress__seed_9/iter_002/result.json,/mnt/d/AnalogRF-IR/runs/ablations_ihp130_ota_frontier_stress_relaxed_other150_20260613/diagnosis_spice_postprocess_fallback__two_stage_miller_ota_frontier_stress__seed_9,True,True,True,True,True,1236.2183907414346,,,False,skipped,Constrained optimizer selected admissible actions; LLM request was unnecessary,3,compensation_tune|initial_operating_point|stage2_balance,True,57.0398012,36709863.86543687,71.72681278567944,29886527.04277703,0.7873066,0.0003723984,near-feasible optimizer estimate
diagnosis_spice_postprocess_fallback__two_stage_miller_ota_frontier_stress__seed_8,diagnosis_spice_postprocess_fallback,Diagnosis + repair,diagnosis_control,inputs/ota_stress/frontier/two_stage_miller_ota_frontier_stress.yaml,two_stage_miller_ota,Two-stage Miller,8,passed,0,/mnt/d/AnalogRF-IR/runs/ablations_ihp130_ota_frontier_stress_relaxed_other150_20260613/diagnosis_spice_postprocess_fallback__two_stage_miller_ota_frontier_stress__seed_8/iter_003/result.json,/mnt/d/AnalogRF-IR/runs/ablations_ihp130_ota_frontier_stress_relaxed_other150_20260613/diagnosis_spice_postprocess_fallback__two_stage_miller_ota_frontier_stress__seed_8,True,True,True,True,True,459.2992142371244,,,False,skipped,Constrained optimizer selected admissible actions; LLM request was unnecessary,3,compensation_tune|initial_operating_point|stage2_balance,True,57.0398012,36709863.86543687,71.72681278567944,29886527.04277703,0.7873066,0.0003723984,stagnation fallback requested by adaptive agent loop
llm_full_residual_escape_postprocess_fallback__five_transistor_ota_frontier_stress__seed_2,llm_full_residual_escape_postprocess_fallback,LLM diagnosis + repair,llm_full,inputs/ota_stress/frontier/five_transistor_ota_frontier_stress.yaml,five_transistor_ota,Five transistor,2,passed,0,/mnt/d/AnalogRF-IR/runs/ablations_ihp130_ota_frontier_stress_relaxed_llm_full_50cell_20260614/llm_full_residual_escape_postprocess_fallback__five_transistor_ota_frontier_stress__seed_2/iter_001/result.json,/mnt/d/AnalogRF-IR/runs/ablations_ihp130_ota_frontier_stress_relaxed_llm_full_50cell_20260614/llm_full_residual_escape_postprocess_fallback__five_transistor_ota_frontier_stress__seed_2,True,True,True,True,True,298.06865967481144,,,False,,,1,single_stage_ota_op_tune,True,27.3535501,103367061.5978833,73.95068263050636,81525385.05054912,0.9265853,8.973540000000001e-05,near-feasible optimizer estimate
llm_full_residual_escape_postprocess_fallback__five_transistor_ota_frontier_stress__seed_1,llm_full_residual_escape_postprocess_fallback,LLM diagnosis + repair,llm_full,inputs/ota_stress/frontier/five_transistor_ota_frontier_stress.yaml,five_transistor_ota,Five transistor,1,passed,0,/mnt/d/AnalogRF-IR/runs/ablations_ihp130_ota_frontier_stress_relaxed_llm_full_50cell_20260614/llm_full_residual_escape_postprocess_fallback__five_transistor_ota_frontier_stress__seed_1/iter_001/result.json,/mnt/d/AnalogRF-IR/runs/ablations_ihp130_ota_frontier_stress_relaxed_llm_full_50cell_20260614/llm_full_residual_escape_postprocess_fallback__five_transistor_ota_frontier_stress__seed_1,True,True,True,True,True,298.32847159029154,,,False,,,1,single_stage_ota_op_tune,True,27.4191204,108205705.56672278,72.40234985155432,88414781.69435199,0.9326255,9.517919999999999e-05,near-feasible optimizer estimate
llm_full_residual_escape_postprocess_fallback__five_transistor_ota_frontier_stress__seed_4,llm_full_residual_escape_postprocess_fallback,LLM diagnosis + repair,llm_full,inputs/ota_stress/frontier/five_transistor_ota_frontier_stress.yaml,five_transistor_ota,Five transistor,4,passed,0,/mnt/d/AnalogRF-IR/runs/ablations_ihp130_ota_frontier_stress_relaxed_llm_full_50cell_20260614/llm_full_residual_escape_postprocess_fallback__five_transistor_ota_frontier_stress__seed_4/iter_001/result.json,/mnt/d/AnalogRF-IR/runs/ablations_ihp130_ota_frontier_stress_relaxed_llm_full_50cell_20260614/llm_full_residual_escape_postprocess_fallback__five_transistor_ota_frontier_stress__seed_4,True,True,True,True,True,297.0977372743713,,,False,,,1,single_stage_ota_op_tune,True,27.2592029,149286156.9575162,68.92063640906002,232419073.13511756,0.9126877,0.0001420176,near-feasible optimizer estimate
llm_full_residual_escape_postprocess_fallback__five_transistor_ota_frontier_stress__seed_5,llm_full_residual_escape_postprocess_fallback,LLM diagnosis + repair,llm_full,inputs/ota_stress/frontier/five_transistor_ota_frontier_stress.yaml,five_transistor_ota,Five transistor,5,passed,0,/mnt/d/AnalogRF-IR/runs/ablations_ihp130_ota_frontier_stress_relaxed_llm_full_50cell_20260614/llm_full_residual_escape_postprocess_fallback__five_transistor_ota_frontier_stress__seed_5/iter_001/result.json,/mnt/d/AnalogRF-IR/runs/ablations_ihp130_ota_frontier_stress_relaxed_llm_full_50cell_20260614/llm_full_residual_escape_postprocess_fallback__five_transistor_ota_frontier_stress__seed_5,True,True,True,True,True,302.6432529233681,,,False,,,1,single_stage_ota_op_tune,True,27.2282017,114949220.16033322,73.39984755201866,90861541.3603397,0.9078731999999999,9.869795999999999e-05,near-feasible optimizer estimate
llm_full_residual_escape_postprocess_fallback__five_transistor_ota_frontier_stress__seed_3,llm_full_residual_escape_postprocess_fallback,LLM diagnosis + repair,llm_full,inputs/ota_stress/frontier/five_transistor_ota_frontier_stress.yaml,five_transistor_ota,Five transistor,3,passed,0,/mnt/d/AnalogRF-IR/runs/ablations_ihp130_ota_frontier_stress_relaxed_llm_full_50cell_20260614/llm_full_residual_escape_postprocess_fallback__five_transistor_ota_frontier_stress__seed_3/iter_002/result.json,/mnt/d/AnalogRF-IR/runs/ablations_ihp130_ota_frontier_stress_relaxed_llm_full_50cell_20260614/llm_full_residual_escape_postprocess_fallback__five_transistor_ota_frontier_stress__seed_3,True,True,True,True,True,304.3565700467593,,,True,ok,The optimizer-selected action dc_gain_02_M1_gm_id_increase provides,1,single_stage_ota_op_tune,True,27.130057,94160276.11509286,77.86433967431346,73998378.58574711,0.8891668999999999,8.12214e-05,stagnation fallback requested by adaptive agent loop
llm_full_residual_escape_postprocess_fallback__five_transistor_ota_frontier_stress__seed_6,llm_full_residual_escape_postprocess_fallback,LLM diagnosis + repair,llm_full,inputs/ota_stress/frontier/five_transistor_ota_frontier_stress.yaml,five_transistor_ota,Five transistor,6,passed,0,/mnt/d/AnalogRF-IR/runs/ablations_ihp130_ota_frontier_stress_relaxed_llm_full_50cell_20260614/llm_full_residual_escape_postprocess_fallback__five_transistor_ota_frontier_stress__seed_6/iter_002/result.json,/mnt/d/AnalogRF-IR/runs/ablations_ihp130_ota_frontier_stress_relaxed_llm_full_50cell_20260614/llm_full_residual_escape_postprocess_fallback__five_transistor_ota_frontier_stress__seed_6,True,True,True,True,True,350.5586045973498,,,True,ok,The design fails saturation_margin (0.315) and dc_gain (0.09). The optimizer,1,single_stage_ota_op_tune,True,27.1841816,97584902.66035196,75.4560025111436,76645456.28018023,0.9024283,7.771667999999999e-05,stagnation fallback requested by adaptive agent loop
llm_full_residual_escape_postprocess_fallback__five_transistor_ota_frontier_stress__seed_7,llm_full_residual_escape_postprocess_fallback,LLM diagnosis + repair,llm_full,inputs/ota_stress/frontier/five_transistor_ota_frontier_stress.yaml,five_transistor_ota,Five transistor,7,passed,0,/mnt/d/AnalogRF-IR/runs/ablations_ihp130_ota_frontier_stress_relaxed_llm_full_50cell_20260614/llm_full_residual_escape_postprocess_fallback__five_transistor_ota_frontier_stress__seed_7/iter_002/result.json,/mnt/d/AnalogRF-IR/runs/ablations_ihp130_ota_frontier_stress_relaxed_llm_full_50cell_20260614/llm_full_residual_escape_postprocess_fallback__five_transistor_ota_frontier_stress__seed_7,True,True,True,True,True,322.58816553607096,,,True,ok,The optimizer's best local action only modestly improves saturation_margin,1,single_stage_ota_op_tune,True,27.1523901,95735566.10955596,76.92617603282763,75166851.24737199,0.8950169999999998,8.027724e-05,stagnation fallback requested by adaptive agent loop
llm_full_residual_escape_postprocess_fallback__five_transistor_ota_frontier_stress__seed_8,llm_full_residual_escape_postprocess_fallback,LLM diagnosis + repair,llm_full,inputs/ota_stress/frontier/five_transistor_ota_frontier_stress.yaml,five_transistor_ota,Five transistor,8,passed,0,/mnt/d/AnalogRF-IR/runs/ablations_ihp130_ota_frontier_stress_relaxed_llm_full_50cell_20260614/llm_full_residual_escape_postprocess_fallback__five_transistor_ota_frontier_stress__seed_8/iter_001/result.json,/mnt/d/AnalogRF-IR/runs/ablations_ihp130_ota_frontier_stress_relaxed_llm_full_50cell_20260614/llm_full_residual_escape_postprocess_fallback__five_transistor_ota_frontier_stress__seed_8,True,True,True,True,True,297.8735720599959,,,False,,,1,single_stage_ota_op_tune,True,27.1697377,144438737.10308343,70.79123103079769,218107123.04910722,0.8961707999999999,0.0001352916,near-feasible optimizer estimate
llm_full_residual_escape_postprocess_fallback__five_transistor_ota_frontier_stress__seed_9,llm_full_residual_escape_postprocess_fallback,LLM diagnosis + repair,llm_full,inputs/ota_stress/frontier/five_transistor_ota_frontier_stress.yaml,five_transistor_ota,Five transistor,9,passed,0,/mnt/d/AnalogRF-IR/runs/ablations_ihp130_ota_frontier_stress_relaxed_llm_full_50cell_20260614/llm_full_residual_escape_postprocess_fallback__five_transistor_ota_frontier_stress__seed_9/iter_003/result.json,/mnt/d/AnalogRF-IR/runs/ablations_ihp130_ota_frontier_stress_relaxed_llm_full_50cell_20260614/llm_full_residual_escape_postprocess_fallback__five_transistor_ota_frontier_stress__seed_9,True,True,True,True,True,302.42968329572693,,,True,ok,Both dc_gain and saturation_margin fail. Existing admissible actions | The optimizer action (M1/M2 L increase) addresses dc_gain but leaves,1,single_stage_ota_op_tune,True,27.2613891,104093816.59914486,75.20985009288842,80219424.82713567,0.9120619,9.197868e-05,stagnation fallback requested by adaptive agent loop
llm_full_residual_escape_postprocess_fallback__five_transistor_ota_frontier_stress__seed_10,llm_full_residual_escape_postprocess_fallback,LLM diagnosis + repair,llm_full,inputs/ota_stress/frontier/five_transistor_ota_frontier_stress.yaml,five_transistor_ota,Five transistor,10,passed,0,/mnt/d/AnalogRF-IR/runs/ablations_ihp130_ota_frontier_stress_relaxed_llm_full_50cell_20260614/llm_full_residual_escape_postprocess_fallback__five_transistor_ota_frontier_stress__seed_10/iter_003/result.json,/mnt/d/AnalogRF-IR/runs/ablations_ihp130_ota_frontier_stress_relaxed_llm_full_50cell_20260614/llm_full_residual_escape_postprocess_fallback__five_transistor_ota_frontier_stress__seed_10,True,True,True,True,True,307.2560819319696,,,True,ok,Composite residual-escape hypothesis: boost input pair gm/Id and length | dc_gain and saturation_margin both fail. The optimizer-selected M1/M2,1,single_stage_ota_op_tune,True,27.1749751,105178325.27247362,76.81827124377786,82990201.29767798,0.8971563999999999,0.00010016364,stagnation fallback requested by adaptive agent loop
llm_full_residual_escape_postprocess_fallback__current_mirror_ota_ihp130_frontier_stress__seed_2,llm_full_residual_escape_postprocess_fallback,LLM diagnosis + repair,llm_full,inputs/ota_stress/frontier/current_mirror_ota_ihp130_frontier_stress.yaml,current_mirror_ota_ihp130,Current mirror,2,passed,0,/mnt/d/AnalogRF-IR/runs/ablations_ihp130_ota_frontier_stress_relaxed_llm_full_50cell_20260614/llm_full_residual_escape_postprocess_fallback__current_mirror_ota_ihp130_frontier_stress__seed_2/iter_004/result.json,/mnt/d/AnalogRF-IR/runs/ablations_ihp130_ota_frontier_stress_relaxed_llm_full_50cell_20260614/llm_full_residual_escape_postprocess_fallback__current_mirror_ota_ihp130_frontier_stress__seed_2,True,True,True,True,True,169.54701455620582,,,True,ok,"Apply the optimizer-selected vbias change (0.535 V) to reduce the large | In residual-escape mode, the optimizer-selected vbias move is expressed | Residual LLM audit produced no validated custom hypothesis; falling | The optimizer-selected actions address headroom and gain by lowering",1,current_mirror_ota_op_tune,True,29.2893864,35900162.13458233,65.69364453903238,40208908.16472512,0.8803285999999999,5.878079999999999e-05,stagnation fallback requested by adaptive agent loop
llm_full_residual_escape_postprocess_fallback__current_mirror_ota_ihp130_frontier_stress__seed_1,llm_full_residual_escape_postprocess_fallback,LLM diagnosis + repair,llm_full,inputs/ota_stress/frontier/current_mirror_ota_ihp130_frontier_stress.yaml,current_mirror_ota_ihp130,Current mirror,1,passed,0,/mnt/d/AnalogRF-IR/runs/ablations_ihp130_ota_frontier_stress_relaxed_llm_full_50cell_20260614/llm_full_residual_escape_postprocess_fallback__current_mirror_ota_ihp130_frontier_stress__seed_1/iter_005/result.json,/mnt/d/AnalogRF-IR/runs/ablations_ihp130_ota_frontier_stress_relaxed_llm_full_50cell_20260614/llm_full_residual_escape_postprocess_fallback__current_mirror_ota_ihp130_frontier_stress__seed_1,True,True,True,True,True,119.80976934030359,,,True,ok,Residual LLM audit produced no validated custom hypothesis; falling | Residual escape mode: existing optimizer-selected actions are audit-only; | Selected action dc_gain_02_global_vbias_set is optimizer-picked and | Spec_pass is false with saturation_margin as the dominant violation | The optimizer-selected actions are applied to correct headroom and gain.,1,current_mirror_ota_op_tune,True,29.2764373,42194048.601300605,63.12006469739188,42550268.60784829,0.9115964,6.39144e-05,ngspice-measured near-feasible fallback
llm_full_residual_escape_postprocess_fallback__current_mirror_ota_ihp130_frontier_stress__seed_3,llm_full_residual_escape_postprocess_fallback,LLM diagnosis + repair,llm_full,inputs/ota_stress/frontier/current_mirror_ota_ihp130_frontier_stress.yaml,current_mirror_ota_ihp130,Current mirror,3,passed,0,/mnt/d/AnalogRF-IR/runs/ablations_ihp130_ota_frontier_stress_relaxed_llm_full_50cell_20260614/llm_full_residual_escape_postprocess_fallback__current_mirror_ota_ihp130_frontier_stress__seed_3/iter_002/result.json,/mnt/d/AnalogRF-IR/runs/ablations_ihp130_ota_frontier_stress_relaxed_llm_full_50cell_20260614/llm_full_residual_escape_postprocess_fallback__current_mirror_ota_ihp130_frontier_stress__seed_3,True,True,True,True,True,111.27965627740048,,,True,ok,"Current design fails dc_gain, unity_gain_bandwidth, and slew_rate. The",1,current_mirror_ota_op_tune,True,29.0993607,37068333.18146556,65.55777984852995,37527645.5488977,0.8812967999999999,5.1908280000000004e-05,ngspice-measured near-feasible fallback
llm_full_residual_escape_postprocess_fallback__current_mirror_ota_ihp130_frontier_stress__seed_4,llm_full_residual_escape_postprocess_fallback,LLM diagnosis + repair,llm_full,inputs/ota_stress/frontier/current_mirror_ota_ihp130_frontier_stress.yaml,current_mirror_ota_ihp130,Current mirror,4,passed,0,/mnt/d/AnalogRF-IR/runs/ablations_ihp130_ota_frontier_stress_relaxed_llm_full_50cell_20260614/llm_full_residual_escape_postprocess_fallback__current_mirror_ota_ihp130_frontier_stress__seed_4/iter_003/result.json,/mnt/d/AnalogRF-IR/runs/ablations_ihp130_ota_frontier_stress_relaxed_llm_full_50cell_20260614/llm_full_residual_escape_postprocess_fallback__current_mirror_ota_ihp130_frontier_stress__seed_4,True,True,True,True,True,182.0417389485624,,,True,ok,"Apply optimizer-selected multi-knob action that partially resolves dc_gain, | Current design fails saturation margin (large violation ~1.63), dc_gain | Residual LLM audit produced no validated custom hypothesis; falling",1,current_mirror_ota_op_tune,True,29.2157513,41948180.740247115,64.72068152848809,47715432.63346911,0.8705145,7.134108e-05,stagnation fallback requested by adaptive agent loop
llm_full_residual_escape_postprocess_fallback__current_mirror_ota_ihp130_frontier_stress__seed_6,llm_full_residual_escape_postprocess_fallback,LLM diagnosis + repair,llm_full,inputs/ota_stress/frontier/current_mirror_ota_ihp130_frontier_stress.yaml,current_mirror_ota_ihp130,Current mirror,6,passed,0,/mnt/d/AnalogRF-IR/runs/ablations_ihp130_ota_frontier_stress_relaxed_llm_full_50cell_20260614/llm_full_residual_escape_postprocess_fallback__current_mirror_ota_ihp130_frontier_stress__seed_6/iter_003/result.json,/mnt/d/AnalogRF-IR/runs/ablations_ihp130_ota_frontier_stress_relaxed_llm_full_50cell_20260614/llm_full_residual_escape_postprocess_fallback__current_mirror_ota_ihp130_frontier_stress__seed_6,True,True,True,True,True,144.50433248401407,,,True,ok,Residual LLM audit produced no validated custom hypothesis; falling | Selected actions reduce objective but residual saturation_margin violation | The optimizer-selected actions (vbias set to 0.535 V and M1/M2 gm/id,1,current_mirror_ota_op_tune,True,29.1391131,36879436.02155272,66.97623957863522,41042023.618417695,0.8555644,5.890596e-05,stagnation fallback requested by adaptive agent loop
llm_full_residual_escape_postprocess_fallback__current_mirror_ota_ihp130_frontier_stress__seed_5,llm_full_residual_escape_postprocess_fallback,LLM diagnosis + repair,llm_full,inputs/ota_stress/frontier/current_mirror_ota_ihp130_frontier_stress.yaml,current_mirror_ota_ihp130,Current mirror,5,passed,0,/mnt/d/AnalogRF-IR/runs/ablations_ihp130_ota_frontier_stress_relaxed_llm_full_50cell_20260614/llm_full_residual_escape_postprocess_fallback__current_mirror_ota_ihp130_frontier_stress__seed_5/iter_005/result.json,/mnt/d/AnalogRF-IR/runs/ablations_ihp130_ota_frontier_stress_relaxed_llm_full_50cell_20260614/llm_full_residual_escape_postprocess_fallback__current_mirror_ota_ihp130_frontier_stress__seed_5,True,True,True,True,True,179.7223018302028,,,True,ok,"Apply the two optimizer-selected actions that move vbias and M1/M2 gm/Id, | Residual LLM audit produced no validated custom hypothesis; falling | Residual escape mode: propose a coupled multi-knob perturbation that | Selected two admissible optimizer-chosen actions that directly reduce | The optimizer-selected pair (vbias reduction to 0.535 V and M1/M2 gm_id",1,current_mirror_ota_op_tune,True,29.3027435,36192998.89770269,64.99176533851117,39305179.84010674,0.8934618000000001,5.777484e-05,stagnation fallback requested by adaptive agent loop
llm_full_residual_escape_postprocess_fallback__current_mirror_ota_ihp130_frontier_stress__seed_8,llm_full_residual_escape_postprocess_fallback,LLM diagnosis + repair,llm_full,inputs/ota_stress/frontier/current_mirror_ota_ihp130_frontier_stress.yaml,current_mirror_ota_ihp130,Current mirror,8,passed,0,/mnt/d/AnalogRF-IR/runs/ablations_ihp130_ota_frontier_stress_relaxed_llm_full_50cell_20260614/llm_full_residual_escape_postprocess_fallback__current_mirror_ota_ihp130_frontier_stress__seed_8/iter_003/result.json,/mnt/d/AnalogRF-IR/runs/ablations_ihp130_ota_frontier_stress_relaxed_llm_full_50cell_20260614/llm_full_residual_escape_postprocess_fallback__current_mirror_ota_ihp130_frontier_stress__seed_8,True,True,True,True,True,152.9890791660093,,,True,ok,Applying the only admissible optimizer-selected action (M5 gm_id increase) | The optimizer-selected M5 gm_id increase and the admissible M1 gm_id,1,current_mirror_ota_op_tune,True,29.0076238,36052321.59254724,68.33294996259755,39010501.93111546,0.8422590999999999,5.468964e-05,stagnation fallback requested by adaptive agent loop
llm_full_residual_escape_postprocess_fallback__current_mirror_ota_ihp130_frontier_stress__seed_9,llm_full_residual_escape_postprocess_fallback,LLM diagnosis + repair,llm_full,inputs/ota_stress/frontier/current_mirror_ota_ihp130_frontier_stress.yaml,current_mirror_ota_ihp130,Current mirror,9,passed,0,/mnt/d/AnalogRF-IR/runs/ablations_ihp130_ota_frontier_stress_relaxed_llm_full_50cell_20260614/llm_full_residual_escape_postprocess_fallback__current_mirror_ota_ihp130_frontier_stress__seed_9/iter_001/result.json,/mnt/d/AnalogRF-IR/runs/ablations_ihp130_ota_frontier_stress_relaxed_llm_full_50cell_20260614/llm_full_residual_escape_postprocess_fallback__current_mirror_ota_ihp130_frontier_stress__seed_9,True,True,True,True,True,142.7573782595041,,,False,,,1,current_mirror_ota_op_tune,True,29.0642205,39252607.84838952,65.7553949972369,40992760.303256355,0.8668983,5.774328e-05,ngspice-measured near-feasible fallback
llm_full_residual_escape_postprocess_fallback__current_mirror_ota_ihp130_frontier_stress__seed_7,llm_full_residual_escape_postprocess_fallback,LLM diagnosis + repair,llm_full,inputs/ota_stress/frontier/current_mirror_ota_ihp130_frontier_stress.yaml,current_mirror_ota_ihp130,Current mirror,7,passed,0,/mnt/d/AnalogRF-IR/runs/ablations_ihp130_ota_frontier_stress_relaxed_llm_full_50cell_20260614/llm_full_residual_escape_postprocess_fallback__current_mirror_ota_ihp130_frontier_stress__seed_7/iter_006/result.json,/mnt/d/AnalogRF-IR/runs/ablations_ihp130_ota_frontier_stress_relaxed_llm_full_50cell_20260614/llm_full_residual_escape_postprocess_fallback__current_mirror_ota_ihp130_frontier_stress__seed_7,True,True,True,True,True,150.55663753123852,,,True,ok,Residual LLM audit produced no validated custom hypothesis; falling | Residual escape mode: existing optimizer actions are insufficient to | The optimizer's local model identified a safe 18mV vbias increase that | The optimizer-selected action dc_gain_01_global_vbias_set is admissible | The optimizer-selected actions attack all three failures with a coordinated | The optimizer-selected coarse vbias and input gm_id moves reduce the,1,current_mirror_ota_op_tune,True,29.3375637,35569378.721794374,64.95886421504756,43713658.470683396,0.8974993,5.7779759999999996e-05,stagnation fallback requested by adaptive agent loop
llm_full_residual_escape_postprocess_fallback__folded_cascode_ota_ihp130_frontier_stress__seed_1,llm_full_residual_escape_postprocess_fallback,LLM diagnosis + repair,llm_full,inputs/ota_stress/frontier/folded_cascode_ota_ihp130_frontier_stress.yaml,folded_cascode_ota_ihp130,Folded cascode,1,passed,0,/mnt/d/AnalogRF-IR/runs/ablations_ihp130_ota_frontier_stress_relaxed_llm_full_50cell_20260614/llm_full_residual_escape_postprocess_fallback__folded_cascode_ota_ihp130_frontier_stress__seed_1/iter_001/result.json,/mnt/d/AnalogRF-IR/runs/ablations_ihp130_ota_frontier_stress_relaxed_llm_full_50cell_20260614/llm_full_residual_escape_postprocess_fallback__folded_cascode_ota_ihp130_frontier_stress__seed_1,True,True,True,True,True,5707.865012634392,,,False,,,1,cascode_ota_op_tune,False,45.8474453,33319354.183798745,81.13543945072121,16153745.84937229,0.9594758000000001,2.07e-05,cascode operating-point repair required before AC metrics are reliable
llm_full_residual_escape_postprocess_fallback__folded_cascode_ota_ihp130_frontier_stress__seed_2,llm_full_residual_escape_postprocess_fallback,LLM diagnosis + repair,llm_full,inputs/ota_stress/frontier/folded_cascode_ota_ihp130_frontier_stress.yaml,folded_cascode_ota_ihp130,Folded cascode,2,passed,0,/mnt/d/AnalogRF-IR/runs/ablations_ihp130_ota_frontier_stress_relaxed_llm_full_50cell_20260614/llm_full_residual_escape_postprocess_fallback__folded_cascode_ota_ihp130_frontier_stress__seed_2/iter_001/result.json,/mnt/d/AnalogRF-IR/runs/ablations_ihp130_ota_frontier_stress_relaxed_llm_full_50cell_20260614/llm_full_residual_escape_postprocess_fallback__folded_cascode_ota_ihp130_frontier_stress__seed_2,True,True,True,True,True,5747.408782668243,,,False,,,1,cascode_ota_op_tune,False,45.8474453,33319354.183798745,81.13543945072121,16153745.84937229,0.9594758000000001,2.07e-05,cascode operating-point repair required before AC metrics are reliable
llm_full_residual_escape_postprocess_fallback__current_mirror_ota_ihp130_frontier_stress__seed_10,llm_full_residual_escape_postprocess_fallback,LLM diagnosis + repair,llm_full,inputs/ota_stress/frontier/current_mirror_ota_ihp130_frontier_stress.yaml,current_mirror_ota_ihp130,Current mirror,10,passed,0,/mnt/d/AnalogRF-IR/runs/ablations_ihp130_ota_frontier_stress_relaxed_llm_full_50cell_20260614/llm_full_residual_escape_postprocess_fallback__current_mirror_ota_ihp130_frontier_stress__seed_10/iter_003/result.json,/mnt/d/AnalogRF-IR/runs/ablations_ihp130_ota_frontier_stress_relaxed_llm_full_50cell_20260614/llm_full_residual_escape_postprocess_fallback__current_mirror_ota_ihp130_frontier_stress__seed_10,True,True,True,True,True,115.07854942393925,,,True,ok,Residual LLM audit produced no validated custom hypothesis; falling | Residual escape mode requires custom actions to address failed specifications. | Select optimizer-admissible action for input pair gm_id increase; add,1,current_mirror_ota_op_tune,True,29.3312284,35684985.872553125,64.96248465791935,43868562.94801069,0.8967702999999999,5.77788e-05,stagnation fallback requested by adaptive agent loop
llm_full_residual_escape_postprocess_fallback__folded_cascode_ota_ihp130_frontier_stress__seed_3,llm_full_residual_escape_postprocess_fallback,LLM diagnosis + repair,llm_full,inputs/ota_stress/frontier/folded_cascode_ota_ihp130_frontier_stress.yaml,folded_cascode_ota_ihp130,Folded cascode,3,passed,0,/mnt/d/AnalogRF-IR/runs/ablations_ihp130_ota_frontier_stress_relaxed_llm_full_50cell_20260614/llm_full_residual_escape_postprocess_fallback__folded_cascode_ota_ihp130_frontier_stress__seed_3/iter_001/result.json,/mnt/d/AnalogRF-IR/runs/ablations_ihp130_ota_frontier_stress_relaxed_llm_full_50cell_20260614/llm_full_residual_escape_postprocess_fallback__folded_cascode_ota_ihp130_frontier_stress__seed_3,True,True,True,True,True,5708.055465107226,,,False,,,1,cascode_ota_op_tune,False,45.8474453,33319354.183798745,81.13543945072121,16153745.84937229,0.9594758000000001,2.07e-05,cascode operating-point repair required before AC metrics are reliable
llm_full_residual_escape_postprocess_fallback__folded_cascode_ota_ihp130_frontier_stress__seed_4,llm_full_residual_escape_postprocess_fallback,LLM diagnosis + repair,llm_full,inputs/ota_stress/frontier/folded_cascode_ota_ihp130_frontier_stress.yaml,folded_cascode_ota_ihp130,Folded cascode,4,passed,0,/mnt/d/AnalogRF-IR/runs/ablations_ihp130_ota_frontier_stress_relaxed_llm_full_50cell_20260614/llm_full_residual_escape_postprocess_fallback__folded_cascode_ota_ihp130_frontier_stress__seed_4/iter_001/result.json,/mnt/d/AnalogRF-IR/runs/ablations_ihp130_ota_frontier_stress_relaxed_llm_full_50cell_20260614/llm_full_residual_escape_postprocess_fallback__folded_cascode_ota_ihp130_frontier_stress__seed_4,True,True,True,True,True,5750.338500671878,,,False,,,1,cascode_ota_op_tune,False,45.8474453,33319354.183798745,81.13543945072121,16153745.84937229,0.9594758000000001,2.07e-05,cascode operating-point repair required before AC metrics are reliable
llm_full_residual_escape_postprocess_fallback__folded_cascode_ota_ihp130_frontier_stress__seed_5,llm_full_residual_escape_postprocess_fallback,LLM diagnosis + repair,llm_full,inputs/ota_stress/frontier/folded_cascode_ota_ihp130_frontier_stress.yaml,folded_cascode_ota_ihp130,Folded cascode,5,passed,0,/mnt/d/AnalogRF-IR/runs/ablations_ihp130_ota_frontier_stress_relaxed_llm_full_50cell_20260614/llm_full_residual_escape_postprocess_fallback__folded_cascode_ota_ihp130_frontier_stress__seed_5/iter_001/result.json,/mnt/d/AnalogRF-IR/runs/ablations_ihp130_ota_frontier_stress_relaxed_llm_full_50cell_20260614/llm_full_residual_escape_postprocess_fallback__folded_cascode_ota_ihp130_frontier_stress__seed_5,True,True,True,True,True,5704.98321900534,,,False,,,1,cascode_ota_op_tune,False,45.8474453,33319354.183798745,81.13543945072121,16153745.84937229,0.9594758000000001,2.07e-05,cascode operating-point repair required before AC metrics are reliable
llm_full_residual_escape_postprocess_fallback__folded_cascode_ota_ihp130_frontier_stress__seed_7,llm_full_residual_escape_postprocess_fallback,LLM diagnosis + repair,llm_full,inputs/ota_stress/frontier/folded_cascode_ota_ihp130_frontier_stress.yaml,folded_cascode_ota_ihp130,Folded cascode,7,passed,0,/mnt/d/AnalogRF-IR/runs/ablations_ihp130_ota_frontier_stress_relaxed_llm_full_50cell_20260614/llm_full_residual_escape_postprocess_fallback__folded_cascode_ota_ihp130_frontier_stress__seed_7/iter_001/result.json,/mnt/d/AnalogRF-IR/runs/ablations_ihp130_ota_frontier_stress_relaxed_llm_full_50cell_20260614/llm_full_residual_escape_postprocess_fallback__folded_cascode_ota_ihp130_frontier_stress__seed_7,True,True,True,True,True,5715.54031646401,,,False,,,1,cascode_ota_op_tune,False,45.8474453,33319354.183798745,81.13543945072121,16153745.84937229,0.9594758000000001,2.07e-05,cascode operating-point repair required before AC metrics are reliable
llm_full_residual_escape_postprocess_fallback__folded_cascode_ota_ihp130_frontier_stress__seed_6,llm_full_residual_escape_postprocess_fallback,LLM diagnosis + repair,llm_full,inputs/ota_stress/frontier/folded_cascode_ota_ihp130_frontier_stress.yaml,folded_cascode_ota_ihp130,Folded cascode,6,passed,0,/mnt/d/AnalogRF-IR/runs/ablations_ihp130_ota_frontier_stress_relaxed_llm_full_50cell_20260614/llm_full_residual_escape_postprocess_fallback__folded_cascode_ota_ihp130_frontier_stress__seed_6/iter_001/result.json,/mnt/d/AnalogRF-IR/runs/ablations_ihp130_ota_frontier_stress_relaxed_llm_full_50cell_20260614/llm_full_residual_escape_postprocess_fallback__folded_cascode_ota_ihp130_frontier_stress__seed_6,True,True,True,True,True,5707.883668832947,,,False,,,1,cascode_ota_op_tune,False,45.8474453,33319354.183798745,81.13543945072121,16153745.84937229,0.9594758000000001,2.07e-05,ngspice-measured cascode saturation repair
llm_full_residual_escape_postprocess_fallback__folded_cascode_ota_ihp130_frontier_stress__seed_8,llm_full_residual_escape_postprocess_fallback,LLM diagnosis + repair,llm_full,inputs/ota_stress/frontier/folded_cascode_ota_ihp130_frontier_stress.yaml,folded_cascode_ota_ihp130,Folded cascode,8,passed,0,/mnt/d/AnalogRF-IR/runs/ablations_ihp130_ota_frontier_stress_relaxed_llm_full_50cell_20260614/llm_full_residual_escape_postprocess_fallback__folded_cascode_ota_ihp130_frontier_stress__seed_8/iter_001/result.json,/mnt/d/AnalogRF-IR/runs/ablations_ihp130_ota_frontier_stress_relaxed_llm_full_50cell_20260614/llm_full_residual_escape_postprocess_fallback__folded_cascode_ota_ihp130_frontier_stress__seed_8,True,True,True,True,True,5783.501740428066,,,False,,,1,cascode_ota_op_tune,False,45.8474453,33319354.183798745,81.13543945072121,16153745.84937229,0.9594758000000001,2.07e-05,cascode operating-point repair required before AC metrics are reliable
llm_full_residual_escape_postprocess_fallback__folded_cascode_ota_ihp130_frontier_stress__seed_9,llm_full_residual_escape_postprocess_fallback,LLM diagnosis + repair,llm_full,inputs/ota_stress/frontier/folded_cascode_ota_ihp130_frontier_stress.yaml,folded_cascode_ota_ihp130,Folded cascode,9,passed,0,/mnt/d/AnalogRF-IR/runs/ablations_ihp130_ota_frontier_stress_relaxed_llm_full_50cell_20260614/llm_full_residual_escape_postprocess_fallback__folded_cascode_ota_ihp130_frontier_stress__seed_9/iter_001/result.json,/mnt/d/AnalogRF-IR/runs/ablations_ihp130_ota_frontier_stress_relaxed_llm_full_50cell_20260614/llm_full_residual_escape_postprocess_fallback__folded_cascode_ota_ihp130_frontier_stress__seed_9,True,True,True,True,True,5747.9821377859735,,,False,,,1,cascode_ota_op_tune,False,45.8474453,33319354.183798745,81.13543945072121,16153745.84937229,0.9594758000000001,2.07e-05,cascode operating-point repair required before AC metrics are reliable
llm_full_residual_escape_postprocess_fallback__telescopic_ota_ihp130_frontier_stress__seed_1,llm_full_residual_escape_postprocess_fallback,LLM diagnosis + repair,llm_full,inputs/ota_stress/frontier/telescopic_ota_ihp130_frontier_stress.yaml,telescopic_ota_ihp130,Telescopic,1,passed,0,/mnt/d/AnalogRF-IR/runs/ablations_ihp130_ota_frontier_stress_relaxed_llm_full_50cell_20260614/llm_full_residual_escape_postprocess_fallback__telescopic_ota_ihp130_frontier_stress__seed_1/iter_001/result.json,/mnt/d/AnalogRF-IR/runs/ablations_ihp130_ota_frontier_stress_relaxed_llm_full_50cell_20260614/llm_full_residual_escape_postprocess_fallback__telescopic_ota_ihp130_frontier_stress__seed_1,True,True,True,True,True,8249.470622856134,,,False,,,1,cascode_ota_op_tune,False,48.4017404,12641133.296512159,83.3198697852897,5779632.407056392,0.9577692,1.646364e-05,cascode operating-point repair required before AC metrics are reliable
llm_full_residual_escape_postprocess_fallback__folded_cascode_ota_ihp130_frontier_stress__seed_10,llm_full_residual_escape_postprocess_fallback,LLM diagnosis + repair,llm_full,inputs/ota_stress/frontier/folded_cascode_ota_ihp130_frontier_stress.yaml,folded_cascode_ota_ihp130,Folded cascode,10,passed,0,/mnt/d/AnalogRF-IR/runs/ablations_ihp130_ota_frontier_stress_relaxed_llm_full_50cell_20260614/llm_full_residual_escape_postprocess_fallback__folded_cascode_ota_ihp130_frontier_stress__seed_10/iter_001/result.json,/mnt/d/AnalogRF-IR/runs/ablations_ihp130_ota_frontier_stress_relaxed_llm_full_50cell_20260614/llm_full_residual_escape_postprocess_fallback__folded_cascode_ota_ihp130_frontier_stress__seed_10,True,True,True,True,True,5723.986249500988,,,False,,,1,cascode_ota_op_tune,False,45.8474453,33319354.183798745,81.13543945072121,16153745.84937229,0.9594758000000001,2.07e-05,cascode operating-point repair required before AC metrics are reliable
llm_full_residual_escape_postprocess_fallback__telescopic_ota_ihp130_frontier_stress__seed_2,llm_full_residual_escape_postprocess_fallback,LLM diagnosis + repair,llm_full,inputs/ota_stress/frontier/telescopic_ota_ihp130_frontier_stress.yaml,telescopic_ota_ihp130,Telescopic,2,passed,0,/mnt/d/AnalogRF-IR/runs/ablations_ihp130_ota_frontier_stress_relaxed_llm_full_50cell_20260614/llm_full_residual_escape_postprocess_fallback__telescopic_ota_ihp130_frontier_stress__seed_2/iter_001/result.json,/mnt/d/AnalogRF-IR/runs/ablations_ihp130_ota_frontier_stress_relaxed_llm_full_50cell_20260614/llm_full_residual_escape_postprocess_fallback__telescopic_ota_ihp130_frontier_stress__seed_2,True,True,True,True,True,8439.83970303998,,,False,,,1,cascode_ota_op_tune,False,48.4017404,12641133.296512159,83.3198697852897,5779632.407056392,0.9577692,1.646364e-05,cascode operating-point repair required before AC metrics are reliable
llm_full_residual_escape_postprocess_fallback__telescopic_ota_ihp130_frontier_stress__seed_3,llm_full_residual_escape_postprocess_fallback,LLM diagnosis + repair,llm_full,inputs/ota_stress/frontier/telescopic_ota_ihp130_frontier_stress.yaml,telescopic_ota_ihp130,Telescopic,3,passed,0,/mnt/d/AnalogRF-IR/runs/ablations_ihp130_ota_frontier_stress_relaxed_llm_full_50cell_20260614/llm_full_residual_escape_postprocess_fallback__telescopic_ota_ihp130_frontier_stress__seed_3/iter_001/result.json,/mnt/d/AnalogRF-IR/runs/ablations_ihp130_ota_frontier_stress_relaxed_llm_full_50cell_20260614/llm_full_residual_escape_postprocess_fallback__telescopic_ota_ihp130_frontier_stress__seed_3,True,True,True,True,True,8195.671507150513,,,False,,,1,cascode_ota_op_tune,False,48.4017404,12641133.296512159,83.3198697852897,5779632.407056392,0.9577692,1.646364e-05,cascode operating-point repair required before AC metrics are reliable
llm_full_residual_escape_postprocess_fallback__telescopic_ota_ihp130_frontier_stress__seed_4,llm_full_residual_escape_postprocess_fallback,LLM diagnosis + repair,llm_full,inputs/ota_stress/frontier/telescopic_ota_ihp130_frontier_stress.yaml,telescopic_ota_ihp130,Telescopic,4,passed,0,/mnt/d/AnalogRF-IR/runs/ablations_ihp130_ota_frontier_stress_relaxed_llm_full_50cell_20260614/llm_full_residual_escape_postprocess_fallback__telescopic_ota_ihp130_frontier_stress__seed_4/iter_001/result.json,/mnt/d/AnalogRF-IR/runs/ablations_ihp130_ota_frontier_stress_relaxed_llm_full_50cell_20260614/llm_full_residual_escape_postprocess_fallback__telescopic_ota_ihp130_frontier_stress__seed_4,True,True,True,True,True,8237.146427299673,,,False,,,1,cascode_ota_op_tune,False,48.4017404,12641133.296512159,83.3198697852897,5779632.407056392,0.9577692,1.646364e-05,cascode operating-point repair required before AC metrics are reliable
llm_full_residual_escape_postprocess_fallback__telescopic_ota_ihp130_frontier_stress__seed_5,llm_full_residual_escape_postprocess_fallback,LLM diagnosis + repair,llm_full,inputs/ota_stress/frontier/telescopic_ota_ihp130_frontier_stress.yaml,telescopic_ota_ihp130,Telescopic,5,passed,0,/mnt/d/AnalogRF-IR/runs/ablations_ihp130_ota_frontier_stress_relaxed_llm_full_50cell_20260614/llm_full_residual_escape_postprocess_fallback__telescopic_ota_ihp130_frontier_stress__seed_5/iter_001/result.json,/mnt/d/AnalogRF-IR/runs/ablations_ihp130_ota_frontier_stress_relaxed_llm_full_50cell_20260614/llm_full_residual_escape_postprocess_fallback__telescopic_ota_ihp130_frontier_stress__seed_5,True,True,True,True,True,8238.35501119676,,,False,,,1,cascode_ota_op_tune,False,48.4017404,12641133.296512159,83.3198697852897,5779632.407056392,0.9577692,1.646364e-05,cascode operating-point repair required before AC metrics are reliable
llm_full_residual_escape_postprocess_fallback__telescopic_ota_ihp130_frontier_stress__seed_6,llm_full_residual_escape_postprocess_fallback,LLM diagnosis + repair,llm_full,inputs/ota_stress/frontier/telescopic_ota_ihp130_frontier_stress.yaml,telescopic_ota_ihp130,Telescopic,6,passed,0,/mnt/d/AnalogRF-IR/runs/ablations_ihp130_ota_frontier_stress_relaxed_llm_full_50cell_20260614/llm_full_residual_escape_postprocess_fallback__telescopic_ota_ihp130_frontier_stress__seed_6/iter_001/result.json,/mnt/d/AnalogRF-IR/runs/ablations_ihp130_ota_frontier_stress_relaxed_llm_full_50cell_20260614/llm_full_residual_escape_postprocess_fallback__telescopic_ota_ihp130_frontier_stress__seed_6,True,True,True,True,True,8184.033780698767,,,False,,,1,cascode_ota_op_tune,False,48.4017404,12641133.296512159,83.3198697852897,5779632.407056392,0.9577692,1.646364e-05,cascode operating-point repair required before AC metrics are reliable
llm_full_residual_escape_postprocess_fallback__telescopic_ota_ihp130_frontier_stress__seed_7,llm_full_residual_escape_postprocess_fallback,LLM diagnosis + repair,llm_full,inputs/ota_stress/frontier/telescopic_ota_ihp130_frontier_stress.yaml,telescopic_ota_ihp130,Telescopic,7,passed,0,/mnt/d/AnalogRF-IR/runs/ablations_ihp130_ota_frontier_stress_relaxed_llm_full_50cell_20260614/llm_full_residual_escape_postprocess_fallback__telescopic_ota_ihp130_frontier_stress__seed_7/iter_001/result.json,/mnt/d/AnalogRF-IR/runs/ablations_ihp130_ota_frontier_stress_relaxed_llm_full_50cell_20260614/llm_full_residual_escape_postprocess_fallback__telescopic_ota_ihp130_frontier_stress__seed_7,True,True,True,True,True,8278.329713692267,,,False,,,1,cascode_ota_op_tune,False,48.4017404,12641133.296512159,83.3198697852897,5779632.407056392,0.9577692,1.646364e-05,cascode operating-point repair required before AC metrics are reliable
llm_full_residual_escape_postprocess_fallback__telescopic_ota_ihp130_frontier_stress__seed_9,llm_full_residual_escape_postprocess_fallback,LLM diagnosis + repair,llm_full,inputs/ota_stress/frontier/telescopic_ota_ihp130_frontier_stress.yaml,telescopic_ota_ihp130,Telescopic,9,passed,0,/mnt/d/AnalogRF-IR/runs/ablations_ihp130_ota_frontier_stress_relaxed_llm_full_50cell_20260614/llm_full_residual_escape_postprocess_fallback__telescopic_ota_ihp130_frontier_stress__seed_9/iter_001/result.json,/mnt/d/AnalogRF-IR/runs/ablations_ihp130_ota_frontier_stress_relaxed_llm_full_50cell_20260614/llm_full_residual_escape_postprocess_fallback__telescopic_ota_ihp130_frontier_stress__seed_9,True,True,True,True,True,8369.718382382385,,,False,,,1,cascode_ota_op_tune,False,48.4017404,12641133.296512159,83.3198697852897,5779632.407056392,0.9577692,1.646364e-05,cascode operating-point repair required before AC metrics are reliable
llm_full_residual_escape_postprocess_fallback__telescopic_ota_ihp130_frontier_stress__seed_8,llm_full_residual_escape_postprocess_fallback,LLM diagnosis + repair,llm_full,inputs/ota_stress/frontier/telescopic_ota_ihp130_frontier_stress.yaml,telescopic_ota_ihp130,Telescopic,8,passed,0,/mnt/d/AnalogRF-IR/runs/ablations_ihp130_ota_frontier_stress_relaxed_llm_full_50cell_20260614/llm_full_residual_escape_postprocess_fallback__telescopic_ota_ihp130_frontier_stress__seed_8/iter_001/result.json,/mnt/d/AnalogRF-IR/runs/ablations_ihp130_ota_frontier_stress_relaxed_llm_full_50cell_20260614/llm_full_residual_escape_postprocess_fallback__telescopic_ota_ihp130_frontier_stress__seed_8,True,True,True,True,True,8393.428584313435,,,False,,,1,cascode_ota_op_tune,False,48.4017404,12641133.296512159,83.3198697852897,5779632.407056392,0.9577692,1.646364e-05,cascode operating-point repair required before AC metrics are reliable
llm_full_residual_escape_postprocess_fallback__telescopic_ota_ihp130_frontier_stress__seed_10,llm_full_residual_escape_postprocess_fallback,LLM diagnosis + repair,llm_full,inputs/ota_stress/frontier/telescopic_ota_ihp130_frontier_stress.yaml,telescopic_ota_ihp130,Telescopic,10,passed,0,/mnt/d/AnalogRF-IR/runs/ablations_ihp130_ota_frontier_stress_relaxed_llm_full_50cell_20260614/llm_full_residual_escape_postprocess_fallback__telescopic_ota_ihp130_frontier_stress__seed_10/iter_001/result.json,/mnt/d/AnalogRF-IR/runs/ablations_ihp130_ota_frontier_stress_relaxed_llm_full_50cell_20260614/llm_full_residual_escape_postprocess_fallback__telescopic_ota_ihp130_frontier_stress__seed_10,True,True,True,True,True,8290.161143641553,,,False,,,1,cascode_ota_op_tune,False,48.4017404,12641133.296512159,83.3198697852897,5779632.407056392,0.9577692,1.646364e-05,cascode operating-point repair required before AC metrics are reliable
llm_full_residual_escape_postprocess_fallback__two_stage_miller_ota_frontier_stress__seed_2,llm_full_residual_escape_postprocess_fallback,LLM diagnosis + repair,llm_full,inputs/ota_stress/frontier/two_stage_miller_ota_frontier_stress.yaml,two_stage_miller_ota,Two-stage Miller,2,passed,0,/mnt/d/AnalogRF-IR/runs/ablations_ihp130_ota_frontier_stress_relaxed_llm_full_50cell_20260614/llm_full_residual_escape_postprocess_fallback__two_stage_miller_ota_frontier_stress__seed_2/iter_001/result.json,/mnt/d/AnalogRF-IR/runs/ablations_ihp130_ota_frontier_stress_relaxed_llm_full_50cell_20260614/llm_full_residual_escape_postprocess_fallback__two_stage_miller_ota_frontier_stress__seed_2,True,True,True,True,True,2539.7237890996903,,,False,,,3,compensation_tune|initial_operating_point|stage2_balance,True,57.0398012,36709863.86543687,71.72681278567944,29886527.04277703,0.7873066,0.0003723984,near-feasible optimizer estimate
llm_full_residual_escape_postprocess_fallback__two_stage_miller_ota_frontier_stress__seed_1,llm_full_residual_escape_postprocess_fallback,LLM diagnosis + repair,llm_full,inputs/ota_stress/frontier/two_stage_miller_ota_frontier_stress.yaml,two_stage_miller_ota,Two-stage Miller,1,passed,0,/mnt/d/AnalogRF-IR/runs/ablations_ihp130_ota_frontier_stress_relaxed_llm_full_50cell_20260614/llm_full_residual_escape_postprocess_fallback__two_stage_miller_ota_frontier_stress__seed_1/iter_003/result.json,/mnt/d/AnalogRF-IR/runs/ablations_ihp130_ota_frontier_stress_relaxed_llm_full_50cell_20260614/llm_full_residual_escape_postprocess_fallback__two_stage_miller_ota_frontier_stress__seed_1,True,True,True,True,True,804.2444293228926,,,True,ok,"In residual_escape audit mode, the optimizer''s selected actions are | Residual LLM audit produced no validated custom hypothesis; falling | The only failed target is slew_rate, and the constrained_action_optimizer",6,compensation_tune|initial_operating_point|stage2_balance,True,57.0398012,36709863.86543687,71.72681278567944,29886527.04277703,0.7873066,0.0003723984,stagnation fallback requested by adaptive agent loop
llm_full_residual_escape_postprocess_fallback__two_stage_miller_ota_frontier_stress__seed_4,llm_full_residual_escape_postprocess_fallback,LLM diagnosis + repair,llm_full,inputs/ota_stress/frontier/two_stage_miller_ota_frontier_stress.yaml,two_stage_miller_ota,Two-stage Miller,4,passed,0,/mnt/d/AnalogRF-IR/runs/ablations_ihp130_ota_frontier_stress_relaxed_llm_full_50cell_20260614/llm_full_residual_escape_postprocess_fallback__two_stage_miller_ota_frontier_stress__seed_4/iter_001/result.json,/mnt/d/AnalogRF-IR/runs/ablations_ihp130_ota_frontier_stress_relaxed_llm_full_50cell_20260614/llm_full_residual_escape_postprocess_fallback__two_stage_miller_ota_frontier_stress__seed_4,True,True,True,True,True,1039.457360207461,,,False,,,3,compensation_tune|initial_operating_point|stage2_balance,True,57.0398012,36709863.86543687,71.72681278567944,29886527.04277703,0.7873066,0.0003723984,near-feasible optimizer estimate
llm_full_residual_escape_postprocess_fallback__two_stage_miller_ota_frontier_stress__seed_3,llm_full_residual_escape_postprocess_fallback,LLM diagnosis + repair,llm_full,inputs/ota_stress/frontier/two_stage_miller_ota_frontier_stress.yaml,two_stage_miller_ota,Two-stage Miller,3,passed,0,/mnt/d/AnalogRF-IR/runs/ablations_ihp130_ota_frontier_stress_relaxed_llm_full_50cell_20260614/llm_full_residual_escape_postprocess_fallback__two_stage_miller_ota_frontier_stress__seed_3/iter_003/result.json,/mnt/d/AnalogRF-IR/runs/ablations_ihp130_ota_frontier_stress_relaxed_llm_full_50cell_20260614/llm_full_residual_escape_postprocess_fallback__two_stage_miller_ota_frontier_stress__seed_3,True,True,True,True,True,1020.4992957677707,,,True,ok,"Residual LLM audit produced no validated custom hypothesis; falling | The current optimizer-selected moves (M7 gm/id and M6 L) yield small | The design has three failing specs: dc_gain, unity_gain_bandwidth,",3,compensation_tune|initial_operating_point|stage2_balance,True,57.0398012,36709863.86543687,71.72681278567944,29886527.04277703,0.7873066,0.0003723984,near-feasible optimizer estimate
llm_full_residual_escape_postprocess_fallback__two_stage_miller_ota_frontier_stress__seed_5,llm_full_residual_escape_postprocess_fallback,LLM diagnosis + repair,llm_full,inputs/ota_stress/frontier/two_stage_miller_ota_frontier_stress.yaml,two_stage_miller_ota,Two-stage Miller,5,passed,0,/mnt/d/AnalogRF-IR/runs/ablations_ihp130_ota_frontier_stress_relaxed_llm_full_50cell_20260614/llm_full_residual_escape_postprocess_fallback__two_stage_miller_ota_frontier_stress__seed_5/iter_002/result.json,/mnt/d/AnalogRF-IR/runs/ablations_ihp130_ota_frontier_stress_relaxed_llm_full_50cell_20260614/llm_full_residual_escape_postprocess_fallback__two_stage_miller_ota_frontier_stress__seed_5,True,True,True,True,True,1040.4003323583577,,,True,ok,Apply optimizer-selected actions that improve dc_gain and UGBW while,3,compensation_tune|initial_operating_point|stage2_balance,True,57.0398012,36709863.86543687,71.72681278567944,29886527.04277703,0.7873066,0.0003723984,near-feasible optimizer estimate
llm_full_residual_escape_postprocess_fallback__two_stage_miller_ota_frontier_stress__seed_6,llm_full_residual_escape_postprocess_fallback,LLM diagnosis + repair,llm_full,inputs/ota_stress/frontier/two_stage_miller_ota_frontier_stress.yaml,two_stage_miller_ota,Two-stage Miller,6,passed,0,/mnt/d/AnalogRF-IR/runs/ablations_ihp130_ota_frontier_stress_relaxed_llm_full_50cell_20260614/llm_full_residual_escape_postprocess_fallback__two_stage_miller_ota_frontier_stress__seed_6/iter_001/result.json,/mnt/d/AnalogRF-IR/runs/ablations_ihp130_ota_frontier_stress_relaxed_llm_full_50cell_20260614/llm_full_residual_escape_postprocess_fallback__two_stage_miller_ota_frontier_stress__seed_6,True,True,True,True,True,2340.889620088811,,,False,,,3,compensation_tune|initial_operating_point|stage2_balance,True,57.0398012,36709863.86543687,71.72681278567944,29886527.04277703,0.7873066,0.0003723984,near-feasible optimizer estimate
llm_full_residual_escape_postprocess_fallback__two_stage_miller_ota_frontier_stress__seed_7,llm_full_residual_escape_postprocess_fallback,LLM diagnosis + repair,llm_full,inputs/ota_stress/frontier/two_stage_miller_ota_frontier_stress.yaml,two_stage_miller_ota,Two-stage Miller,7,passed,0,/mnt/d/AnalogRF-IR/runs/ablations_ihp130_ota_frontier_stress_relaxed_llm_full_50cell_20260614/llm_full_residual_escape_postprocess_fallback__two_stage_miller_ota_frontier_stress__seed_7/iter_002/result.json,/mnt/d/AnalogRF-IR/runs/ablations_ihp130_ota_frontier_stress_relaxed_llm_full_50cell_20260614/llm_full_residual_escape_postprocess_fallback__two_stage_miller_ota_frontier_stress__seed_7,True,True,True,True,True,951.3635009794709,,,True,ok,Residual LLM audit produced no validated custom hypothesis; falling | The optimizer-selected I_tail decrease is applied as a safe coarse,3,compensation_tune|initial_operating_point|stage2_balance,True,56.5395499,57021916.040040925,62.87552201754616,40242481.33623136,0.7704404999999999,0.0005258652,near-feasible optimizer estimate
llm_full_residual_escape_postprocess_fallback__two_stage_miller_ota_frontier_stress__seed_9,llm_full_residual_escape_postprocess_fallback,LLM diagnosis + repair,llm_full,inputs/ota_stress/frontier/two_stage_miller_ota_frontier_stress.yaml,two_stage_miller_ota,Two-stage Miller,9,passed,0,/mnt/d/AnalogRF-IR/runs/ablations_ihp130_ota_frontier_stress_relaxed_llm_full_50cell_20260614/llm_full_residual_escape_postprocess_fallback__two_stage_miller_ota_frontier_stress__seed_9/iter_002/result.json,/mnt/d/AnalogRF-IR/runs/ablations_ihp130_ota_frontier_stress_relaxed_llm_full_50cell_20260614/llm_full_residual_escape_postprocess_fallback__two_stage_miller_ota_frontier_stress__seed_9,True,True,True,True,True,1236.2183907414346,,,True,ok,Apply optimizer-selected actions Cc decrease and M6.L increase as proven | Residual LLM audit produced no validated custom hypothesis; falling,3,compensation_tune|initial_operating_point|stage2_balance,True,57.0398012,36709863.86543687,71.72681278567944,29886527.04277703,0.7873066,0.0003723984,near-feasible optimizer estimate
llm_full_residual_escape_postprocess_fallback__two_stage_miller_ota_frontier_stress__seed_8,llm_full_residual_escape_postprocess_fallback,LLM diagnosis + repair,llm_full,inputs/ota_stress/frontier/two_stage_miller_ota_frontier_stress.yaml,two_stage_miller_ota,Two-stage Miller,8,passed,0,/mnt/d/AnalogRF-IR/runs/ablations_ihp130_ota_frontier_stress_relaxed_llm_full_50cell_20260614/llm_full_residual_escape_postprocess_fallback__two_stage_miller_ota_frontier_stress__seed_8/iter_003/result.json,/mnt/d/AnalogRF-IR/runs/ablations_ihp130_ota_frontier_stress_relaxed_llm_full_50cell_20260614/llm_full_residual_escape_postprocess_fallback__two_stage_miller_ota_frontier_stress__seed_8,True,True,True,True,True,459.2992142371244,,,True,ok,Residual LLM audit produced no validated custom hypothesis; falling | The optimizer selected two actions (M7.gm_id increase and M6.L increase) | The optimizer selected two actions that improve all three failed targets.,3,compensation_tune|initial_operating_point|stage2_balance,True,57.0398012,36709863.86543687,71.72681278567944,29886527.04277703,0.7873066,0.0003723984,stagnation fallback requested by adaptive agent loop
llm_full_residual_escape_postprocess_fallback__two_stage_miller_ota_frontier_stress__seed_10,llm_full_residual_escape_postprocess_fallback,LLM diagnosis + repair,llm_full,inputs/ota_stress/frontier/two_stage_miller_ota_frontier_stress.yaml,two_stage_miller_ota,Two-stage Miller,10,passed,0,/mnt/d/AnalogRF-IR/runs/ablations_ihp130_ota_frontier_stress_relaxed_llm_full_50cell_20260614/llm_full_residual_escape_postprocess_fallback__two_stage_miller_ota_frontier_stress__seed_10/iter_001/result.json,/mnt/d/AnalogRF-IR/runs/ablations_ihp130_ota_frontier_stress_relaxed_llm_full_50cell_20260614/llm_full_residual_escape_postprocess_fallback__two_stage_miller_ota_frontier_stress__seed_10,True,True,True,True,True,1585.1365875984632,,,False,,,3,compensation_tune|initial_operating_point|stage2_balance,True,57.0398012,36709863.86543687,71.72681278567944,29886527.04277703,0.7873066,0.0003723984,near-feasible optimizer estimate
