run,iteration,method_id,method,topology_id,topology,action_id,action_metric,source,supported,reduced_metrics,worsened_metrics,failed_metric_reduction,failed_metric_worsening,violation_reduction
diagnosis_spice_postprocess_fallback__two_stage_miller_ota__seed_1,001,diagnosis_spice_postprocess_fallback,Diagnosis + repair,two_stage_miller_ota,Two-stage,dc_gain_01_M1_gm_id_increase,dc_gain,spice_small_perturbation,True,unity_gain_bandwidth,dc_gain|saturation_margin,0.009131,0.028196,0.013773
diagnosis_spice_postprocess_fallback__two_stage_miller_ota__seed_1,001,diagnosis_spice_postprocess_fallback,Diagnosis + repair,two_stage_miller_ota,Two-stage,dc_gain_02_M6_gm_id_increase,dc_gain,spice_small_perturbation,False,,dc_gain|saturation_margin|unity_gain_bandwidth,0.0,0.36548600000000003,-0.101191
diagnosis_spice_postprocess_fallback__two_stage_miller_ota__seed_1,001,diagnosis_spice_postprocess_fallback,Diagnosis + repair,two_stage_miller_ota,Two-stage,unity_gain_bandwidth_02_global_Cc_decrease,unity_gain_bandwidth,spice_small_perturbation,True,unity_gain_bandwidth,,0.037783,0.0,0.058587
diagnosis_spice_postprocess_fallback__two_stage_miller_ota__seed_1,001,diagnosis_spice_postprocess_fallback,Diagnosis + repair,two_stage_miller_ota,Two-stage,saturation_margin_02_global_I_tail_increase,saturation_margin,spice_small_perturbation,False,,dc_gain|saturation_margin|unity_gain_bandwidth,0.0,1.404375,-0.125511
diagnosis_spice_postprocess_fallback__two_stage_miller_ota__seed_1,001,diagnosis_spice_postprocess_fallback,Diagnosis + repair,two_stage_miller_ota,Two-stage,saturation_margin_03_M7_gm_id_increase,saturation_margin,spice_small_perturbation,True,dc_gain|saturation_margin|unity_gain_bandwidth,,0.032763,0.0,0.008326
diagnosis_spice_postprocess_fallback__two_stage_miller_ota__seed_1,001,diagnosis_spice_postprocess_fallback,Diagnosis + repair,two_stage_miller_ota,Two-stage,dc_gain_04_M3_L_increase,dc_gain,spice_small_perturbation,False,,dc_gain|saturation_margin|unity_gain_bandwidth,0.0,0.558518,-0.065487
diagnosis_spice_postprocess_fallback__two_stage_miller_ota__seed_1,001,diagnosis_spice_postprocess_fallback,Diagnosis + repair,two_stage_miller_ota,Two-stage,dc_gain_05_M6_L_increase,dc_gain,spice_small_perturbation,True,dc_gain|saturation_margin|unity_gain_bandwidth,,0.20158600000000002,0.0,0.043038
diagnosis_spice_postprocess_fallback__two_stage_miller_ota__seed_1,001,diagnosis_spice_postprocess_fallback,Diagnosis + repair,two_stage_miller_ota,Two-stage,dc_gain_06_M7_L_increase,dc_gain,spice_small_perturbation,False,,dc_gain|saturation_margin|unity_gain_bandwidth,0.0,0.038058999999999996,-0.009594
diagnosis_spice_postprocess_fallback__two_stage_miller_ota__seed_3,001,diagnosis_spice_postprocess_fallback,Diagnosis + repair,two_stage_miller_ota,Two-stage,dc_gain_01_M1_gm_id_increase,dc_gain,spice_small_perturbation,True,unity_gain_bandwidth,dc_gain|saturation_margin,0.00872,0.032413,0.012392
diagnosis_spice_postprocess_fallback__two_stage_miller_ota__seed_3,001,diagnosis_spice_postprocess_fallback,Diagnosis + repair,two_stage_miller_ota,Two-stage,dc_gain_02_M6_gm_id_increase,dc_gain,spice_small_perturbation,False,,dc_gain|saturation_margin|unity_gain_bandwidth,0.0,0.356006,-0.096678
diagnosis_spice_postprocess_fallback__two_stage_miller_ota__seed_3,001,diagnosis_spice_postprocess_fallback,Diagnosis + repair,two_stage_miller_ota,Two-stage,unity_gain_bandwidth_02_global_Cc_decrease,unity_gain_bandwidth,spice_small_perturbation,True,unity_gain_bandwidth,,0.03529,0.0,0.055745
diagnosis_spice_postprocess_fallback__two_stage_miller_ota__seed_3,001,diagnosis_spice_postprocess_fallback,Diagnosis + repair,two_stage_miller_ota,Two-stage,saturation_margin_02_global_I_tail_increase,saturation_margin,spice_small_perturbation,False,,dc_gain|saturation_margin|unity_gain_bandwidth,0.0,1.530717,-0.130684
diagnosis_spice_postprocess_fallback__two_stage_miller_ota__seed_3,001,diagnosis_spice_postprocess_fallback,Diagnosis + repair,two_stage_miller_ota,Two-stage,saturation_margin_03_M7_gm_id_increase,saturation_margin,spice_small_perturbation,True,dc_gain|saturation_margin|unity_gain_bandwidth,,0.013259,0.0,0.003245
diagnosis_spice_postprocess_fallback__two_stage_miller_ota__seed_3,001,diagnosis_spice_postprocess_fallback,Diagnosis + repair,two_stage_miller_ota,Two-stage,dc_gain_04_M3_L_increase,dc_gain,spice_small_perturbation,False,,dc_gain|saturation_margin|unity_gain_bandwidth,0.0,0.756913,-0.085348
diagnosis_spice_postprocess_fallback__two_stage_miller_ota__seed_3,001,diagnosis_spice_postprocess_fallback,Diagnosis + repair,two_stage_miller_ota,Two-stage,dc_gain_05_M6_L_increase,dc_gain,spice_small_perturbation,True,dc_gain|saturation_margin|unity_gain_bandwidth,,0.20217000000000002,0.0,0.042896
diagnosis_spice_postprocess_fallback__two_stage_miller_ota__seed_3,001,diagnosis_spice_postprocess_fallback,Diagnosis + repair,two_stage_miller_ota,Two-stage,dc_gain_06_M7_L_increase,dc_gain,spice_small_perturbation,False,,dc_gain|saturation_margin|unity_gain_bandwidth,0.0,0.030546,-0.007524
diagnosis_spice_postprocess_fallback__two_stage_miller_ota__seed_4,001,diagnosis_spice_postprocess_fallback,Diagnosis + repair,two_stage_miller_ota,Two-stage,dc_gain_01_M1_gm_id_increase,dc_gain,spice_small_perturbation,True,unity_gain_bandwidth,dc_gain|saturation_margin,0.007813,0.01758,0.01187
diagnosis_spice_postprocess_fallback__two_stage_miller_ota__seed_4,001,diagnosis_spice_postprocess_fallback,Diagnosis + repair,two_stage_miller_ota,Two-stage,dc_gain_02_M6_gm_id_increase,dc_gain,spice_small_perturbation,False,,dc_gain|saturation_margin|unity_gain_bandwidth,0.0,0.370599,-0.102177
diagnosis_spice_postprocess_fallback__two_stage_miller_ota__seed_4,001,diagnosis_spice_postprocess_fallback,Diagnosis + repair,two_stage_miller_ota,Two-stage,unity_gain_bandwidth_02_global_Cc_decrease,unity_gain_bandwidth,spice_small_perturbation,True,unity_gain_bandwidth,,0.032348,0.0,0.050623
diagnosis_spice_postprocess_fallback__two_stage_miller_ota__seed_4,001,diagnosis_spice_postprocess_fallback,Diagnosis + repair,two_stage_miller_ota,Two-stage,saturation_margin_02_global_I_tail_increase,saturation_margin,spice_small_perturbation,False,,dc_gain|saturation_margin|unity_gain_bandwidth,0.0,1.3013409999999999,-0.128566
diagnosis_spice_postprocess_fallback__two_stage_miller_ota__seed_4,001,diagnosis_spice_postprocess_fallback,Diagnosis + repair,two_stage_miller_ota,Two-stage,saturation_margin_03_M7_gm_id_increase,saturation_margin,spice_small_perturbation,True,dc_gain|saturation_margin|unity_gain_bandwidth,,0.039351,0.0,0.009831
diagnosis_spice_postprocess_fallback__two_stage_miller_ota__seed_4,001,diagnosis_spice_postprocess_fallback,Diagnosis + repair,two_stage_miller_ota,Two-stage,dc_gain_04_M3_L_increase,dc_gain,spice_small_perturbation,False,,dc_gain|saturation_margin|unity_gain_bandwidth,0.0,0.550694,-0.074607
diagnosis_spice_postprocess_fallback__two_stage_miller_ota__seed_4,001,diagnosis_spice_postprocess_fallback,Diagnosis + repair,two_stage_miller_ota,Two-stage,dc_gain_05_M6_L_increase,dc_gain,spice_small_perturbation,True,dc_gain|saturation_margin|unity_gain_bandwidth,,0.20750200000000002,0.0,0.039613
diagnosis_spice_postprocess_fallback__two_stage_miller_ota__seed_4,001,diagnosis_spice_postprocess_fallback,Diagnosis + repair,two_stage_miller_ota,Two-stage,dc_gain_06_M7_L_increase,dc_gain,spice_small_perturbation,False,,dc_gain|saturation_margin|unity_gain_bandwidth,0.0,0.044722,-0.011044
diagnosis_spice_postprocess_fallback__two_stage_miller_ota__seed_5,001,diagnosis_spice_postprocess_fallback,Diagnosis + repair,two_stage_miller_ota,Two-stage,dc_gain_01_M1_gm_id_increase,dc_gain,spice_small_perturbation,True,unity_gain_bandwidth,dc_gain|saturation_margin,0.010226,0.043248999999999996,0.015292
diagnosis_spice_postprocess_fallback__two_stage_miller_ota__seed_5,001,diagnosis_spice_postprocess_fallback,Diagnosis + repair,two_stage_miller_ota,Two-stage,dc_gain_02_M6_gm_id_increase,dc_gain,spice_small_perturbation,False,,dc_gain|saturation_margin|unity_gain_bandwidth,0.0,0.400012,-0.100315
diagnosis_spice_postprocess_fallback__two_stage_miller_ota__seed_5,001,diagnosis_spice_postprocess_fallback,Diagnosis + repair,two_stage_miller_ota,Two-stage,unity_gain_bandwidth_02_global_Cc_decrease,unity_gain_bandwidth,spice_small_perturbation,True,unity_gain_bandwidth,,0.0372,0.0,0.057511
diagnosis_spice_postprocess_fallback__two_stage_miller_ota__seed_5,001,diagnosis_spice_postprocess_fallback,Diagnosis + repair,two_stage_miller_ota,Two-stage,saturation_margin_02_global_I_tail_increase,saturation_margin,spice_small_perturbation,False,,dc_gain|saturation_margin|unity_gain_bandwidth,0.0,1.559088,-0.127557
diagnosis_spice_postprocess_fallback__two_stage_miller_ota__seed_5,001,diagnosis_spice_postprocess_fallback,Diagnosis + repair,two_stage_miller_ota,Two-stage,saturation_margin_03_M7_gm_id_increase,saturation_margin,spice_small_perturbation,True,dc_gain|saturation_margin|unity_gain_bandwidth,,0.036288,0.0,0.008272
diagnosis_spice_postprocess_fallback__two_stage_miller_ota__seed_5,001,diagnosis_spice_postprocess_fallback,Diagnosis + repair,two_stage_miller_ota,Two-stage,dc_gain_04_M3_L_increase,dc_gain,spice_small_perturbation,False,,dc_gain|saturation_margin|unity_gain_bandwidth,0.0,0.662885,-0.06833
diagnosis_spice_postprocess_fallback__two_stage_miller_ota__seed_5,001,diagnosis_spice_postprocess_fallback,Diagnosis + repair,two_stage_miller_ota,Two-stage,dc_gain_05_M6_L_increase,dc_gain,spice_small_perturbation,True,dc_gain|saturation_margin|unity_gain_bandwidth,,0.236678,0.0,0.044202
diagnosis_spice_postprocess_fallback__two_stage_miller_ota__seed_5,001,diagnosis_spice_postprocess_fallback,Diagnosis + repair,two_stage_miller_ota,Two-stage,dc_gain_06_M7_L_increase,dc_gain,spice_small_perturbation,False,,dc_gain|saturation_margin|unity_gain_bandwidth,0.0,0.042411,-0.009497
diagnosis_spice_postprocess_fallback__two_stage_miller_ota__seed_6,001,diagnosis_spice_postprocess_fallback,Diagnosis + repair,two_stage_miller_ota,Two-stage,dc_gain_01_M1_gm_id_increase,dc_gain,spice_small_perturbation,True,unity_gain_bandwidth,dc_gain|saturation_margin,0.020004,0.028709000000000002,0.020977
diagnosis_spice_postprocess_fallback__two_stage_miller_ota__seed_6,001,diagnosis_spice_postprocess_fallback,Diagnosis + repair,two_stage_miller_ota,Two-stage,dc_gain_02_M6_gm_id_increase,dc_gain,spice_small_perturbation,False,,dc_gain|saturation_margin|unity_gain_bandwidth,0.0,0.187141,-0.074406
diagnosis_spice_postprocess_fallback__two_stage_miller_ota__seed_6,001,diagnosis_spice_postprocess_fallback,Diagnosis + repair,two_stage_miller_ota,Two-stage,unity_gain_bandwidth_02_global_Cc_decrease,unity_gain_bandwidth,spice_small_perturbation,False,,unity_gain_bandwidth,0.0,0.005841,-0.006482
diagnosis_spice_postprocess_fallback__two_stage_miller_ota__seed_6,001,diagnosis_spice_postprocess_fallback,Diagnosis + repair,two_stage_miller_ota,Two-stage,saturation_margin_02_global_I_tail_increase,saturation_margin,spice_small_perturbation,False,,dc_gain|saturation_margin|unity_gain_bandwidth,0.0,1.700229,-0.229426
diagnosis_spice_postprocess_fallback__two_stage_miller_ota__seed_6,001,diagnosis_spice_postprocess_fallback,Diagnosis + repair,two_stage_miller_ota,Two-stage,saturation_margin_03_M7_gm_id_increase,saturation_margin,spice_small_perturbation,True,dc_gain|saturation_margin|unity_gain_bandwidth,,0.033831,0.0,0.011424
diagnosis_spice_postprocess_fallback__two_stage_miller_ota__seed_6,001,diagnosis_spice_postprocess_fallback,Diagnosis + repair,two_stage_miller_ota,Two-stage,dc_gain_04_M3_L_increase,dc_gain,spice_small_perturbation,False,,dc_gain|saturation_margin|unity_gain_bandwidth,0.0,0.655916,-0.128137
diagnosis_spice_postprocess_fallback__two_stage_miller_ota__seed_6,001,diagnosis_spice_postprocess_fallback,Diagnosis + repair,two_stage_miller_ota,Two-stage,dc_gain_05_M6_L_increase,dc_gain,spice_small_perturbation,True,dc_gain|saturation_margin|unity_gain_bandwidth,,0.304299,0.0,0.07101
diagnosis_spice_postprocess_fallback__two_stage_miller_ota__seed_6,001,diagnosis_spice_postprocess_fallback,Diagnosis + repair,two_stage_miller_ota,Two-stage,dc_gain_06_M7_L_increase,dc_gain,spice_small_perturbation,False,,,0.0,0.0,0.0
diagnosis_spice_postprocess_fallback__two_stage_miller_ota__seed_6,002,diagnosis_spice_postprocess_fallback,Diagnosis + repair,two_stage_miller_ota,Two-stage,dc_gain_01_M1_gm_id_increase,dc_gain,spice_small_perturbation,True,unity_gain_bandwidth,dc_gain|saturation_margin,0.006092,0.026709,0.004389
diagnosis_spice_postprocess_fallback__two_stage_miller_ota__seed_6,002,diagnosis_spice_postprocess_fallback,Diagnosis + repair,two_stage_miller_ota,Two-stage,dc_gain_02_M6_gm_id_increase,dc_gain,spice_small_perturbation,False,,dc_gain|saturation_margin|unity_gain_bandwidth,0.0,0.174322,-0.060994
diagnosis_spice_postprocess_fallback__two_stage_miller_ota__seed_6,002,diagnosis_spice_postprocess_fallback,Diagnosis + repair,two_stage_miller_ota,Two-stage,unity_gain_bandwidth_02_global_Cc_decrease,unity_gain_bandwidth,spice_small_perturbation,False,,unity_gain_bandwidth,0.0,0.016367,-0.014087
diagnosis_spice_postprocess_fallback__two_stage_miller_ota__seed_6,002,diagnosis_spice_postprocess_fallback,Diagnosis + repair,two_stage_miller_ota,Two-stage,saturation_margin_02_global_I_tail_increase,saturation_margin,spice_small_perturbation,False,,dc_gain|saturation_margin|unity_gain_bandwidth,0.0,1.7019469999999999,-0.194476
diagnosis_spice_postprocess_fallback__two_stage_miller_ota__seed_6,002,diagnosis_spice_postprocess_fallback,Diagnosis + repair,two_stage_miller_ota,Two-stage,saturation_margin_03_M7_gm_id_increase,saturation_margin,spice_small_perturbation,True,dc_gain|saturation_margin|unity_gain_bandwidth,,0.046651,0.0,0.012981
diagnosis_spice_postprocess_fallback__two_stage_miller_ota__seed_6,002,diagnosis_spice_postprocess_fallback,Diagnosis + repair,two_stage_miller_ota,Two-stage,dc_gain_04_M3_L_increase,dc_gain,spice_small_perturbation,False,,dc_gain|saturation_margin|unity_gain_bandwidth,0.0,0.668655,-0.112244
diagnosis_spice_postprocess_fallback__two_stage_miller_ota__seed_6,002,diagnosis_spice_postprocess_fallback,Diagnosis + repair,two_stage_miller_ota,Two-stage,dc_gain_05_M6_L_increase,dc_gain,spice_small_perturbation,True,dc_gain|saturation_margin|unity_gain_bandwidth,,0.28665,0.0,0.053313
diagnosis_spice_postprocess_fallback__two_stage_miller_ota__seed_6,002,diagnosis_spice_postprocess_fallback,Diagnosis + repair,two_stage_miller_ota,Two-stage,dc_gain_06_M7_L_increase,dc_gain,spice_small_perturbation,False,,,0.0,0.0,0.0
diagnosis_spice_postprocess_fallback__two_stage_miller_ota__seed_7,001,diagnosis_spice_postprocess_fallback,Diagnosis + repair,two_stage_miller_ota,Two-stage,dc_gain_01_M1_gm_id_increase,dc_gain,spice_small_perturbation,True,unity_gain_bandwidth,dc_gain|saturation_margin,0.004415,0.003315,0.006848
diagnosis_spice_postprocess_fallback__two_stage_miller_ota__seed_7,001,diagnosis_spice_postprocess_fallback,Diagnosis + repair,two_stage_miller_ota,Two-stage,dc_gain_02_M6_gm_id_increase,dc_gain,spice_small_perturbation,False,,dc_gain|saturation_margin|unity_gain_bandwidth,0.0,0.415668,-0.070944
diagnosis_spice_postprocess_fallback__two_stage_miller_ota__seed_7,001,diagnosis_spice_postprocess_fallback,Diagnosis + repair,two_stage_miller_ota,Two-stage,unity_gain_bandwidth_02_global_Cc_decrease,unity_gain_bandwidth,spice_small_perturbation,True,unity_gain_bandwidth,,0.02547,0.0,0.043592
diagnosis_spice_postprocess_fallback__two_stage_miller_ota__seed_7,001,diagnosis_spice_postprocess_fallback,Diagnosis + repair,two_stage_miller_ota,Two-stage,saturation_margin_02_global_I_tail_increase,saturation_margin,spice_small_perturbation,False,,dc_gain|saturation_margin|unity_gain_bandwidth,0.0,2.00653,-0.102928
diagnosis_spice_postprocess_fallback__two_stage_miller_ota__seed_7,001,diagnosis_spice_postprocess_fallback,Diagnosis + repair,two_stage_miller_ota,Two-stage,saturation_margin_03_M7_gm_id_increase,saturation_margin,spice_small_perturbation,True,dc_gain|saturation_margin|unity_gain_bandwidth,,0.032764,0.0,0.004843
diagnosis_spice_postprocess_fallback__two_stage_miller_ota__seed_7,001,diagnosis_spice_postprocess_fallback,Diagnosis + repair,two_stage_miller_ota,Two-stage,dc_gain_04_M3_L_increase,dc_gain,spice_small_perturbation,False,,dc_gain|saturation_margin|unity_gain_bandwidth,0.0,0.985225,-0.063648
diagnosis_spice_postprocess_fallback__two_stage_miller_ota__seed_7,001,diagnosis_spice_postprocess_fallback,Diagnosis + repair,two_stage_miller_ota,Two-stage,dc_gain_05_M6_L_increase,dc_gain,spice_small_perturbation,True,dc_gain|saturation_margin|unity_gain_bandwidth,,0.289558,0.0,0.036952
diagnosis_spice_postprocess_fallback__two_stage_miller_ota__seed_7,001,diagnosis_spice_postprocess_fallback,Diagnosis + repair,two_stage_miller_ota,Two-stage,dc_gain_06_M7_L_increase,dc_gain,spice_small_perturbation,False,,dc_gain|saturation_margin|unity_gain_bandwidth,0.0,0.03700199999999999,-0.005402
diagnosis_spice_postprocess_fallback__two_stage_miller_ota__seed_7,002,diagnosis_spice_postprocess_fallback,Diagnosis + repair,two_stage_miller_ota,Two-stage,dc_gain_01_M1_gm_id_increase,dc_gain,spice_small_perturbation,True,unity_gain_bandwidth,dc_gain|saturation_margin,0.006506,0.035214,0.009447
diagnosis_spice_postprocess_fallback__two_stage_miller_ota__seed_7,002,diagnosis_spice_postprocess_fallback,Diagnosis + repair,two_stage_miller_ota,Two-stage,dc_gain_02_M6_gm_id_increase,dc_gain,spice_small_perturbation,False,,dc_gain|saturation_margin|unity_gain_bandwidth,0.0,0.410339,-0.083711
diagnosis_spice_postprocess_fallback__two_stage_miller_ota__seed_7,002,diagnosis_spice_postprocess_fallback,Diagnosis + repair,two_stage_miller_ota,Two-stage,unity_gain_bandwidth_02_global_Cc_decrease,unity_gain_bandwidth,spice_small_perturbation,True,unity_gain_bandwidth,,0.029599,0.0,0.048768
diagnosis_spice_postprocess_fallback__two_stage_miller_ota__seed_7,002,diagnosis_spice_postprocess_fallback,Diagnosis + repair,two_stage_miller_ota,Two-stage,saturation_margin_02_global_I_tail_increase,saturation_margin,spice_small_perturbation,False,,dc_gain|saturation_margin|unity_gain_bandwidth,0.0,1.859815,-0.11653
diagnosis_spice_postprocess_fallback__two_stage_miller_ota__seed_7,002,diagnosis_spice_postprocess_fallback,Diagnosis + repair,two_stage_miller_ota,Two-stage,saturation_margin_03_M7_gm_id_increase,saturation_margin,spice_small_perturbation,True,dc_gain|saturation_margin|unity_gain_bandwidth,,0.031081,0.0,0.00561
diagnosis_spice_postprocess_fallback__two_stage_miller_ota__seed_7,002,diagnosis_spice_postprocess_fallback,Diagnosis + repair,two_stage_miller_ota,Two-stage,dc_gain_04_M3_L_increase,dc_gain,spice_small_perturbation,False,,dc_gain|saturation_margin|unity_gain_bandwidth,0.0,0.916554,-0.074585
diagnosis_spice_postprocess_fallback__two_stage_miller_ota__seed_7,002,diagnosis_spice_postprocess_fallback,Diagnosis + repair,two_stage_miller_ota,Two-stage,dc_gain_05_M6_L_increase,dc_gain,spice_small_perturbation,True,dc_gain|saturation_margin|unity_gain_bandwidth,,0.25571499999999997,0.0,0.039054
diagnosis_spice_postprocess_fallback__two_stage_miller_ota__seed_7,002,diagnosis_spice_postprocess_fallback,Diagnosis + repair,two_stage_miller_ota,Two-stage,dc_gain_06_M7_L_increase,dc_gain,spice_small_perturbation,False,,dc_gain|saturation_margin|unity_gain_bandwidth,0.0,0.034547999999999995,-0.006196
diagnosis_spice_postprocess_fallback__two_stage_miller_ota__seed_7,003,diagnosis_spice_postprocess_fallback,Diagnosis + repair,two_stage_miller_ota,Two-stage,dc_gain_01_M1_gm_id_increase,dc_gain,spice_small_perturbation,True,unity_gain_bandwidth,dc_gain|saturation_margin,0.006694,0.00444,0.01042
diagnosis_spice_postprocess_fallback__two_stage_miller_ota__seed_7,003,diagnosis_spice_postprocess_fallback,Diagnosis + repair,two_stage_miller_ota,Two-stage,dc_gain_02_M6_gm_id_increase,dc_gain,spice_small_perturbation,False,,dc_gain|saturation_margin|unity_gain_bandwidth,0.0,0.417508,-0.085404
diagnosis_spice_postprocess_fallback__two_stage_miller_ota__seed_7,003,diagnosis_spice_postprocess_fallback,Diagnosis + repair,two_stage_miller_ota,Two-stage,unity_gain_bandwidth_02_global_Cc_decrease,unity_gain_bandwidth,spice_small_perturbation,True,unity_gain_bandwidth,,0.029488,0.0,0.048229
diagnosis_spice_postprocess_fallback__two_stage_miller_ota__seed_7,003,diagnosis_spice_postprocess_fallback,Diagnosis + repair,two_stage_miller_ota,Two-stage,saturation_margin_02_global_I_tail_increase,saturation_margin,spice_small_perturbation,False,,dc_gain|saturation_margin|unity_gain_bandwidth,0.0,1.8714250000000001,-0.117555
diagnosis_spice_postprocess_fallback__two_stage_miller_ota__seed_7,003,diagnosis_spice_postprocess_fallback,Diagnosis + repair,two_stage_miller_ota,Two-stage,saturation_margin_03_M7_gm_id_increase,saturation_margin,spice_small_perturbation,True,dc_gain|saturation_margin|unity_gain_bandwidth,,0.031786,0.0,0.005718
diagnosis_spice_postprocess_fallback__two_stage_miller_ota__seed_7,003,diagnosis_spice_postprocess_fallback,Diagnosis + repair,two_stage_miller_ota,Two-stage,dc_gain_04_M3_L_increase,dc_gain,spice_small_perturbation,False,,dc_gain|saturation_margin|unity_gain_bandwidth,0.0,0.925774,-0.07582
diagnosis_spice_postprocess_fallback__two_stage_miller_ota__seed_7,003,diagnosis_spice_postprocess_fallback,Diagnosis + repair,two_stage_miller_ota,Two-stage,dc_gain_05_M6_L_increase,dc_gain,spice_small_perturbation,True,dc_gain|saturation_margin|unity_gain_bandwidth,,0.26435000000000003,0.0,0.039361
diagnosis_spice_postprocess_fallback__two_stage_miller_ota__seed_7,003,diagnosis_spice_postprocess_fallback,Diagnosis + repair,two_stage_miller_ota,Two-stage,dc_gain_06_M7_L_increase,dc_gain,spice_small_perturbation,False,,dc_gain|saturation_margin|unity_gain_bandwidth,0.0,0.035443999999999996,-0.006325
diagnosis_spice_postprocess_fallback__two_stage_miller_ota__seed_7,004,diagnosis_spice_postprocess_fallback,Diagnosis + repair,two_stage_miller_ota,Two-stage,dc_gain_01_M1_gm_id_increase,dc_gain,spice_small_perturbation,True,unity_gain_bandwidth,dc_gain|saturation_margin,0.00921,0.004507000000000001,0.013823
diagnosis_spice_postprocess_fallback__two_stage_miller_ota__seed_7,004,diagnosis_spice_postprocess_fallback,Diagnosis + repair,two_stage_miller_ota,Two-stage,dc_gain_02_M6_gm_id_increase,dc_gain,spice_small_perturbation,False,,dc_gain|saturation_margin|unity_gain_bandwidth,0.0,0.461989,-0.102812
diagnosis_spice_postprocess_fallback__two_stage_miller_ota__seed_7,004,diagnosis_spice_postprocess_fallback,Diagnosis + repair,two_stage_miller_ota,Two-stage,unity_gain_bandwidth_02_global_Cc_decrease,unity_gain_bandwidth,spice_small_perturbation,True,unity_gain_bandwidth,,0.029192,0.0,0.045325
diagnosis_spice_postprocess_fallback__two_stage_miller_ota__seed_7,004,diagnosis_spice_postprocess_fallback,Diagnosis + repair,two_stage_miller_ota,Two-stage,saturation_margin_02_global_I_tail_increase,saturation_margin,spice_small_perturbation,False,,dc_gain|saturation_margin|unity_gain_bandwidth,0.0,1.921576,-0.134096
diagnosis_spice_postprocess_fallback__two_stage_miller_ota__seed_7,004,diagnosis_spice_postprocess_fallback,Diagnosis + repair,two_stage_miller_ota,Two-stage,saturation_margin_03_M7_gm_id_increase,saturation_margin,spice_small_perturbation,True,dc_gain|saturation_margin|unity_gain_bandwidth,,0.035651999999999996,0.0,0.006938
diagnosis_spice_postprocess_fallback__two_stage_miller_ota__seed_7,004,diagnosis_spice_postprocess_fallback,Diagnosis + repair,two_stage_miller_ota,Two-stage,dc_gain_04_M3_L_increase,dc_gain,spice_small_perturbation,False,,dc_gain|saturation_margin|unity_gain_bandwidth,0.0,0.950595,-0.089323
diagnosis_spice_postprocess_fallback__two_stage_miller_ota__seed_7,004,diagnosis_spice_postprocess_fallback,Diagnosis + repair,two_stage_miller_ota,Two-stage,dc_gain_05_M6_L_increase,dc_gain,spice_small_perturbation,True,dc_gain|saturation_margin|unity_gain_bandwidth,,0.296578,0.0,0.044206
diagnosis_spice_postprocess_fallback__two_stage_miller_ota__seed_7,004,diagnosis_spice_postprocess_fallback,Diagnosis + repair,two_stage_miller_ota,Two-stage,dc_gain_06_M7_L_increase,dc_gain,spice_small_perturbation,False,,dc_gain|saturation_margin|unity_gain_bandwidth,0.0,0.052222000000000005,-0.010055
diagnosis_spice_postprocess_fallback__two_stage_miller_ota__seed_9,001,diagnosis_spice_postprocess_fallback,Diagnosis + repair,two_stage_miller_ota,Two-stage,dc_gain_01_M1_gm_id_increase,dc_gain,spice_small_perturbation,True,unity_gain_bandwidth,dc_gain|saturation_margin,0.00499,0.039372,0.007226
diagnosis_spice_postprocess_fallback__two_stage_miller_ota__seed_9,001,diagnosis_spice_postprocess_fallback,Diagnosis + repair,two_stage_miller_ota,Two-stage,dc_gain_02_M6_gm_id_increase,dc_gain,spice_small_perturbation,False,,dc_gain|saturation_margin|unity_gain_bandwidth,0.0,0.47260800000000003,-0.078265
diagnosis_spice_postprocess_fallback__two_stage_miller_ota__seed_9,001,diagnosis_spice_postprocess_fallback,Diagnosis + repair,two_stage_miller_ota,Two-stage,unity_gain_bandwidth_02_global_Cc_decrease,unity_gain_bandwidth,spice_small_perturbation,True,unity_gain_bandwidth,,0.03068,0.0,0.050959
diagnosis_spice_postprocess_fallback__two_stage_miller_ota__seed_9,001,diagnosis_spice_postprocess_fallback,Diagnosis + repair,two_stage_miller_ota,Two-stage,saturation_margin_02_global_I_tail_increase,saturation_margin,spice_small_perturbation,False,,dc_gain|saturation_margin|unity_gain_bandwidth,0.0,2.167697,-0.109005
diagnosis_spice_postprocess_fallback__two_stage_miller_ota__seed_9,001,diagnosis_spice_postprocess_fallback,Diagnosis + repair,two_stage_miller_ota,Two-stage,saturation_margin_03_M7_gm_id_increase,saturation_margin,spice_small_perturbation,True,dc_gain|saturation_margin|unity_gain_bandwidth,,0.027502,0.0,0.003921
diagnosis_spice_postprocess_fallback__two_stage_miller_ota__seed_9,001,diagnosis_spice_postprocess_fallback,Diagnosis + repair,two_stage_miller_ota,Two-stage,dc_gain_04_M3_L_increase,dc_gain,spice_small_perturbation,False,,dc_gain|saturation_margin|unity_gain_bandwidth,0.0,1.001712,-0.064856
diagnosis_spice_postprocess_fallback__two_stage_miller_ota__seed_9,001,diagnosis_spice_postprocess_fallback,Diagnosis + repair,two_stage_miller_ota,Two-stage,dc_gain_05_M6_L_increase,dc_gain,spice_small_perturbation,True,dc_gain|saturation_margin|unity_gain_bandwidth,,0.335341,0.0,0.041141
diagnosis_spice_postprocess_fallback__two_stage_miller_ota__seed_9,001,diagnosis_spice_postprocess_fallback,Diagnosis + repair,two_stage_miller_ota,Two-stage,dc_gain_06_M7_L_increase,dc_gain,spice_small_perturbation,False,,dc_gain|saturation_margin|unity_gain_bandwidth,0.0,0.044713,-0.006396
diagnosis_spice_postprocess_fallback__two_stage_miller_ota__seed_9,002,diagnosis_spice_postprocess_fallback,Diagnosis + repair,two_stage_miller_ota,Two-stage,dc_gain_01_M1_gm_id_increase,dc_gain,spice_small_perturbation,True,unity_gain_bandwidth,dc_gain|saturation_margin,0.004826,0.010191,0.007476
diagnosis_spice_postprocess_fallback__two_stage_miller_ota__seed_9,002,diagnosis_spice_postprocess_fallback,Diagnosis + repair,two_stage_miller_ota,Two-stage,dc_gain_02_M6_gm_id_increase,dc_gain,spice_small_perturbation,False,,dc_gain|saturation_margin|unity_gain_bandwidth,0.0,0.46113899999999997,-0.076158
diagnosis_spice_postprocess_fallback__two_stage_miller_ota__seed_9,002,diagnosis_spice_postprocess_fallback,Diagnosis + repair,two_stage_miller_ota,Two-stage,unity_gain_bandwidth_02_global_Cc_decrease,unity_gain_bandwidth,spice_small_perturbation,True,unity_gain_bandwidth,,0.029613,0.0,0.049672
diagnosis_spice_postprocess_fallback__two_stage_miller_ota__seed_9,002,diagnosis_spice_postprocess_fallback,Diagnosis + repair,two_stage_miller_ota,Two-stage,saturation_margin_02_global_I_tail_increase,saturation_margin,spice_small_perturbation,False,,dc_gain|saturation_margin|unity_gain_bandwidth,0.0,2.162836,-0.108526
diagnosis_spice_postprocess_fallback__two_stage_miller_ota__seed_9,002,diagnosis_spice_postprocess_fallback,Diagnosis + repair,two_stage_miller_ota,Two-stage,saturation_margin_03_M7_gm_id_increase,saturation_margin,spice_small_perturbation,True,dc_gain|saturation_margin|unity_gain_bandwidth,,0.027403,0.0,0.003921
diagnosis_spice_postprocess_fallback__two_stage_miller_ota__seed_9,002,diagnosis_spice_postprocess_fallback,Diagnosis + repair,two_stage_miller_ota,Two-stage,dc_gain_04_M3_L_increase,dc_gain,spice_small_perturbation,False,,dc_gain|saturation_margin|unity_gain_bandwidth,0.0,1.01179,-0.065228
diagnosis_spice_postprocess_fallback__two_stage_miller_ota__seed_9,002,diagnosis_spice_postprocess_fallback,Diagnosis + repair,two_stage_miller_ota,Two-stage,dc_gain_05_M6_L_increase,dc_gain,spice_small_perturbation,True,dc_gain|saturation_margin|unity_gain_bandwidth,,0.334419,0.0,0.041797
diagnosis_spice_postprocess_fallback__two_stage_miller_ota__seed_9,002,diagnosis_spice_postprocess_fallback,Diagnosis + repair,two_stage_miller_ota,Two-stage,dc_gain_06_M7_L_increase,dc_gain,spice_small_perturbation,False,,dc_gain|saturation_margin|unity_gain_bandwidth,0.0,0.044589,-0.006402
diagnosis_spice_postprocess_fallback__two_stage_miller_ota__seed_8,001,diagnosis_spice_postprocess_fallback,Diagnosis + repair,two_stage_miller_ota,Two-stage,dc_gain_01_M1_gm_id_increase,dc_gain,spice_small_perturbation,True,unity_gain_bandwidth,dc_gain|saturation_margin,0.00572,0.021838,0.008778
diagnosis_spice_postprocess_fallback__two_stage_miller_ota__seed_8,001,diagnosis_spice_postprocess_fallback,Diagnosis + repair,two_stage_miller_ota,Two-stage,dc_gain_02_M6_gm_id_increase,dc_gain,spice_small_perturbation,False,,dc_gain|saturation_margin|unity_gain_bandwidth,0.0,0.37311300000000003,-0.083815
diagnosis_spice_postprocess_fallback__two_stage_miller_ota__seed_8,001,diagnosis_spice_postprocess_fallback,Diagnosis + repair,two_stage_miller_ota,Two-stage,unity_gain_bandwidth_02_global_Cc_decrease,unity_gain_bandwidth,spice_small_perturbation,True,unity_gain_bandwidth,,0.037901,0.0,0.061296
diagnosis_spice_postprocess_fallback__two_stage_miller_ota__seed_8,001,diagnosis_spice_postprocess_fallback,Diagnosis + repair,two_stage_miller_ota,Two-stage,saturation_margin_02_global_I_tail_increase,saturation_margin,spice_small_perturbation,False,,dc_gain|saturation_margin|unity_gain_bandwidth,0.0,1.658441,-0.114551
diagnosis_spice_postprocess_fallback__two_stage_miller_ota__seed_8,001,diagnosis_spice_postprocess_fallback,Diagnosis + repair,two_stage_miller_ota,Two-stage,saturation_margin_03_M7_gm_id_increase,saturation_margin,spice_small_perturbation,True,dc_gain|saturation_margin|unity_gain_bandwidth,,0.032359,0.0,0.00653
diagnosis_spice_postprocess_fallback__two_stage_miller_ota__seed_8,001,diagnosis_spice_postprocess_fallback,Diagnosis + repair,two_stage_miller_ota,Two-stage,dc_gain_04_M3_L_increase,dc_gain,spice_small_perturbation,False,,dc_gain|saturation_margin|unity_gain_bandwidth,0.0,0.723818,-0.066519
diagnosis_spice_postprocess_fallback__two_stage_miller_ota__seed_8,001,diagnosis_spice_postprocess_fallback,Diagnosis + repair,two_stage_miller_ota,Two-stage,dc_gain_05_M6_L_increase,dc_gain,spice_small_perturbation,True,dc_gain|saturation_margin|unity_gain_bandwidth,,0.227149,0.0,0.040742
diagnosis_spice_postprocess_fallback__two_stage_miller_ota__seed_8,001,diagnosis_spice_postprocess_fallback,Diagnosis + repair,two_stage_miller_ota,Two-stage,dc_gain_06_M7_L_increase,dc_gain,spice_small_perturbation,False,,dc_gain|saturation_margin|unity_gain_bandwidth,0.0,0.037691,-0.007521
diagnosis_spice_postprocess_fallback__two_stage_miller_ota__seed_8,002,diagnosis_spice_postprocess_fallback,Diagnosis + repair,two_stage_miller_ota,Two-stage,dc_gain_01_M1_gm_id_increase,dc_gain,spice_small_perturbation,True,unity_gain_bandwidth,dc_gain|saturation_margin,0.005774,0.021527,0.008795
diagnosis_spice_postprocess_fallback__two_stage_miller_ota__seed_8,002,diagnosis_spice_postprocess_fallback,Diagnosis + repair,two_stage_miller_ota,Two-stage,dc_gain_02_M6_gm_id_increase,dc_gain,spice_small_perturbation,False,,dc_gain|saturation_margin|unity_gain_bandwidth,0.0,0.37950900000000004,-0.086364
diagnosis_spice_postprocess_fallback__two_stage_miller_ota__seed_8,002,diagnosis_spice_postprocess_fallback,Diagnosis + repair,two_stage_miller_ota,Two-stage,unity_gain_bandwidth_02_global_Cc_decrease,unity_gain_bandwidth,spice_small_perturbation,True,unity_gain_bandwidth,,0.037038,0.0,0.059291
diagnosis_spice_postprocess_fallback__two_stage_miller_ota__seed_8,002,diagnosis_spice_postprocess_fallback,Diagnosis + repair,two_stage_miller_ota,Two-stage,saturation_margin_02_global_I_tail_increase,saturation_margin,spice_small_perturbation,False,,dc_gain|saturation_margin|unity_gain_bandwidth,0.0,1.6499400000000002,-0.114586
diagnosis_spice_postprocess_fallback__two_stage_miller_ota__seed_8,002,diagnosis_spice_postprocess_fallback,Diagnosis + repair,two_stage_miller_ota,Two-stage,saturation_margin_03_M7_gm_id_increase,saturation_margin,spice_small_perturbation,True,dc_gain|saturation_margin|unity_gain_bandwidth,,0.031786,0.0,0.006431
diagnosis_spice_postprocess_fallback__two_stage_miller_ota__seed_8,002,diagnosis_spice_postprocess_fallback,Diagnosis + repair,two_stage_miller_ota,Two-stage,dc_gain_04_M3_L_increase,dc_gain,spice_small_perturbation,False,,dc_gain|saturation_margin|unity_gain_bandwidth,0.0,0.713619,-0.066045
diagnosis_spice_postprocess_fallback__two_stage_miller_ota__seed_8,002,diagnosis_spice_postprocess_fallback,Diagnosis + repair,two_stage_miller_ota,Two-stage,dc_gain_05_M6_L_increase,dc_gain,spice_small_perturbation,True,dc_gain|saturation_margin|unity_gain_bandwidth,,0.224535,0.0,0.038988
diagnosis_spice_postprocess_fallback__two_stage_miller_ota__seed_8,002,diagnosis_spice_postprocess_fallback,Diagnosis + repair,two_stage_miller_ota,Two-stage,dc_gain_06_M7_L_increase,dc_gain,spice_small_perturbation,False,,dc_gain|saturation_margin|unity_gain_bandwidth,0.0,0.033645,-0.006723
diagnosis_spice_postprocess_fallback__two_stage_miller_ota__seed_8,003,diagnosis_spice_postprocess_fallback,Diagnosis + repair,two_stage_miller_ota,Two-stage,dc_gain_01_M7_L_increase,dc_gain,spice_small_perturbation,True,dc_gain,,0.000864,0.0,1e-06
diagnosis_spice_postprocess_fallback__two_stage_miller_ota__seed_8,003,diagnosis_spice_postprocess_fallback,Diagnosis + repair,two_stage_miller_ota,Two-stage,dc_gain_02_M1_gm_id_increase,dc_gain,spice_small_perturbation,False,,dc_gain,0.0,0.000277,-1e-06
diagnosis_spice_postprocess_fallback__two_stage_miller_ota__seed_8,003,diagnosis_spice_postprocess_fallback,Diagnosis + repair,two_stage_miller_ota,Two-stage,dc_gain_03_M6_L_increase,dc_gain,spice_small_perturbation,False,,dc_gain,0.0,0.048405,-0.002427
diagnosis_spice_postprocess_fallback__two_stage_miller_ota__seed_8,003,diagnosis_spice_postprocess_fallback,Diagnosis + repair,two_stage_miller_ota,Two-stage,dc_gain_04_M4_L_increase,dc_gain,spice_small_perturbation,False,,dc_gain,0.0,0.085639,-0.007482
diagnosis_spice_postprocess_fallback__two_stage_miller_ota__seed_8,003,diagnosis_spice_postprocess_fallback,Diagnosis + repair,two_stage_miller_ota,Two-stage,dc_gain_05_M2_L_increase,dc_gain,spice_small_perturbation,True,dc_gain,,0.000864,0.0,1e-06
diagnosis_spice_postprocess_fallback__two_stage_miller_ota__seed_8,003,diagnosis_spice_postprocess_fallback,Diagnosis + repair,two_stage_miller_ota,Two-stage,dc_gain_06_global_I_tail_increase,dc_gain,spice_small_perturbation,False,,dc_gain,0.0,0.00275,-1.2e-05
diagnosis_spice_postprocess_fallback__two_stage_miller_ota__seed_8,004,diagnosis_spice_postprocess_fallback,Diagnosis + repair,two_stage_miller_ota,Two-stage,dc_gain_01_M1_gm_id_increase,dc_gain,spice_small_perturbation,True,unity_gain_bandwidth,dc_gain|saturation_margin,0.012176,0.028397,0.016915
diagnosis_spice_postprocess_fallback__two_stage_miller_ota__seed_8,004,diagnosis_spice_postprocess_fallback,Diagnosis + repair,two_stage_miller_ota,Two-stage,dc_gain_02_M6_gm_id_increase,dc_gain,spice_small_perturbation,False,,dc_gain|saturation_margin|unity_gain_bandwidth,0.0,0.432478,-0.123334
diagnosis_spice_postprocess_fallback__two_stage_miller_ota__seed_8,004,diagnosis_spice_postprocess_fallback,Diagnosis + repair,two_stage_miller_ota,Two-stage,unity_gain_bandwidth_02_global_Cc_decrease,unity_gain_bandwidth,spice_small_perturbation,True,unity_gain_bandwidth,,0.041638,0.0,0.060727
diagnosis_spice_postprocess_fallback__two_stage_miller_ota__seed_8,004,diagnosis_spice_postprocess_fallback,Diagnosis + repair,two_stage_miller_ota,Two-stage,saturation_margin_02_global_I_tail_increase,saturation_margin,spice_small_perturbation,False,,dc_gain|saturation_margin|unity_gain_bandwidth,0.0,1.907856,-0.160334
diagnosis_spice_postprocess_fallback__two_stage_miller_ota__seed_8,004,diagnosis_spice_postprocess_fallback,Diagnosis + repair,two_stage_miller_ota,Two-stage,saturation_margin_03_M7_gm_id_increase,saturation_margin,spice_small_perturbation,True,dc_gain|saturation_margin|unity_gain_bandwidth,,0.024002,0.0,0.006504
diagnosis_spice_postprocess_fallback__two_stage_miller_ota__seed_8,004,diagnosis_spice_postprocess_fallback,Diagnosis + repair,two_stage_miller_ota,Two-stage,dc_gain_04_M3_L_increase,dc_gain,spice_small_perturbation,False,,dc_gain|saturation_margin|unity_gain_bandwidth,0.0,0.942072,-0.111094
diagnosis_spice_postprocess_fallback__two_stage_miller_ota__seed_8,004,diagnosis_spice_postprocess_fallback,Diagnosis + repair,two_stage_miller_ota,Two-stage,dc_gain_05_M6_L_increase,dc_gain,spice_small_perturbation,True,dc_gain|saturation_margin|unity_gain_bandwidth,,0.266868,0.0,0.063071
diagnosis_spice_postprocess_fallback__two_stage_miller_ota__seed_8,004,diagnosis_spice_postprocess_fallback,Diagnosis + repair,two_stage_miller_ota,Two-stage,dc_gain_06_M7_L_increase,dc_gain,spice_small_perturbation,False,,dc_gain|saturation_margin|unity_gain_bandwidth,0.0,0.026765,-0.007161
diagnosis_spice_postprocess_fallback__two_stage_miller_ota__seed_8,005,diagnosis_spice_postprocess_fallback,Diagnosis + repair,two_stage_miller_ota,Two-stage,dc_gain_01_M1_gm_id_increase,dc_gain,spice_small_perturbation,True,unity_gain_bandwidth,dc_gain|saturation_margin,0.009204,0.008307,0.013347
diagnosis_spice_postprocess_fallback__two_stage_miller_ota__seed_8,005,diagnosis_spice_postprocess_fallback,Diagnosis + repair,two_stage_miller_ota,Two-stage,dc_gain_02_M6_gm_id_increase,dc_gain,spice_small_perturbation,False,,dc_gain|saturation_margin|unity_gain_bandwidth,0.0,0.42471499999999995,-0.108585
diagnosis_spice_postprocess_fallback__two_stage_miller_ota__seed_8,005,diagnosis_spice_postprocess_fallback,Diagnosis + repair,two_stage_miller_ota,Two-stage,unity_gain_bandwidth_02_global_Cc_decrease,unity_gain_bandwidth,spice_small_perturbation,True,unity_gain_bandwidth,,0.035699,0.0,0.054724
diagnosis_spice_postprocess_fallback__two_stage_miller_ota__seed_8,005,diagnosis_spice_postprocess_fallback,Diagnosis + repair,two_stage_miller_ota,Two-stage,saturation_margin_02_global_I_tail_increase,saturation_margin,spice_small_perturbation,False,,dc_gain|saturation_margin|unity_gain_bandwidth,0.0,1.882045,-0.141288
diagnosis_spice_postprocess_fallback__two_stage_miller_ota__seed_8,005,diagnosis_spice_postprocess_fallback,Diagnosis + repair,two_stage_miller_ota,Two-stage,saturation_margin_03_M7_gm_id_increase,saturation_margin,spice_small_perturbation,True,dc_gain|saturation_margin|unity_gain_bandwidth,,0.033356,0.0,0.007871
diagnosis_spice_postprocess_fallback__two_stage_miller_ota__seed_8,005,diagnosis_spice_postprocess_fallback,Diagnosis + repair,two_stage_miller_ota,Two-stage,dc_gain_04_M3_L_increase,dc_gain,spice_small_perturbation,False,,dc_gain|saturation_margin|unity_gain_bandwidth,0.0,0.929568,-0.095614
diagnosis_spice_postprocess_fallback__two_stage_miller_ota__seed_8,005,diagnosis_spice_postprocess_fallback,Diagnosis + repair,two_stage_miller_ota,Two-stage,dc_gain_05_M6_L_increase,dc_gain,spice_small_perturbation,True,dc_gain|saturation_margin|unity_gain_bandwidth,,0.263227,0.0,0.052812
diagnosis_spice_postprocess_fallback__two_stage_miller_ota__seed_8,005,diagnosis_spice_postprocess_fallback,Diagnosis + repair,two_stage_miller_ota,Two-stage,dc_gain_06_M7_L_increase,dc_gain,spice_small_perturbation,False,,dc_gain|saturation_margin|unity_gain_bandwidth,0.0,0.025789,-0.006026
diagnosis_spice_postprocess_fallback__two_stage_miller_ota__seed_10,001,diagnosis_spice_postprocess_fallback,Diagnosis + repair,two_stage_miller_ota,Two-stage,dc_gain_01_M1_gm_id_increase,dc_gain,spice_small_perturbation,True,unity_gain_bandwidth,dc_gain|saturation_margin,0.007656,0.005226000000000001,0.01186
diagnosis_spice_postprocess_fallback__two_stage_miller_ota__seed_10,001,diagnosis_spice_postprocess_fallback,Diagnosis + repair,two_stage_miller_ota,Two-stage,dc_gain_02_M6_gm_id_increase,dc_gain,spice_small_perturbation,False,,dc_gain|saturation_margin|unity_gain_bandwidth,0.0,0.441762,-0.089538
diagnosis_spice_postprocess_fallback__two_stage_miller_ota__seed_10,001,diagnosis_spice_postprocess_fallback,Diagnosis + repair,two_stage_miller_ota,Two-stage,unity_gain_bandwidth_02_global_Cc_decrease,unity_gain_bandwidth,spice_small_perturbation,True,unity_gain_bandwidth,,0.036428,0.0,0.057835
diagnosis_spice_postprocess_fallback__two_stage_miller_ota__seed_10,001,diagnosis_spice_postprocess_fallback,Diagnosis + repair,two_stage_miller_ota,Two-stage,saturation_margin_02_global_I_tail_increase,saturation_margin,spice_small_perturbation,False,,dc_gain|saturation_margin|unity_gain_bandwidth,0.0,2.034173,-0.124039
diagnosis_spice_postprocess_fallback__two_stage_miller_ota__seed_10,001,diagnosis_spice_postprocess_fallback,Diagnosis + repair,two_stage_miller_ota,Two-stage,saturation_margin_03_M7_gm_id_increase,saturation_margin,spice_small_perturbation,True,dc_gain|saturation_margin|unity_gain_bandwidth,,0.042233999999999994,0.0,0.007562
diagnosis_spice_postprocess_fallback__two_stage_miller_ota__seed_10,001,diagnosis_spice_postprocess_fallback,Diagnosis + repair,two_stage_miller_ota,Two-stage,dc_gain_04_M3_L_increase,dc_gain,spice_small_perturbation,False,,dc_gain|saturation_margin|unity_gain_bandwidth,0.0,0.978828,-0.078304
diagnosis_spice_postprocess_fallback__two_stage_miller_ota__seed_10,001,diagnosis_spice_postprocess_fallback,Diagnosis + repair,two_stage_miller_ota,Two-stage,dc_gain_05_M6_L_increase,dc_gain,spice_small_perturbation,True,dc_gain|saturation_margin|unity_gain_bandwidth,,0.28846,0.0,0.043855
diagnosis_spice_postprocess_fallback__two_stage_miller_ota__seed_10,001,diagnosis_spice_postprocess_fallback,Diagnosis + repair,two_stage_miller_ota,Two-stage,dc_gain_06_M7_L_increase,dc_gain,spice_small_perturbation,False,,dc_gain|saturation_margin|unity_gain_bandwidth,0.0,0.040056,-0.007107
diagnosis_spice_postprocess_fallback__two_stage_miller_ota__seed_10,002,diagnosis_spice_postprocess_fallback,Diagnosis + repair,two_stage_miller_ota,Two-stage,dc_gain_01_M1_gm_id_increase,dc_gain,spice_small_perturbation,True,unity_gain_bandwidth,dc_gain|saturation_margin,0.022927,0.041007,0.02597
diagnosis_spice_postprocess_fallback__two_stage_miller_ota__seed_10,002,diagnosis_spice_postprocess_fallback,Diagnosis + repair,two_stage_miller_ota,Two-stage,dc_gain_02_M6_gm_id_increase,dc_gain,spice_small_perturbation,False,,dc_gain|saturation_margin|unity_gain_bandwidth,0.0,0.520082,-0.191392
diagnosis_spice_postprocess_fallback__two_stage_miller_ota__seed_10,002,diagnosis_spice_postprocess_fallback,Diagnosis + repair,two_stage_miller_ota,Two-stage,unity_gain_bandwidth_02_global_Cc_decrease,unity_gain_bandwidth,spice_small_perturbation,True,unity_gain_bandwidth,,0.003805,0.0,0.004665
diagnosis_spice_postprocess_fallback__two_stage_miller_ota__seed_10,002,diagnosis_spice_postprocess_fallback,Diagnosis + repair,two_stage_miller_ota,Two-stage,saturation_margin_02_global_I_tail_increase,saturation_margin,spice_small_perturbation,False,,dc_gain|saturation_margin|unity_gain_bandwidth,0.0,0.920384,-0.107112
diagnosis_spice_postprocess_fallback__two_stage_miller_ota__seed_10,002,diagnosis_spice_postprocess_fallback,Diagnosis + repair,two_stage_miller_ota,Two-stage,saturation_margin_03_M7_gm_id_increase,saturation_margin,spice_small_perturbation,True,dc_gain|saturation_margin|unity_gain_bandwidth,,0.039819,0.0,0.012299
diagnosis_spice_postprocess_fallback__two_stage_miller_ota__seed_10,002,diagnosis_spice_postprocess_fallback,Diagnosis + repair,two_stage_miller_ota,Two-stage,dc_gain_04_M3_L_increase,dc_gain,spice_small_perturbation,False,,dc_gain|saturation_margin|unity_gain_bandwidth,0.0,1.077153,-0.169949
diagnosis_spice_postprocess_fallback__two_stage_miller_ota__seed_10,002,diagnosis_spice_postprocess_fallback,Diagnosis + repair,two_stage_miller_ota,Two-stage,dc_gain_05_M6_L_increase,dc_gain,spice_small_perturbation,True,dc_gain|saturation_margin|unity_gain_bandwidth,,0.298955,0.0,0.064017
diagnosis_spice_postprocess_fallback__two_stage_miller_ota__seed_10,002,diagnosis_spice_postprocess_fallback,Diagnosis + repair,two_stage_miller_ota,Two-stage,dc_gain_06_M7_L_increase,dc_gain,spice_small_perturbation,False,,dc_gain|saturation_margin|unity_gain_bandwidth,0.0,0.058858,-0.018343
diagnosis_spice_postprocess_fallback__two_stage_miller_ota__seed_10,003,diagnosis_spice_postprocess_fallback,Diagnosis + repair,two_stage_miller_ota,Two-stage,dc_gain_01_M1_gm_id_increase,dc_gain,spice_small_perturbation,True,unity_gain_bandwidth,dc_gain|saturation_margin,0.015094,0.017263,0.019359
diagnosis_spice_postprocess_fallback__two_stage_miller_ota__seed_10,003,diagnosis_spice_postprocess_fallback,Diagnosis + repair,two_stage_miller_ota,Two-stage,dc_gain_02_M6_gm_id_increase,dc_gain,spice_small_perturbation,False,,dc_gain|saturation_margin|unity_gain_bandwidth,0.0,0.479454,-0.153603
diagnosis_spice_postprocess_fallback__two_stage_miller_ota__seed_10,003,diagnosis_spice_postprocess_fallback,Diagnosis + repair,two_stage_miller_ota,Two-stage,unity_gain_bandwidth_02_global_Cc_decrease,unity_gain_bandwidth,spice_small_perturbation,True,unity_gain_bandwidth,,0.023592,0.0,0.031835
diagnosis_spice_postprocess_fallback__two_stage_miller_ota__seed_10,003,diagnosis_spice_postprocess_fallback,Diagnosis + repair,two_stage_miller_ota,Two-stage,saturation_margin_02_global_I_tail_increase,saturation_margin,spice_small_perturbation,False,,dc_gain|saturation_margin|unity_gain_bandwidth,0.0,2.062376,-0.189784
diagnosis_spice_postprocess_fallback__two_stage_miller_ota__seed_10,003,diagnosis_spice_postprocess_fallback,Diagnosis + repair,two_stage_miller_ota,Two-stage,saturation_margin_03_M7_gm_id_increase,saturation_margin,spice_small_perturbation,True,dc_gain|saturation_margin|unity_gain_bandwidth,,0.036763,0.0,0.0105
diagnosis_spice_postprocess_fallback__two_stage_miller_ota__seed_10,003,diagnosis_spice_postprocess_fallback,Diagnosis + repair,two_stage_miller_ota,Two-stage,dc_gain_04_M3_L_increase,dc_gain,spice_small_perturbation,False,,dc_gain|saturation_margin|unity_gain_bandwidth,0.0,1.04727,-0.138899
diagnosis_spice_postprocess_fallback__two_stage_miller_ota__seed_10,003,diagnosis_spice_postprocess_fallback,Diagnosis + repair,two_stage_miller_ota,Two-stage,dc_gain_05_M6_L_increase,dc_gain,spice_small_perturbation,True,dc_gain|saturation_margin|unity_gain_bandwidth,,0.302474,0.0,0.065356
diagnosis_spice_postprocess_fallback__two_stage_miller_ota__seed_10,003,diagnosis_spice_postprocess_fallback,Diagnosis + repair,two_stage_miller_ota,Two-stage,dc_gain_06_M7_L_increase,dc_gain,spice_small_perturbation,False,,dc_gain|saturation_margin|unity_gain_bandwidth,0.0,0.053869,-0.01535
diagnosis_spice_postprocess_fallback__current_mirror_ota_ihp130__seed_1,002,diagnosis_spice_postprocess_fallback,Diagnosis + repair,current_mirror_ota_ihp130,Current mirror,dc_gain_01_global_vbias_set,dc_gain,spice_small_perturbation,True,dc_gain,,0.052477,0.0,0.003007
diagnosis_spice_postprocess_fallback__current_mirror_ota_ihp130__seed_1,002,diagnosis_spice_postprocess_fallback,Diagnosis + repair,current_mirror_ota_ihp130,Current mirror,dc_gain_02_M2_L_increase,dc_gain,spice_small_perturbation,True,dc_gain,,0.011477,0.0,0.001128
diagnosis_spice_postprocess_fallback__current_mirror_ota_ihp130__seed_1,002,diagnosis_spice_postprocess_fallback,Diagnosis + repair,current_mirror_ota_ihp130,Current mirror,dc_gain_03_M1_gm_id_increase,dc_gain,spice_small_perturbation,False,,dc_gain,0.0,0.000532,-5.9e-05
diagnosis_spice_postprocess_fallback__current_mirror_ota_ihp130__seed_1,002,diagnosis_spice_postprocess_fallback,Diagnosis + repair,current_mirror_ota_ihp130,Current mirror,dc_gain_04_M4_L_increase,dc_gain,spice_small_perturbation,False,,dc_gain,0.0,0.00101,-0.000112
diagnosis_spice_postprocess_fallback__current_mirror_ota_ihp130__seed_1,002,diagnosis_spice_postprocess_fallback,Diagnosis + repair,current_mirror_ota_ihp130,Current mirror,dc_gain_05_global_I_tail_increase,dc_gain,spice_small_perturbation,False,,,0.0,0.0,0.0
diagnosis_spice_postprocess_fallback__current_mirror_ota_ihp130__seed_1,002,diagnosis_spice_postprocess_fallback,Diagnosis + repair,current_mirror_ota_ihp130,Current mirror,dc_gain_06_global_vbias_set,dc_gain,spice_small_perturbation,False,,dc_gain,0.0,0.007649,-0.000898
diagnosis_spice_postprocess_fallback__current_mirror_ota_ihp130__seed_1,002,diagnosis_spice_postprocess_fallback,Diagnosis + repair,current_mirror_ota_ihp130,Current mirror,dc_gain_07_M5_gm_id_increase,dc_gain,spice_small_perturbation,False,,dc_gain,0.0,0.000226,-2.5e-05
diagnosis_spice_postprocess_fallback__current_mirror_ota_ihp130__seed_1,002,diagnosis_spice_postprocess_fallback,Diagnosis + repair,current_mirror_ota_ihp130,Current mirror,dc_gain_08_global_I_tail_decrease,dc_gain,spice_small_perturbation,False,,,0.0,0.0,0.0
diagnosis_spice_postprocess_fallback__current_mirror_ota_ihp130__seed_3,001,diagnosis_spice_postprocess_fallback,Diagnosis + repair,current_mirror_ota_ihp130,Current mirror,dc_gain_01_global_vbias_set,dc_gain,spice_small_perturbation,True,dc_gain,,0.000737,0.0,-0.012016
diagnosis_spice_postprocess_fallback__current_mirror_ota_ihp130__seed_3,001,diagnosis_spice_postprocess_fallback,Diagnosis + repair,current_mirror_ota_ihp130,Current mirror,dc_gain_02_M2_L_increase,dc_gain,spice_small_perturbation,True,dc_gain,,0.000737,0.0,1e-06
diagnosis_spice_postprocess_fallback__current_mirror_ota_ihp130__seed_3,001,diagnosis_spice_postprocess_fallback,Diagnosis + repair,current_mirror_ota_ihp130,Current mirror,dc_gain_03_M1_gm_id_increase,dc_gain,spice_small_perturbation,True,dc_gain,,2.3e-05,0.0,0.0
diagnosis_spice_postprocess_fallback__current_mirror_ota_ihp130__seed_3,001,diagnosis_spice_postprocess_fallback,Diagnosis + repair,current_mirror_ota_ihp130,Current mirror,dc_gain_04_M4_L_increase,dc_gain,spice_small_perturbation,True,dc_gain,,0.000737,0.0,1e-06
diagnosis_spice_postprocess_fallback__current_mirror_ota_ihp130__seed_3,001,diagnosis_spice_postprocess_fallback,Diagnosis + repair,current_mirror_ota_ihp130,Current mirror,dc_gain_05_global_I_tail_increase,dc_gain,spice_small_perturbation,False,,,0.0,0.0,0.0
diagnosis_spice_postprocess_fallback__current_mirror_ota_ihp130__seed_3,001,diagnosis_spice_postprocess_fallback,Diagnosis + repair,current_mirror_ota_ihp130,Current mirror,dc_gain_06_global_vbias_set,dc_gain,spice_small_perturbation,False,,dc_gain,0.0,0.015855,-0.000275
diagnosis_spice_postprocess_fallback__current_mirror_ota_ihp130__seed_3,001,diagnosis_spice_postprocess_fallback,Diagnosis + repair,current_mirror_ota_ihp130,Current mirror,dc_gain_07_M5_gm_id_increase,dc_gain,spice_small_perturbation,False,,dc_gain,0.0,0.000275,-0.0
diagnosis_spice_postprocess_fallback__current_mirror_ota_ihp130__seed_3,001,diagnosis_spice_postprocess_fallback,Diagnosis + repair,current_mirror_ota_ihp130,Current mirror,dc_gain_08_global_I_tail_decrease,dc_gain,spice_small_perturbation,False,,,0.0,0.0,0.0
diagnosis_spice_postprocess_fallback__current_mirror_ota_ihp130__seed_3,002,diagnosis_spice_postprocess_fallback,Diagnosis + repair,current_mirror_ota_ihp130,Current mirror,saturation_margin_01_global_vbias_set,saturation_margin,spice_small_perturbation,True,saturation_margin,,4.0247,0.0,0.0
diagnosis_spice_postprocess_fallback__current_mirror_ota_ihp130__seed_3,002,diagnosis_spice_postprocess_fallback,Diagnosis + repair,current_mirror_ota_ihp130,Current mirror,saturation_margin_02_global_vbias_set,saturation_margin,spice_small_perturbation,False,,saturation_margin,0.0,1.50847,0.0
diagnosis_spice_postprocess_fallback__current_mirror_ota_ihp130__seed_3,002,diagnosis_spice_postprocess_fallback,Diagnosis + repair,current_mirror_ota_ihp130,Current mirror,saturation_margin_03_M1_gm_id_increase,saturation_margin,spice_small_perturbation,True,saturation_margin,,0.86271,0.0,0.0
diagnosis_spice_postprocess_fallback__current_mirror_ota_ihp130__seed_3,002,diagnosis_spice_postprocess_fallback,Diagnosis + repair,current_mirror_ota_ihp130,Current mirror,saturation_margin_04_M3_gm_id_increase,saturation_margin,spice_small_perturbation,True,saturation_margin,,0.03414,0.0,0.0
diagnosis_spice_postprocess_fallback__current_mirror_ota_ihp130__seed_3,002,diagnosis_spice_postprocess_fallback,Diagnosis + repair,current_mirror_ota_ihp130,Current mirror,saturation_margin_05_M5_gm_id_increase,saturation_margin,spice_small_perturbation,False,,saturation_margin,0.0,0.94601,0.0
diagnosis_spice_postprocess_fallback__current_mirror_ota_ihp130__seed_3,002,diagnosis_spice_postprocess_fallback,Diagnosis + repair,current_mirror_ota_ihp130,Current mirror,saturation_margin_06_global_I_tail_decrease,saturation_margin,spice_small_perturbation,False,,,0.0,0.0,0.0
diagnosis_spice_postprocess_fallback__current_mirror_ota_ihp130__seed_2,001,diagnosis_spice_postprocess_fallback,Diagnosis + repair,current_mirror_ota_ihp130,Current mirror,dc_gain_01_global_vbias_set,dc_gain,spice_small_perturbation,False,,dc_gain|output_swing|saturation_margin,0.0,1.452936,-0.04442
diagnosis_spice_postprocess_fallback__current_mirror_ota_ihp130__seed_2,001,diagnosis_spice_postprocess_fallback,Diagnosis + repair,current_mirror_ota_ihp130,Current mirror,dc_gain_02_global_vbias_set,dc_gain,spice_small_perturbation,True,dc_gain|output_swing|saturation_margin,,8.257482999999999,0.0,0.045802
diagnosis_spice_postprocess_fallback__current_mirror_ota_ihp130__seed_2,001,diagnosis_spice_postprocess_fallback,Diagnosis + repair,current_mirror_ota_ihp130,Current mirror,dc_gain_03_M1_gm_id_increase,dc_gain,spice_small_perturbation,True,saturation_margin,dc_gain|output_swing,0.637382,0.01457,-0.005272
diagnosis_spice_postprocess_fallback__current_mirror_ota_ihp130__seed_2,001,diagnosis_spice_postprocess_fallback,Diagnosis + repair,current_mirror_ota_ihp130,Current mirror,dc_gain_04_M3_gm_id_increase,dc_gain,spice_small_perturbation,True,dc_gain|output_swing|saturation_margin,,0.066233,0.0,0.012464
diagnosis_spice_postprocess_fallback__current_mirror_ota_ihp130__seed_2,001,diagnosis_spice_postprocess_fallback,Diagnosis + repair,current_mirror_ota_ihp130,Current mirror,dc_gain_05_M2_L_increase,dc_gain,spice_small_perturbation,True,dc_gain,output_swing|saturation_margin,0.011541,0.483993,0.001423
diagnosis_spice_postprocess_fallback__current_mirror_ota_ihp130__seed_2,001,diagnosis_spice_postprocess_fallback,Diagnosis + repair,current_mirror_ota_ihp130,Current mirror,dc_gain_06_M4_L_increase,dc_gain,spice_small_perturbation,False,,dc_gain|output_swing|saturation_margin,0.0,0.09231,-0.020117
diagnosis_spice_postprocess_fallback__current_mirror_ota_ihp130__seed_2,001,diagnosis_spice_postprocess_fallback,Diagnosis + repair,current_mirror_ota_ihp130,Current mirror,dc_gain_07_M5_gm_id_increase,dc_gain,spice_small_perturbation,False,,dc_gain|output_swing|saturation_margin,0.0,0.062264,-0.000947
diagnosis_spice_postprocess_fallback__current_mirror_ota_ihp130__seed_2,001,diagnosis_spice_postprocess_fallback,Diagnosis + repair,current_mirror_ota_ihp130,Current mirror,dc_gain_08_global_I_tail_decrease,dc_gain,spice_small_perturbation,False,,,0.0,0.0,0.0
diagnosis_spice_postprocess_fallback__current_mirror_ota_ihp130__seed_2,002,diagnosis_spice_postprocess_fallback,Diagnosis + repair,current_mirror_ota_ihp130,Current mirror,dc_gain_01_global_vbias_set,dc_gain,spice_small_perturbation,True,dc_gain,output_swing|saturation_margin,0.030819,1.949246,-0.008137
diagnosis_spice_postprocess_fallback__current_mirror_ota_ihp130__seed_2,002,diagnosis_spice_postprocess_fallback,Diagnosis + repair,current_mirror_ota_ihp130,Current mirror,dc_gain_02_global_vbias_set,dc_gain,spice_small_perturbation,True,dc_gain|output_swing|saturation_margin,,0.692775,0.0,0.002225
diagnosis_spice_postprocess_fallback__current_mirror_ota_ihp130__seed_2,002,diagnosis_spice_postprocess_fallback,Diagnosis + repair,current_mirror_ota_ihp130,Current mirror,dc_gain_03_M1_gm_id_increase,dc_gain,spice_small_perturbation,True,output_swing|saturation_margin,dc_gain,0.596783,0.001212,-2.9e-05
diagnosis_spice_postprocess_fallback__current_mirror_ota_ihp130__seed_2,002,diagnosis_spice_postprocess_fallback,Diagnosis + repair,current_mirror_ota_ihp130,Current mirror,dc_gain_04_M3_gm_id_increase,dc_gain,spice_small_perturbation,True,dc_gain|output_swing|saturation_margin,,0.044633,0.0,0.00284
diagnosis_spice_postprocess_fallback__current_mirror_ota_ihp130__seed_2,002,diagnosis_spice_postprocess_fallback,Diagnosis + repair,current_mirror_ota_ihp130,Current mirror,dc_gain_05_M2_L_increase,dc_gain,spice_small_perturbation,True,dc_gain,output_swing|saturation_margin,0.009288,0.604322,-0.000483
diagnosis_spice_postprocess_fallback__current_mirror_ota_ihp130__seed_2,002,diagnosis_spice_postprocess_fallback,Diagnosis + repair,current_mirror_ota_ihp130,Current mirror,dc_gain_06_M4_L_increase,dc_gain,spice_small_perturbation,False,,dc_gain|output_swing|saturation_margin,0.0,0.084467,-0.006787
diagnosis_spice_postprocess_fallback__current_mirror_ota_ihp130__seed_2,002,diagnosis_spice_postprocess_fallback,Diagnosis + repair,current_mirror_ota_ihp130,Current mirror,dc_gain_07_M5_gm_id_increase,dc_gain,spice_small_perturbation,False,,dc_gain|output_swing|saturation_margin,0.0,0.07813400000000001,-0.000459
diagnosis_spice_postprocess_fallback__current_mirror_ota_ihp130__seed_2,002,diagnosis_spice_postprocess_fallback,Diagnosis + repair,current_mirror_ota_ihp130,Current mirror,dc_gain_08_global_I_tail_decrease,dc_gain,spice_small_perturbation,False,,,0.0,0.0,0.0
diagnosis_spice_postprocess_fallback__current_mirror_ota_ihp130__seed_2,003,diagnosis_spice_postprocess_fallback,Diagnosis + repair,current_mirror_ota_ihp130,Current mirror,unity_gain_bandwidth_01_global_I_tail_increase,unity_gain_bandwidth,spice_small_perturbation,False,,,0.0,0.0,0.0
diagnosis_spice_postprocess_fallback__current_mirror_ota_ihp130__seed_2,003,diagnosis_spice_postprocess_fallback,Diagnosis + repair,current_mirror_ota_ihp130,Current mirror,unity_gain_bandwidth_02_M1_gm_id_increase,unity_gain_bandwidth,spice_small_perturbation,True,saturation_margin|unity_gain_bandwidth,,0.427547,0.0,0.000243
diagnosis_spice_postprocess_fallback__current_mirror_ota_ihp130__seed_2,003,diagnosis_spice_postprocess_fallback,Diagnosis + repair,current_mirror_ota_ihp130,Current mirror,unity_gain_bandwidth_03_M1_L_decrease,unity_gain_bandwidth,spice_small_perturbation,True,saturation_margin|unity_gain_bandwidth,,0.520577,0.0,0.000201
diagnosis_spice_postprocess_fallback__current_mirror_ota_ihp130__seed_2,003,diagnosis_spice_postprocess_fallback,Diagnosis + repair,current_mirror_ota_ihp130,Current mirror,saturation_margin_02_global_vbias_set,saturation_margin,spice_small_perturbation,True,saturation_margin,unity_gain_bandwidth,2.16824,0.231011,-0.060563
diagnosis_spice_postprocess_fallback__current_mirror_ota_ihp130__seed_2,003,diagnosis_spice_postprocess_fallback,Diagnosis + repair,current_mirror_ota_ihp130,Current mirror,saturation_margin_04_M3_gm_id_increase,saturation_margin,spice_small_perturbation,True,saturation_margin,unity_gain_bandwidth,0.03456,0.000559,-1.8e-05
diagnosis_spice_postprocess_fallback__current_mirror_ota_ihp130__seed_2,003,diagnosis_spice_postprocess_fallback,Diagnosis + repair,current_mirror_ota_ihp130,Current mirror,saturation_margin_05_global_vbias_set,saturation_margin,spice_small_perturbation,True,unity_gain_bandwidth,saturation_margin,0.015577,9.91784,-0.027371
diagnosis_spice_postprocess_fallback__current_mirror_ota_ihp130__seed_2,003,diagnosis_spice_postprocess_fallback,Diagnosis + repair,current_mirror_ota_ihp130,Current mirror,saturation_margin_06_M5_gm_id_increase,saturation_margin,spice_small_perturbation,True,unity_gain_bandwidth,saturation_margin,0.004212,0.07855,0.000113
diagnosis_spice_postprocess_fallback__current_mirror_ota_ihp130__seed_2,003,diagnosis_spice_postprocess_fallback,Diagnosis + repair,current_mirror_ota_ihp130,Current mirror,saturation_margin_07_global_I_tail_decrease,saturation_margin,spice_small_perturbation,False,,,0.0,0.0,0.0
diagnosis_spice_postprocess_fallback__current_mirror_ota_ihp130__seed_2,004,diagnosis_spice_postprocess_fallback,Diagnosis + repair,current_mirror_ota_ihp130,Current mirror,dc_gain_01_global_vbias_set,dc_gain,spice_small_perturbation,True,dc_gain|output_swing,saturation_margin,0.09978300000000001,2.42979,0.008242
diagnosis_spice_postprocess_fallback__current_mirror_ota_ihp130__seed_2,004,diagnosis_spice_postprocess_fallback,Diagnosis + repair,current_mirror_ota_ihp130,Current mirror,dc_gain_02_M1_gm_id_increase,dc_gain,spice_small_perturbation,True,output_swing|saturation_margin,dc_gain,0.471085,0.001243,8.4e-05
diagnosis_spice_postprocess_fallback__current_mirror_ota_ihp130__seed_2,004,diagnosis_spice_postprocess_fallback,Diagnosis + repair,current_mirror_ota_ihp130,Current mirror,dc_gain_03_M3_gm_id_increase,dc_gain,spice_small_perturbation,True,dc_gain|output_swing|saturation_margin,,0.036996,0.0,0.002049
diagnosis_spice_postprocess_fallback__current_mirror_ota_ihp130__seed_2,004,diagnosis_spice_postprocess_fallback,Diagnosis + repair,current_mirror_ota_ihp130,Current mirror,dc_gain_04_M2_L_increase,dc_gain,spice_small_perturbation,True,dc_gain,output_swing|saturation_margin,0.010664,0.623135,-0.000715
diagnosis_spice_postprocess_fallback__current_mirror_ota_ihp130__seed_2,004,diagnosis_spice_postprocess_fallback,Diagnosis + repair,current_mirror_ota_ihp130,Current mirror,dc_gain_05_M4_L_increase,dc_gain,spice_small_perturbation,False,,dc_gain|output_swing|saturation_margin,0.0,0.096321,-0.006862
diagnosis_spice_postprocess_fallback__current_mirror_ota_ihp130__seed_2,004,diagnosis_spice_postprocess_fallback,Diagnosis + repair,current_mirror_ota_ihp130,Current mirror,dc_gain_06_M5_gm_id_increase,dc_gain,spice_small_perturbation,False,,dc_gain|output_swing|saturation_margin,0.0,0.08429500000000001,-0.00046
diagnosis_spice_postprocess_fallback__current_mirror_ota_ihp130__seed_2,004,diagnosis_spice_postprocess_fallback,Diagnosis + repair,current_mirror_ota_ihp130,Current mirror,dc_gain_07_global_I_tail_decrease,dc_gain,spice_small_perturbation,False,,,0.0,0.0,0.0
diagnosis_spice_postprocess_fallback__current_mirror_ota_ihp130__seed_2,005,diagnosis_spice_postprocess_fallback,Diagnosis + repair,current_mirror_ota_ihp130,Current mirror,dc_gain_01_global_vbias_set,dc_gain,spice_small_perturbation,True,dc_gain|output_swing|saturation_margin,,1.0274290000000001,0.0,0.059845
diagnosis_spice_postprocess_fallback__current_mirror_ota_ihp130__seed_2,005,diagnosis_spice_postprocess_fallback,Diagnosis + repair,current_mirror_ota_ihp130,Current mirror,dc_gain_02_global_vbias_set,dc_gain,spice_small_perturbation,True,dc_gain|output_swing|saturation_margin,,22.871801,0.0,0.101755
diagnosis_spice_postprocess_fallback__current_mirror_ota_ihp130__seed_2,005,diagnosis_spice_postprocess_fallback,Diagnosis + repair,current_mirror_ota_ihp130,Current mirror,dc_gain_03_M2_gm_id_increase,dc_gain,spice_small_perturbation,True,saturation_margin,dc_gain|output_swing,0.409138,0.02716,-0.012073
diagnosis_spice_postprocess_fallback__current_mirror_ota_ihp130__seed_2,005,diagnosis_spice_postprocess_fallback,Diagnosis + repair,current_mirror_ota_ihp130,Current mirror,dc_gain_04_M3_gm_id_increase,dc_gain,spice_small_perturbation,True,dc_gain|output_swing|saturation_margin,,0.052872,0.0,0.015931
diagnosis_spice_postprocess_fallback__current_mirror_ota_ihp130__seed_2,005,diagnosis_spice_postprocess_fallback,Diagnosis + repair,current_mirror_ota_ihp130,Current mirror,dc_gain_05_M2_L_increase,dc_gain,spice_small_perturbation,True,dc_gain|output_swing,saturation_margin,0.026192,0.430864,0.00742
diagnosis_spice_postprocess_fallback__current_mirror_ota_ihp130__seed_2,005,diagnosis_spice_postprocess_fallback,Diagnosis + repair,current_mirror_ota_ihp130,Current mirror,dc_gain_06_M4_L_increase,dc_gain,spice_small_perturbation,False,,dc_gain|output_swing|saturation_margin,0.0,0.10309900000000001,-0.033756
diagnosis_spice_postprocess_fallback__current_mirror_ota_ihp130__seed_2,005,diagnosis_spice_postprocess_fallback,Diagnosis + repair,current_mirror_ota_ihp130,Current mirror,dc_gain_07_M5_gm_id_increase,dc_gain,spice_small_perturbation,False,,dc_gain|output_swing|saturation_margin,0.0,0.31730800000000003,-0.00642
diagnosis_spice_postprocess_fallback__current_mirror_ota_ihp130__seed_2,005,diagnosis_spice_postprocess_fallback,Diagnosis + repair,current_mirror_ota_ihp130,Current mirror,dc_gain_08_global_I_tail_decrease,dc_gain,spice_small_perturbation,False,,,0.0,0.0,0.0
diagnosis_spice_postprocess_fallback__current_mirror_ota_ihp130__seed_2,006,diagnosis_spice_postprocess_fallback,Diagnosis + repair,current_mirror_ota_ihp130,Current mirror,unity_gain_bandwidth_01_M1_gm_id_increase,unity_gain_bandwidth,spice_small_perturbation,True,unity_gain_bandwidth,,0.014128,0.0,0.002027
diagnosis_spice_postprocess_fallback__current_mirror_ota_ihp130__seed_2,006,diagnosis_spice_postprocess_fallback,Diagnosis + repair,current_mirror_ota_ihp130,Current mirror,unity_gain_bandwidth_02_M1_L_decrease,unity_gain_bandwidth,spice_small_perturbation,True,unity_gain_bandwidth,,0.009532,0.0,0.001411
diagnosis_spice_postprocess_fallback__current_mirror_ota_ihp130__seed_2,006,diagnosis_spice_postprocess_fallback,Diagnosis + repair,current_mirror_ota_ihp130,Current mirror,unity_gain_bandwidth_03_global_I_tail_increase,unity_gain_bandwidth,spice_small_perturbation,False,,,0.0,0.0,0.0
diagnosis_spice_postprocess_fallback__current_mirror_ota_ihp130__seed_2,007,diagnosis_spice_postprocess_fallback,Diagnosis + repair,current_mirror_ota_ihp130,Current mirror,slew_rate_01_global_I_tail_increase,slew_rate,spice_small_perturbation,False,,,0.0,0.0,0.0
diagnosis_spice_postprocess_fallback__current_mirror_ota_ihp130__seed_2,007,diagnosis_spice_postprocess_fallback,Diagnosis + repair,current_mirror_ota_ihp130,Current mirror,slew_rate_02_M5_L_decrease,slew_rate,spice_small_perturbation,True,dc_gain,slew_rate|unity_gain_bandwidth,0.025772,0.286943,-0.402168
diagnosis_spice_postprocess_fallback__current_mirror_ota_ihp130__seed_4,001,diagnosis_spice_postprocess_fallback,Diagnosis + repair,current_mirror_ota_ihp130,Current mirror,slew_rate_01_global_I_tail_increase,slew_rate,spice_small_perturbation,False,,,0.0,0.0,0.0
diagnosis_spice_postprocess_fallback__current_mirror_ota_ihp130__seed_4,001,diagnosis_spice_postprocess_fallback,Diagnosis + repair,current_mirror_ota_ihp130,Current mirror,slew_rate_02_M5_L_decrease,slew_rate,spice_small_perturbation,True,dc_gain,slew_rate|unity_gain_bandwidth,0.037554,0.714658,-0.731783
diagnosis_spice_postprocess_fallback__current_mirror_ota_ihp130__seed_5,001,diagnosis_spice_postprocess_fallback,Diagnosis + repair,current_mirror_ota_ihp130,Current mirror,slew_rate_01_global_I_tail_increase,slew_rate,spice_small_perturbation,False,,,0.0,0.0,0.0
diagnosis_spice_postprocess_fallback__current_mirror_ota_ihp130__seed_5,001,diagnosis_spice_postprocess_fallback,Diagnosis + repair,current_mirror_ota_ihp130,Current mirror,slew_rate_02_M5_L_decrease,slew_rate,spice_small_perturbation,True,dc_gain,slew_rate|unity_gain_bandwidth,0.021391,0.366185,-0.46517
diagnosis_spice_postprocess_fallback__current_mirror_ota_ihp130__seed_6,001,diagnosis_spice_postprocess_fallback,Diagnosis + repair,current_mirror_ota_ihp130,Current mirror,dc_gain_01_global_vbias_set,dc_gain,spice_small_perturbation,True,dc_gain|output_swing|power,saturation_margin,0.148115,1.527745,0.017419
diagnosis_spice_postprocess_fallback__current_mirror_ota_ihp130__seed_6,001,diagnosis_spice_postprocess_fallback,Diagnosis + repair,current_mirror_ota_ihp130,Current mirror,dc_gain_02_global_vbias_set,dc_gain,spice_small_perturbation,True,dc_gain|output_swing|power|saturation_margin,,7.899464999999999,0.0,0.057976
diagnosis_spice_postprocess_fallback__current_mirror_ota_ihp130__seed_6,001,diagnosis_spice_postprocess_fallback,Diagnosis + repair,current_mirror_ota_ihp130,Current mirror,dc_gain_03_M1_gm_id_increase,dc_gain,spice_small_perturbation,True,dc_gain|output_swing|power,saturation_margin,0.038114999999999996,0.10869,0.012437
diagnosis_spice_postprocess_fallback__current_mirror_ota_ihp130__seed_6,001,diagnosis_spice_postprocess_fallback,Diagnosis + repair,current_mirror_ota_ihp130,Current mirror,dc_gain_04_M3_gm_id_increase,dc_gain,spice_small_perturbation,True,dc_gain|output_swing|saturation_margin,power,0.076117,0.003216,0.014423
diagnosis_spice_postprocess_fallback__current_mirror_ota_ihp130__seed_6,001,diagnosis_spice_postprocess_fallback,Diagnosis + repair,current_mirror_ota_ihp130,Current mirror,dc_gain_05_M2_L_increase,dc_gain,spice_small_perturbation,True,dc_gain|power,output_swing|saturation_margin,0.055726,0.511229,0.003936
diagnosis_spice_postprocess_fallback__current_mirror_ota_ihp130__seed_6,001,diagnosis_spice_postprocess_fallback,Diagnosis + repair,current_mirror_ota_ihp130,Current mirror,dc_gain_06_M4_L_increase,dc_gain,spice_small_perturbation,True,power,dc_gain|output_swing|saturation_margin,0.004768,0.112785,-0.024464
diagnosis_spice_postprocess_fallback__current_mirror_ota_ihp130__seed_6,001,diagnosis_spice_postprocess_fallback,Diagnosis + repair,current_mirror_ota_ihp130,Current mirror,dc_gain_07_M5_gm_id_increase,dc_gain,spice_small_perturbation,False,,dc_gain|output_swing|power|saturation_margin,0.0,0.008421,-0.000188
diagnosis_spice_postprocess_fallback__current_mirror_ota_ihp130__seed_6,001,diagnosis_spice_postprocess_fallback,Diagnosis + repair,current_mirror_ota_ihp130,Current mirror,dc_gain_08_global_I_tail_decrease,dc_gain,spice_small_perturbation,False,,,0.0,0.0,0.0
diagnosis_spice_postprocess_fallback__current_mirror_ota_ihp130__seed_6,002,diagnosis_spice_postprocess_fallback,Diagnosis + repair,current_mirror_ota_ihp130,Current mirror,dc_gain_01_global_vbias_set,dc_gain,spice_small_perturbation,True,dc_gain,output_swing|saturation_margin,0.038175,2.180113,-0.000208
diagnosis_spice_postprocess_fallback__current_mirror_ota_ihp130__seed_6,002,diagnosis_spice_postprocess_fallback,Diagnosis + repair,current_mirror_ota_ihp130,Current mirror,dc_gain_02_global_vbias_set,dc_gain,spice_small_perturbation,True,dc_gain|output_swing|saturation_margin,,0.651399,0.0,0.003479
diagnosis_spice_postprocess_fallback__current_mirror_ota_ihp130__seed_6,002,diagnosis_spice_postprocess_fallback,Diagnosis + repair,current_mirror_ota_ihp130,Current mirror,dc_gain_03_M1_gm_id_increase,dc_gain,spice_small_perturbation,True,saturation_margin,dc_gain|output_swing,0.69295,0.0026060000000000002,-0.000469
diagnosis_spice_postprocess_fallback__current_mirror_ota_ihp130__seed_6,002,diagnosis_spice_postprocess_fallback,Diagnosis + repair,current_mirror_ota_ihp130,Current mirror,dc_gain_04_M3_gm_id_increase,dc_gain,spice_small_perturbation,True,dc_gain|output_swing|saturation_margin,,0.061492,0.0,0.00591
diagnosis_spice_postprocess_fallback__current_mirror_ota_ihp130__seed_6,002,diagnosis_spice_postprocess_fallback,Diagnosis + repair,current_mirror_ota_ihp130,Current mirror,dc_gain_05_M2_L_increase,dc_gain,spice_small_perturbation,True,dc_gain,output_swing|saturation_margin,0.010096,0.5691350000000001,-0.000824
diagnosis_spice_postprocess_fallback__current_mirror_ota_ihp130__seed_6,002,diagnosis_spice_postprocess_fallback,Diagnosis + repair,current_mirror_ota_ihp130,Current mirror,dc_gain_06_M4_L_increase,dc_gain,spice_small_perturbation,False,,dc_gain|output_swing|saturation_margin,0.0,0.10145499999999999,-0.011832
diagnosis_spice_postprocess_fallback__current_mirror_ota_ihp130__seed_6,002,diagnosis_spice_postprocess_fallback,Diagnosis + repair,current_mirror_ota_ihp130,Current mirror,dc_gain_07_M5_gm_id_increase,dc_gain,spice_small_perturbation,False,,dc_gain|output_swing|saturation_margin,0.0,0.007855,-7.4e-05
diagnosis_spice_postprocess_fallback__current_mirror_ota_ihp130__seed_6,002,diagnosis_spice_postprocess_fallback,Diagnosis + repair,current_mirror_ota_ihp130,Current mirror,dc_gain_08_global_I_tail_decrease,dc_gain,spice_small_perturbation,False,,,0.0,0.0,0.0
diagnosis_spice_postprocess_fallback__current_mirror_ota_ihp130__seed_7,001,diagnosis_spice_postprocess_fallback,Diagnosis + repair,current_mirror_ota_ihp130,Current mirror,dc_gain_01_global_vbias_set,dc_gain,spice_small_perturbation,True,dc_gain,saturation_margin,0.046701,4.09573,0.002181
diagnosis_spice_postprocess_fallback__current_mirror_ota_ihp130__seed_7,001,diagnosis_spice_postprocess_fallback,Diagnosis + repair,current_mirror_ota_ihp130,Current mirror,dc_gain_02_global_vbias_set,dc_gain,spice_small_perturbation,False,,dc_gain|saturation_margin,0.0,6.955846,-0.001621
diagnosis_spice_postprocess_fallback__current_mirror_ota_ihp130__seed_7,001,diagnosis_spice_postprocess_fallback,Diagnosis + repair,current_mirror_ota_ihp130,Current mirror,dc_gain_03_M2_L_increase,dc_gain,spice_small_perturbation,True,dc_gain,saturation_margin,0.010399,0.48903,0.000863
diagnosis_spice_postprocess_fallback__current_mirror_ota_ihp130__seed_7,001,diagnosis_spice_postprocess_fallback,Diagnosis + repair,current_mirror_ota_ihp130,Current mirror,dc_gain_04_M1_gm_id_increase,dc_gain,spice_small_perturbation,True,saturation_margin,dc_gain,0.46718,0.000799,-7.5e-05
diagnosis_spice_postprocess_fallback__current_mirror_ota_ihp130__seed_7,001,diagnosis_spice_postprocess_fallback,Diagnosis + repair,current_mirror_ota_ihp130,Current mirror,dc_gain_05_M4_L_increase,dc_gain,spice_small_perturbation,False,,dc_gain|saturation_margin,0.0,0.041975,-6.7e-05
diagnosis_spice_postprocess_fallback__current_mirror_ota_ihp130__seed_7,001,diagnosis_spice_postprocess_fallback,Diagnosis + repair,current_mirror_ota_ihp130,Current mirror,dc_gain_06_M3_gm_id_increase,dc_gain,spice_small_perturbation,True,dc_gain|saturation_margin,,0.018231,0.0,0.00011
diagnosis_spice_postprocess_fallback__current_mirror_ota_ihp130__seed_7,001,diagnosis_spice_postprocess_fallback,Diagnosis + repair,current_mirror_ota_ihp130,Current mirror,dc_gain_07_global_I_tail_increase,dc_gain,spice_small_perturbation,False,,,0.0,0.0,0.0
diagnosis_spice_postprocess_fallback__current_mirror_ota_ihp130__seed_7,001,diagnosis_spice_postprocess_fallback,Diagnosis + repair,current_mirror_ota_ihp130,Current mirror,dc_gain_08_M5_gm_id_increase,dc_gain,spice_small_perturbation,False,,,0.0,0.0,0.0
diagnosis_spice_postprocess_fallback__current_mirror_ota_ihp130__seed_7,003,diagnosis_spice_postprocess_fallback,Diagnosis + repair,current_mirror_ota_ihp130,Current mirror,dc_gain_01_M1_gm_id_increase,dc_gain,spice_small_perturbation,True,unity_gain_bandwidth,dc_gain,0.006297,0.000222,0.000402
diagnosis_spice_postprocess_fallback__current_mirror_ota_ihp130__seed_7,003,diagnosis_spice_postprocess_fallback,Diagnosis + repair,current_mirror_ota_ihp130,Current mirror,dc_gain_02_global_vbias_set,dc_gain,spice_small_perturbation,True,dc_gain,unity_gain_bandwidth,0.030068,0.272176,-0.092827
diagnosis_spice_postprocess_fallback__current_mirror_ota_ihp130__seed_7,003,diagnosis_spice_postprocess_fallback,Diagnosis + repair,current_mirror_ota_ihp130,Current mirror,dc_gain_03_global_I_tail_increase,dc_gain,spice_small_perturbation,False,,,0.0,0.0,0.0
diagnosis_spice_postprocess_fallback__current_mirror_ota_ihp130__seed_7,003,diagnosis_spice_postprocess_fallback,Diagnosis + repair,current_mirror_ota_ihp130,Current mirror,dc_gain_04_M4_L_increase,dc_gain,spice_small_perturbation,True,dc_gain,unity_gain_bandwidth,2.7e-05,0.0011,-7.9e-05
diagnosis_spice_postprocess_fallback__current_mirror_ota_ihp130__seed_7,003,diagnosis_spice_postprocess_fallback,Diagnosis + repair,current_mirror_ota_ihp130,Current mirror,dc_gain_05_M2_L_increase,dc_gain,spice_small_perturbation,True,dc_gain,unity_gain_bandwidth,0.003835,0.009551,-0.000565
diagnosis_spice_postprocess_fallback__current_mirror_ota_ihp130__seed_7,003,diagnosis_spice_postprocess_fallback,Diagnosis + repair,current_mirror_ota_ihp130,Current mirror,dc_gain_06_global_vbias_set,dc_gain,spice_small_perturbation,True,unity_gain_bandwidth,dc_gain,0.0361,0.003054,0.00111
diagnosis_spice_postprocess_fallback__current_mirror_ota_ihp130__seed_7,003,diagnosis_spice_postprocess_fallback,Diagnosis + repair,current_mirror_ota_ihp130,Current mirror,unity_gain_bandwidth_03_M1_L_decrease,unity_gain_bandwidth,spice_small_perturbation,True,unity_gain_bandwidth,dc_gain,0.009826,0.00402,0.000355
diagnosis_spice_postprocess_fallback__current_mirror_ota_ihp130__seed_7,003,diagnosis_spice_postprocess_fallback,Diagnosis + repair,current_mirror_ota_ihp130,Current mirror,dc_gain_07_M5_gm_id_increase,dc_gain,spice_small_perturbation,True,unity_gain_bandwidth,dc_gain,0.015986,9e-06,0.000898
diagnosis_spice_postprocess_fallback__current_mirror_ota_ihp130__seed_9,001,diagnosis_spice_postprocess_fallback,Diagnosis + repair,current_mirror_ota_ihp130,Current mirror,dc_gain_01_global_vbias_set,dc_gain,spice_small_perturbation,True,dc_gain|output_swing,saturation_margin,0.1883,1.79597,0.04953
diagnosis_spice_postprocess_fallback__current_mirror_ota_ihp130__seed_9,001,diagnosis_spice_postprocess_fallback,Diagnosis + repair,current_mirror_ota_ihp130,Current mirror,dc_gain_02_global_vbias_set,dc_gain,spice_small_perturbation,True,dc_gain|output_swing|saturation_margin,,4.721419,0.0,0.039016
diagnosis_spice_postprocess_fallback__current_mirror_ota_ihp130__seed_9,001,diagnosis_spice_postprocess_fallback,Diagnosis + repair,current_mirror_ota_ihp130,Current mirror,dc_gain_03_M2_gm_id_increase,dc_gain,spice_small_perturbation,True,saturation_margin,dc_gain|output_swing,0.72475,0.01291,-0.004419
diagnosis_spice_postprocess_fallback__current_mirror_ota_ihp130__seed_9,001,diagnosis_spice_postprocess_fallback,Diagnosis + repair,current_mirror_ota_ihp130,Current mirror,dc_gain_04_M3_gm_id_increase,dc_gain,spice_small_perturbation,True,dc_gain|output_swing|saturation_margin,,0.096488,0.0,0.015652
diagnosis_spice_postprocess_fallback__current_mirror_ota_ihp130__seed_9,001,diagnosis_spice_postprocess_fallback,Diagnosis + repair,current_mirror_ota_ihp130,Current mirror,dc_gain_05_M2_L_increase,dc_gain,spice_small_perturbation,True,dc_gain,output_swing|saturation_margin,0.012262,0.425702,-0.000239
diagnosis_spice_postprocess_fallback__current_mirror_ota_ihp130__seed_9,001,diagnosis_spice_postprocess_fallback,Diagnosis + repair,current_mirror_ota_ihp130,Current mirror,dc_gain_06_M4_L_increase,dc_gain,spice_small_perturbation,False,,dc_gain|output_swing|saturation_margin,0.0,0.133105,-0.024884
diagnosis_spice_postprocess_fallback__current_mirror_ota_ihp130__seed_9,001,diagnosis_spice_postprocess_fallback,Diagnosis + repair,current_mirror_ota_ihp130,Current mirror,dc_gain_07_M5_gm_id_increase,dc_gain,spice_small_perturbation,False,,dc_gain|output_swing|saturation_margin,0.0,0.5519700000000001,-0.011013
diagnosis_spice_postprocess_fallback__current_mirror_ota_ihp130__seed_9,001,diagnosis_spice_postprocess_fallback,Diagnosis + repair,current_mirror_ota_ihp130,Current mirror,dc_gain_08_global_I_tail_decrease,dc_gain,spice_small_perturbation,False,,,0.0,0.0,0.0
diagnosis_spice_postprocess_fallback__current_mirror_ota_ihp130__seed_9,002,diagnosis_spice_postprocess_fallback,Diagnosis + repair,current_mirror_ota_ihp130,Current mirror,dc_gain_01_global_vbias_set,dc_gain,spice_small_perturbation,True,dc_gain|output_swing|saturation_margin,,1.03105,0.0,0.154662
diagnosis_spice_postprocess_fallback__current_mirror_ota_ihp130__seed_9,002,diagnosis_spice_postprocess_fallback,Diagnosis + repair,current_mirror_ota_ihp130,Current mirror,dc_gain_02_global_vbias_set,dc_gain,spice_small_perturbation,True,dc_gain|output_swing|saturation_margin,,18.184879000000002,0.0,0.207471
diagnosis_spice_postprocess_fallback__current_mirror_ota_ihp130__seed_9,002,diagnosis_spice_postprocess_fallback,Diagnosis + repair,current_mirror_ota_ihp130,Current mirror,dc_gain_03_M1_gm_id_increase,dc_gain,spice_small_perturbation,True,saturation_margin,dc_gain|output_swing,0.541252,0.088091,-0.05468
diagnosis_spice_postprocess_fallback__current_mirror_ota_ihp130__seed_9,002,diagnosis_spice_postprocess_fallback,Diagnosis + repair,current_mirror_ota_ihp130,Current mirror,dc_gain_04_M3_gm_id_increase,dc_gain,spice_small_perturbation,True,dc_gain|output_swing|saturation_margin,,0.150277,0.0,0.054001
diagnosis_spice_postprocess_fallback__current_mirror_ota_ihp130__seed_9,002,diagnosis_spice_postprocess_fallback,Diagnosis + repair,current_mirror_ota_ihp130,Current mirror,dc_gain_05_M2_L_increase,dc_gain,spice_small_perturbation,True,dc_gain|output_swing,saturation_margin,0.074655,0.688996,0.035759
diagnosis_spice_postprocess_fallback__current_mirror_ota_ihp130__seed_9,002,diagnosis_spice_postprocess_fallback,Diagnosis + repair,current_mirror_ota_ihp130,Current mirror,dc_gain_06_M4_L_increase,dc_gain,spice_small_perturbation,False,,dc_gain|output_swing|saturation_margin,0.0,0.241823,-0.104888
diagnosis_spice_postprocess_fallback__current_mirror_ota_ihp130__seed_9,002,diagnosis_spice_postprocess_fallback,Diagnosis + repair,current_mirror_ota_ihp130,Current mirror,dc_gain_07_M5_gm_id_increase,dc_gain,spice_small_perturbation,False,,dc_gain|output_swing|saturation_margin,0.0,0.755386,-0.038945
diagnosis_spice_postprocess_fallback__current_mirror_ota_ihp130__seed_9,002,diagnosis_spice_postprocess_fallback,Diagnosis + repair,current_mirror_ota_ihp130,Current mirror,dc_gain_08_global_I_tail_decrease,dc_gain,spice_small_perturbation,False,,,0.0,0.0,0.0
diagnosis_spice_postprocess_fallback__current_mirror_ota_ihp130__seed_10,001,diagnosis_spice_postprocess_fallback,Diagnosis + repair,current_mirror_ota_ihp130,Current mirror,dc_gain_01_M1_gm_id_increase,dc_gain,spice_small_perturbation,True,unity_gain_bandwidth,dc_gain,0.009644,0.000363,6.3e-05
diagnosis_spice_postprocess_fallback__current_mirror_ota_ihp130__seed_10,001,diagnosis_spice_postprocess_fallback,Diagnosis + repair,current_mirror_ota_ihp130,Current mirror,dc_gain_02_global_vbias_set,dc_gain,spice_small_perturbation,True,dc_gain|unity_gain_bandwidth,,0.05357,0.0,0.002017
diagnosis_spice_postprocess_fallback__current_mirror_ota_ihp130__seed_10,001,diagnosis_spice_postprocess_fallback,Diagnosis + repair,current_mirror_ota_ihp130,Current mirror,dc_gain_03_global_I_tail_increase,dc_gain,spice_small_perturbation,False,,,0.0,0.0,0.0
diagnosis_spice_postprocess_fallback__current_mirror_ota_ihp130__seed_10,001,diagnosis_spice_postprocess_fallback,Diagnosis + repair,current_mirror_ota_ihp130,Current mirror,dc_gain_04_M4_L_increase,dc_gain,spice_small_perturbation,True,dc_gain,unity_gain_bandwidth,1.7e-05,0.001097,-2.1e-05
diagnosis_spice_postprocess_fallback__current_mirror_ota_ihp130__seed_10,001,diagnosis_spice_postprocess_fallback,Diagnosis + repair,current_mirror_ota_ihp130,Current mirror,dc_gain_05_M2_L_increase,dc_gain,spice_small_perturbation,True,dc_gain,unity_gain_bandwidth,0.00389,0.009555,4.9e-05
diagnosis_spice_postprocess_fallback__current_mirror_ota_ihp130__seed_10,001,diagnosis_spice_postprocess_fallback,Diagnosis + repair,current_mirror_ota_ihp130,Current mirror,dc_gain_06_global_vbias_set,dc_gain,spice_small_perturbation,True,unity_gain_bandwidth,dc_gain,0.009726,0.004988,-0.000368
diagnosis_spice_postprocess_fallback__current_mirror_ota_ihp130__seed_10,001,diagnosis_spice_postprocess_fallback,Diagnosis + repair,current_mirror_ota_ihp130,Current mirror,unity_gain_bandwidth_03_M1_L_decrease,unity_gain_bandwidth,spice_small_perturbation,True,unity_gain_bandwidth,dc_gain,0.009726,0.004072,-0.000279
diagnosis_spice_postprocess_fallback__current_mirror_ota_ihp130__seed_10,001,diagnosis_spice_postprocess_fallback,Diagnosis + repair,current_mirror_ota_ihp130,Current mirror,dc_gain_07_M5_gm_id_increase,dc_gain,spice_small_perturbation,False,,,0.0,0.0,0.0
diagnosis_spice_postprocess_fallback__telescopic_ota_ihp130__seed_8,001,diagnosis_spice_postprocess_fallback,Diagnosis + repair,telescopic_ota_ihp130,Telescopic,dc_gain_01_global_vbias_tail_set,dc_gain,spice_small_perturbation,True,dc_gain|saturation_margin,,2.194857,0.0,3.5e-05
diagnosis_spice_postprocess_fallback__telescopic_ota_ihp130__seed_8,001,diagnosis_spice_postprocess_fallback,Diagnosis + repair,telescopic_ota_ihp130,Telescopic,dc_gain_02_M8_gm_id_increase,dc_gain,spice_small_perturbation,False,,dc_gain|saturation_margin,0.0,0.028362,-5e-06
diagnosis_spice_postprocess_fallback__telescopic_ota_ihp130__seed_8,001,diagnosis_spice_postprocess_fallback,Diagnosis + repair,telescopic_ota_ihp130,Telescopic,dc_gain_03_global_vbias_tail_set,dc_gain,spice_small_perturbation,False,,dc_gain|saturation_margin,0.0,32.473478,-3.272894
diagnosis_spice_postprocess_fallback__telescopic_ota_ihp130__seed_8,001,diagnosis_spice_postprocess_fallback,Diagnosis + repair,telescopic_ota_ihp130,Telescopic,dc_gain_04_global_vbias_tail_set,dc_gain,spice_small_perturbation,False,,dc_gain|saturation_margin,0.0,1.1856630000000001,-0.000466
diagnosis_spice_postprocess_fallback__telescopic_ota_ihp130__seed_8,001,diagnosis_spice_postprocess_fallback,Diagnosis + repair,telescopic_ota_ihp130,Telescopic,dc_gain_05_global_vbias_ncas_set,dc_gain,spice_small_perturbation,False,,dc_gain|saturation_margin,0.0,0.033247,-0.000268
diagnosis_spice_postprocess_fallback__telescopic_ota_ihp130__seed_8,001,diagnosis_spice_postprocess_fallback,Diagnosis + repair,telescopic_ota_ihp130,Telescopic,dc_gain_06_global_vbias_pcas_set,dc_gain,spice_small_perturbation,False,,dc_gain|saturation_margin,0.0,15.719154999999999,-1.464854
diagnosis_spice_postprocess_fallback__telescopic_ota_ihp130__seed_8,001,diagnosis_spice_postprocess_fallback,Diagnosis + repair,telescopic_ota_ihp130,Telescopic,dc_gain_07_global_vbias_tail_set,dc_gain,spice_small_perturbation,True,dc_gain|saturation_margin,,2.2480919999999998,0.0,3.5e-05
diagnosis_spice_postprocess_fallback__telescopic_ota_ihp130__seed_8,001,diagnosis_spice_postprocess_fallback,Diagnosis + repair,telescopic_ota_ihp130,Telescopic,dc_gain_08_global_vbias_tail_set,dc_gain,spice_small_perturbation,False,,dc_gain|saturation_margin,0.0,38.144923,-3.363112
diagnosis_spice_postprocess_fallback__telescopic_ota_ihp130__seed_8,002,diagnosis_spice_postprocess_fallback,Diagnosis + repair,telescopic_ota_ihp130,Telescopic,dc_gain_01_global_vbias_tail_set,dc_gain,spice_small_perturbation,True,dc_gain|saturation_margin,,1.032696,0.0,0.001851
diagnosis_spice_postprocess_fallback__telescopic_ota_ihp130__seed_8,002,diagnosis_spice_postprocess_fallback,Diagnosis + repair,telescopic_ota_ihp130,Telescopic,dc_gain_02_M8_gm_id_increase,dc_gain,spice_small_perturbation,False,,dc_gain|saturation_margin,0.0,0.114329,-0.000231
diagnosis_spice_postprocess_fallback__telescopic_ota_ihp130__seed_8,002,diagnosis_spice_postprocess_fallback,Diagnosis + repair,telescopic_ota_ihp130,Telescopic,dc_gain_03_global_vbias_tail_set,dc_gain,spice_small_perturbation,False,,dc_gain|saturation_margin,0.0,16.65724,-2.537364
diagnosis_spice_postprocess_fallback__telescopic_ota_ihp130__seed_8,002,diagnosis_spice_postprocess_fallback,Diagnosis + repair,telescopic_ota_ihp130,Telescopic,dc_gain_04_global_vbias_tail_set,dc_gain,spice_small_perturbation,False,,dc_gain|saturation_margin,0.0,0.636629,-0.000608
diagnosis_spice_postprocess_fallback__telescopic_ota_ihp130__seed_8,002,diagnosis_spice_postprocess_fallback,Diagnosis + repair,telescopic_ota_ihp130,Telescopic,dc_gain_05_global_vbias_pcas_set,dc_gain,spice_small_perturbation,True,dc_gain|saturation_margin,,2.211807,0.0,0.002927
diagnosis_spice_postprocess_fallback__telescopic_ota_ihp130__seed_8,002,diagnosis_spice_postprocess_fallback,Diagnosis + repair,telescopic_ota_ihp130,Telescopic,dc_gain_06_global_vbias_tail_set,dc_gain,spice_small_perturbation,True,dc_gain|saturation_margin,,1.0591089999999999,0.0,0.002802
diagnosis_spice_postprocess_fallback__telescopic_ota_ihp130__seed_8,002,diagnosis_spice_postprocess_fallback,Diagnosis + repair,telescopic_ota_ihp130,Telescopic,dc_gain_07_global_vbias_tail_set,dc_gain,spice_small_perturbation,False,,dc_gain|saturation_margin,0.0,35.693937,-3.194151
diagnosis_spice_postprocess_fallback__telescopic_ota_ihp130__seed_8,002,diagnosis_spice_postprocess_fallback,Diagnosis + repair,telescopic_ota_ihp130,Telescopic,dc_gain_08_M1_gm_id_increase,dc_gain,spice_small_perturbation,True,dc_gain|saturation_margin,,0.002228,0.0,2.1e-05
diagnosis_spice_postprocess_fallback__folded_cascode_ota_ihp130__seed_1,001,diagnosis_spice_postprocess_fallback,Diagnosis + repair,folded_cascode_ota_ihp130,Folded cascode,dc_gain_01_global_vbias_ptail_set,dc_gain,spice_small_perturbation,False,,dc_gain|saturation_margin,0.0,10.611189000000001,-0.120915
diagnosis_spice_postprocess_fallback__folded_cascode_ota_ihp130__seed_1,001,diagnosis_spice_postprocess_fallback,Diagnosis + repair,folded_cascode_ota_ihp130,Folded cascode,dc_gain_02_M7_L_increase,dc_gain,spice_small_perturbation,False,,dc_gain|saturation_margin,0.0,0.317673,-0.000782
diagnosis_spice_postprocess_fallback__folded_cascode_ota_ihp130__seed_1,001,diagnosis_spice_postprocess_fallback,Diagnosis + repair,folded_cascode_ota_ihp130,Folded cascode,dc_gain_03_M3_gm_id_increase,dc_gain,spice_small_perturbation,False,,,0.0,0.0,0.0
diagnosis_spice_postprocess_fallback__folded_cascode_ota_ihp130__seed_1,001,diagnosis_spice_postprocess_fallback,Diagnosis + repair,folded_cascode_ota_ihp130,Folded cascode,dc_gain_04_M1_gm_id_increase,dc_gain,spice_small_perturbation,True,dc_gain|saturation_margin,,0.008573,0.0,0.000291
diagnosis_spice_postprocess_fallback__folded_cascode_ota_ihp130__seed_1,001,diagnosis_spice_postprocess_fallback,Diagnosis + repair,folded_cascode_ota_ihp130,Folded cascode,dc_gain_05_M4_L_increase,dc_gain,spice_small_perturbation,True,dc_gain|saturation_margin,,0.099096,0.0,0.001101
diagnosis_spice_postprocess_fallback__folded_cascode_ota_ihp130__seed_1,001,diagnosis_spice_postprocess_fallback,Diagnosis + repair,folded_cascode_ota_ihp130,Folded cascode,dc_gain_06_M2_L_increase,dc_gain,spice_small_perturbation,False,,dc_gain|saturation_margin,0.0,0.02123,-3.8e-05
diagnosis_spice_postprocess_fallback__folded_cascode_ota_ihp130__seed_1,001,diagnosis_spice_postprocess_fallback,Diagnosis + repair,folded_cascode_ota_ihp130,Folded cascode,dc_gain_07_global_I_tail_increase,dc_gain,spice_small_perturbation,False,,,0.0,0.0,0.0
diagnosis_spice_postprocess_fallback__folded_cascode_ota_ihp130__seed_1,001,diagnosis_spice_postprocess_fallback,Diagnosis + repair,folded_cascode_ota_ihp130,Folded cascode,dc_gain_08_M5_gm_id_increase,dc_gain,spice_small_perturbation,False,,,0.0,0.0,0.0
diagnosis_spice_postprocess_fallback__folded_cascode_ota_ihp130__seed_3,001,diagnosis_spice_postprocess_fallback,Diagnosis + repair,folded_cascode_ota_ihp130,Folded cascode,dc_gain_01_M1_gm_id_increase,dc_gain,spice_small_perturbation,False,,dc_gain|saturation_margin,0.0,0.07635800000000001,-0.017521
diagnosis_spice_postprocess_fallback__folded_cascode_ota_ihp130__seed_3,001,diagnosis_spice_postprocess_fallback,Diagnosis + repair,folded_cascode_ota_ihp130,Folded cascode,dc_gain_02_M3_gm_id_increase,dc_gain,spice_small_perturbation,True,dc_gain,saturation_margin,0.000522,0.001712,0.001352
diagnosis_spice_postprocess_fallback__folded_cascode_ota_ihp130__seed_3,001,diagnosis_spice_postprocess_fallback,Diagnosis + repair,folded_cascode_ota_ihp130,Folded cascode,dc_gain_03_global_vbias_ptail_set,dc_gain,spice_small_perturbation,True,dc_gain|saturation_margin,,59.857593,0.0,1.412969
diagnosis_spice_postprocess_fallback__folded_cascode_ota_ihp130__seed_3,001,diagnosis_spice_postprocess_fallback,Diagnosis + repair,folded_cascode_ota_ihp130,Folded cascode,dc_gain_04_global_vbias_ncas_set,dc_gain,spice_small_perturbation,True,dc_gain|saturation_margin,,44.927797,0.0,1.636123
diagnosis_spice_postprocess_fallback__folded_cascode_ota_ihp130__seed_3,001,diagnosis_spice_postprocess_fallback,Diagnosis + repair,folded_cascode_ota_ihp130,Folded cascode,dc_gain_05_M7_L_increase,dc_gain,spice_small_perturbation,False,,dc_gain|saturation_margin,0.0,1.344222,-0.177957
diagnosis_spice_postprocess_fallback__folded_cascode_ota_ihp130__seed_3,001,diagnosis_spice_postprocess_fallback,Diagnosis + repair,folded_cascode_ota_ihp130,Folded cascode,dc_gain_06_M4_L_increase,dc_gain,spice_small_perturbation,False,,dc_gain|saturation_margin,0.0,1.81677,-0.083788
diagnosis_spice_postprocess_fallback__folded_cascode_ota_ihp130__seed_3,001,diagnosis_spice_postprocess_fallback,Diagnosis + repair,folded_cascode_ota_ihp130,Folded cascode,dc_gain_07_M2_L_increase,dc_gain,spice_small_perturbation,True,dc_gain|saturation_margin,,0.9479650000000001,0.0,0.180636
diagnosis_spice_postprocess_fallback__folded_cascode_ota_ihp130__seed_3,001,diagnosis_spice_postprocess_fallback,Diagnosis + repair,folded_cascode_ota_ihp130,Folded cascode,dc_gain_08_M5_gm_id_increase,dc_gain,spice_small_perturbation,False,,dc_gain|saturation_margin,0.0,0.007263,-0.000855
diagnosis_spice_postprocess_fallback__folded_cascode_ota_ihp130__seed_3,002,diagnosis_spice_postprocess_fallback,Diagnosis + repair,folded_cascode_ota_ihp130,Folded cascode,dc_gain_01_M1_gm_id_increase,dc_gain,spice_small_perturbation,False,,dc_gain|saturation_margin,0.0,0.349195,-0.050927
diagnosis_spice_postprocess_fallback__folded_cascode_ota_ihp130__seed_3,002,diagnosis_spice_postprocess_fallback,Diagnosis + repair,folded_cascode_ota_ihp130,Folded cascode,dc_gain_02_M3_gm_id_increase,dc_gain,spice_small_perturbation,True,dc_gain|saturation_margin,,0.039561,0.0,0.00655
diagnosis_spice_postprocess_fallback__folded_cascode_ota_ihp130__seed_3,002,diagnosis_spice_postprocess_fallback,Diagnosis + repair,folded_cascode_ota_ihp130,Folded cascode,dc_gain_03_global_vbias_ptail_set,dc_gain,spice_small_perturbation,True,dc_gain|saturation_margin,,50.617547,0.0,0.403673
diagnosis_spice_postprocess_fallback__folded_cascode_ota_ihp130__seed_3,002,diagnosis_spice_postprocess_fallback,Diagnosis + repair,folded_cascode_ota_ihp130,Folded cascode,dc_gain_04_global_vbias_ncas_set,dc_gain,spice_small_perturbation,True,dc_gain|saturation_margin,,35.717161,0.0,0.632343
diagnosis_spice_postprocess_fallback__folded_cascode_ota_ihp130__seed_3,002,diagnosis_spice_postprocess_fallback,Diagnosis + repair,folded_cascode_ota_ihp130,Folded cascode,dc_gain_05_M7_L_increase,dc_gain,spice_small_perturbation,False,,dc_gain|saturation_margin,0.0,4.1028329999999995,-0.528443
diagnosis_spice_postprocess_fallback__folded_cascode_ota_ihp130__seed_3,002,diagnosis_spice_postprocess_fallback,Diagnosis + repair,folded_cascode_ota_ihp130,Folded cascode,dc_gain_06_M4_L_increase,dc_gain,spice_small_perturbation,False,,dc_gain|saturation_margin,0.0,3.431606,-0.32755
diagnosis_spice_postprocess_fallback__folded_cascode_ota_ihp130__seed_3,002,diagnosis_spice_postprocess_fallback,Diagnosis + repair,folded_cascode_ota_ihp130,Folded cascode,dc_gain_07_M2_L_increase,dc_gain,spice_small_perturbation,True,dc_gain|saturation_margin,,5.540345,0.0,0.438584
diagnosis_spice_postprocess_fallback__folded_cascode_ota_ihp130__seed_3,002,diagnosis_spice_postprocess_fallback,Diagnosis + repair,folded_cascode_ota_ihp130,Folded cascode,dc_gain_08_M5_gm_id_increase,dc_gain,spice_small_perturbation,False,,dc_gain|saturation_margin,0.0,0.032884000000000004,-0.004086
diagnosis_spice_postprocess_fallback__folded_cascode_ota_ihp130__seed_3,003,diagnosis_spice_postprocess_fallback,Diagnosis + repair,folded_cascode_ota_ihp130,Folded cascode,dc_gain_01_M3_gm_id_increase,dc_gain,spice_small_perturbation,True,saturation_margin,dc_gain,0.023251,1.6e-05,-9e-06
diagnosis_spice_postprocess_fallback__folded_cascode_ota_ihp130__seed_3,003,diagnosis_spice_postprocess_fallback,Diagnosis + repair,folded_cascode_ota_ihp130,Folded cascode,dc_gain_02_global_vbias_ptail_set,dc_gain,spice_small_perturbation,True,dc_gain|saturation_margin,,26.064858,0.0,0.081526
diagnosis_spice_postprocess_fallback__folded_cascode_ota_ihp130__seed_3,003,diagnosis_spice_postprocess_fallback,Diagnosis + repair,folded_cascode_ota_ihp130,Folded cascode,dc_gain_03_global_vbias_ncas_set,dc_gain,spice_small_perturbation,True,dc_gain|saturation_margin,,22.477649,0.0,0.078964
diagnosis_spice_postprocess_fallback__folded_cascode_ota_ihp130__seed_3,003,diagnosis_spice_postprocess_fallback,Diagnosis + repair,folded_cascode_ota_ihp130,Folded cascode,dc_gain_04_M7_L_increase,dc_gain,spice_small_perturbation,False,,dc_gain|saturation_margin,0.0,6.691481,-0.000707
diagnosis_spice_postprocess_fallback__folded_cascode_ota_ihp130__seed_3,003,diagnosis_spice_postprocess_fallback,Diagnosis + repair,folded_cascode_ota_ihp130,Folded cascode,dc_gain_05_M1_gm_id_increase,dc_gain,spice_small_perturbation,True,dc_gain,saturation_margin,0.001709,0.102972,0.000973
diagnosis_spice_postprocess_fallback__folded_cascode_ota_ihp130__seed_3,003,diagnosis_spice_postprocess_fallback,Diagnosis + repair,folded_cascode_ota_ihp130,Folded cascode,dc_gain_06_M4_L_increase,dc_gain,spice_small_perturbation,False,,dc_gain|saturation_margin,0.0,4.19239,-0.000141
diagnosis_spice_postprocess_fallback__folded_cascode_ota_ihp130__seed_3,003,diagnosis_spice_postprocess_fallback,Diagnosis + repair,folded_cascode_ota_ihp130,Folded cascode,dc_gain_07_M2_L_increase,dc_gain,spice_small_perturbation,True,saturation_margin,dc_gain,0.738959,0.005624,-0.003392
diagnosis_spice_postprocess_fallback__folded_cascode_ota_ihp130__seed_3,003,diagnosis_spice_postprocess_fallback,Diagnosis + repair,folded_cascode_ota_ihp130,Folded cascode,dc_gain_08_global_I_tail_increase,dc_gain,spice_small_perturbation,False,,,0.0,0.0,0.0
diagnosis_spice_postprocess_fallback__folded_cascode_ota_ihp130__seed_3,004,diagnosis_spice_postprocess_fallback,Diagnosis + repair,folded_cascode_ota_ihp130,Folded cascode,slew_rate_01_global_I_tail_increase,slew_rate,spice_small_perturbation,False,,,0.0,0.0,0.0
diagnosis_spice_postprocess_fallback__folded_cascode_ota_ihp130__seed_2,001,diagnosis_spice_postprocess_fallback,Diagnosis + repair,folded_cascode_ota_ihp130,Folded cascode,dc_gain_01_global_vbias_ptail_set,dc_gain,spice_small_perturbation,False,,dc_gain|saturation_margin,0.0,11.750504999999999,-0.108021
diagnosis_spice_postprocess_fallback__folded_cascode_ota_ihp130__seed_2,001,diagnosis_spice_postprocess_fallback,Diagnosis + repair,folded_cascode_ota_ihp130,Folded cascode,dc_gain_02_global_vbias_ncas_set,dc_gain,spice_small_perturbation,False,,dc_gain|saturation_margin,0.0,2.690865,-0.003577
diagnosis_spice_postprocess_fallback__folded_cascode_ota_ihp130__seed_2,001,diagnosis_spice_postprocess_fallback,Diagnosis + repair,folded_cascode_ota_ihp130,Folded cascode,dc_gain_03_M3_gm_id_increase,dc_gain,spice_small_perturbation,False,,dc_gain|saturation_margin,0.0,0.044292000000000005,-3.4e-05
diagnosis_spice_postprocess_fallback__folded_cascode_ota_ihp130__seed_2,001,diagnosis_spice_postprocess_fallback,Diagnosis + repair,folded_cascode_ota_ihp130,Folded cascode,dc_gain_04_M7_L_increase,dc_gain,spice_small_perturbation,False,,dc_gain|saturation_margin,0.0,0.310307,-8.2e-05
diagnosis_spice_postprocess_fallback__folded_cascode_ota_ihp130__seed_2,001,diagnosis_spice_postprocess_fallback,Diagnosis + repair,folded_cascode_ota_ihp130,Folded cascode,dc_gain_05_M1_gm_id_increase,dc_gain,spice_small_perturbation,True,dc_gain|saturation_margin,,0.002193,0.0,4.2e-05
diagnosis_spice_postprocess_fallback__folded_cascode_ota_ihp130__seed_2,001,diagnosis_spice_postprocess_fallback,Diagnosis + repair,folded_cascode_ota_ihp130,Folded cascode,dc_gain_06_M4_L_increase,dc_gain,spice_small_perturbation,True,dc_gain|saturation_margin,,0.090866,0.0,0.00044
diagnosis_spice_postprocess_fallback__folded_cascode_ota_ihp130__seed_2,001,diagnosis_spice_postprocess_fallback,Diagnosis + repair,folded_cascode_ota_ihp130,Folded cascode,dc_gain_07_M2_L_increase,dc_gain,spice_small_perturbation,True,dc_gain,saturation_margin,0.002205,0.01973,0.000169
diagnosis_spice_postprocess_fallback__folded_cascode_ota_ihp130__seed_2,001,diagnosis_spice_postprocess_fallback,Diagnosis + repair,folded_cascode_ota_ihp130,Folded cascode,dc_gain_08_global_I_tail_increase,dc_gain,spice_small_perturbation,False,,,0.0,0.0,0.0
diagnosis_spice_postprocess_fallback__folded_cascode_ota_ihp130__seed_2,002,diagnosis_spice_postprocess_fallback,Diagnosis + repair,folded_cascode_ota_ihp130,Folded cascode,phase_margin_01_M2_L_decrease,phase_margin,spice_small_perturbation,True,phase_margin,saturation_margin,0.114978,0.02794,0.038362
diagnosis_spice_postprocess_fallback__folded_cascode_ota_ihp130__seed_2,002,diagnosis_spice_postprocess_fallback,Diagnosis + repair,folded_cascode_ota_ihp130,Folded cascode,phase_margin_02_M3_L_increase,phase_margin,spice_small_perturbation,False,,phase_margin|saturation_margin,0.0,1.07815,-0.006063
diagnosis_spice_postprocess_fallback__folded_cascode_ota_ihp130__seed_2,002,diagnosis_spice_postprocess_fallback,Diagnosis + repair,folded_cascode_ota_ihp130,Folded cascode,phase_margin_03_M7_L_decrease,phase_margin,spice_small_perturbation,True,phase_margin|saturation_margin,,1.017187,0.0,0.01426
diagnosis_spice_postprocess_fallback__folded_cascode_ota_ihp130__seed_2,002,diagnosis_spice_postprocess_fallback,Diagnosis + repair,folded_cascode_ota_ihp130,Folded cascode,phase_margin_04_M3_gm_id_increase,phase_margin,spice_small_perturbation,True,saturation_margin,phase_margin,0.03251,0.000107,-4.8e-05
diagnosis_spice_postprocess_fallback__folded_cascode_ota_ihp130__seed_2,002,diagnosis_spice_postprocess_fallback,Diagnosis + repair,folded_cascode_ota_ihp130,Folded cascode,saturation_margin_02_global_vbias_ptail_set,saturation_margin,spice_small_perturbation,True,phase_margin,saturation_margin,0.224313,0.281464,-0.003006
diagnosis_spice_postprocess_fallback__folded_cascode_ota_ihp130__seed_2,002,diagnosis_spice_postprocess_fallback,Diagnosis + repair,folded_cascode_ota_ihp130,Folded cascode,saturation_margin_03_global_vbias_ncas_set,saturation_margin,spice_small_perturbation,True,phase_margin,saturation_margin,0.147585,6.427777,0.019575
diagnosis_spice_postprocess_fallback__folded_cascode_ota_ihp130__seed_2,002,diagnosis_spice_postprocess_fallback,Diagnosis + repair,folded_cascode_ota_ihp130,Folded cascode,saturation_margin_04_M1_gm_id_increase,saturation_margin,spice_small_perturbation,False,,phase_margin|saturation_margin,0.0,0.004374,-0.001043
diagnosis_spice_postprocess_fallback__folded_cascode_ota_ihp130__seed_2,002,diagnosis_spice_postprocess_fallback,Diagnosis + repair,folded_cascode_ota_ihp130,Folded cascode,phase_margin_05_global_I_tail_increase,phase_margin,spice_small_perturbation,False,,,0.0,0.0,0.0
diagnosis_spice_postprocess_fallback__folded_cascode_ota_ihp130__seed_2,003,diagnosis_spice_postprocess_fallback,Diagnosis + repair,folded_cascode_ota_ihp130,Folded cascode,slew_rate_01_global_I_tail_increase,slew_rate,spice_small_perturbation,False,,,0.0,0.0,0.0
diagnosis_spice_postprocess_fallback__folded_cascode_ota_ihp130__seed_2,003,diagnosis_spice_postprocess_fallback,Diagnosis + repair,folded_cascode_ota_ihp130,Folded cascode,slew_rate_02_M5_L_decrease,slew_rate,spice_small_perturbation,True,dc_gain|saturation_margin|slew_rate|unity_gain_bandwidth,,0.445382,0.0,0.067316
diagnosis_spice_postprocess_fallback__folded_cascode_ota_ihp130__seed_2,004,diagnosis_spice_postprocess_fallback,Diagnosis + repair,folded_cascode_ota_ihp130,Folded cascode,slew_rate_01_global_I_tail_increase,slew_rate,spice_small_perturbation,False,,,0.0,0.0,0.0
diagnosis_spice_postprocess_fallback__folded_cascode_ota_ihp130__seed_2,004,diagnosis_spice_postprocess_fallback,Diagnosis + repair,folded_cascode_ota_ihp130,Folded cascode,slew_rate_02_M5_L_decrease,slew_rate,spice_small_perturbation,True,dc_gain|saturation_margin|slew_rate|unity_gain_bandwidth,,0.5252330000000001,0.0,0.079357
diagnosis_spice_postprocess_fallback__folded_cascode_ota_ihp130__seed_2,005,diagnosis_spice_postprocess_fallback,Diagnosis + repair,folded_cascode_ota_ihp130,Folded cascode,slew_rate_02_M5_L_decrease,slew_rate,spice_small_perturbation,True,dc_gain|saturation_margin|slew_rate|unity_gain_bandwidth,,0.5053449999999999,0.0,0.064327
diagnosis_spice_postprocess_fallback__folded_cascode_ota_ihp130__seed_2,006,diagnosis_spice_postprocess_fallback,Diagnosis + repair,folded_cascode_ota_ihp130,Folded cascode,slew_rate_01_global_I_tail_increase,slew_rate,spice_small_perturbation,False,,,0.0,0.0,0.0
diagnosis_spice_postprocess_fallback__folded_cascode_ota_ihp130__seed_2,006,diagnosis_spice_postprocess_fallback,Diagnosis + repair,folded_cascode_ota_ihp130,Folded cascode,slew_rate_02_M5_L_decrease,slew_rate,spice_small_perturbation,True,dc_gain|saturation_margin|slew_rate|unity_gain_bandwidth,,0.607885,0.0,0.025379
diagnosis_spice_postprocess_fallback__folded_cascode_ota_ihp130__seed_4,001,diagnosis_spice_postprocess_fallback,Diagnosis + repair,folded_cascode_ota_ihp130,Folded cascode,phase_margin_01_M2_L_decrease,phase_margin,spice_small_perturbation,True,phase_margin,saturation_margin,0.010223,0.0047,0.000105
diagnosis_spice_postprocess_fallback__folded_cascode_ota_ihp130__seed_4,001,diagnosis_spice_postprocess_fallback,Diagnosis + repair,folded_cascode_ota_ihp130,Folded cascode,phase_margin_02_M3_L_increase,phase_margin,spice_small_perturbation,False,,phase_margin|saturation_margin,0.0,0.247839,-0.000558
diagnosis_spice_postprocess_fallback__folded_cascode_ota_ihp130__seed_4,001,diagnosis_spice_postprocess_fallback,Diagnosis + repair,folded_cascode_ota_ihp130,Folded cascode,phase_margin_03_M7_L_decrease,phase_margin,spice_small_perturbation,True,phase_margin|saturation_margin,,0.169303,0.0,7.5e-05
diagnosis_spice_postprocess_fallback__folded_cascode_ota_ihp130__seed_4,001,diagnosis_spice_postprocess_fallback,Diagnosis + repair,folded_cascode_ota_ihp130,Folded cascode,phase_margin_04_M3_L_decrease,phase_margin,spice_small_perturbation,True,phase_margin|saturation_margin,,0.247703,0.0,0.000105
diagnosis_spice_postprocess_fallback__folded_cascode_ota_ihp130__seed_4,001,diagnosis_spice_postprocess_fallback,Diagnosis + repair,folded_cascode_ota_ihp130,Folded cascode,saturation_margin_01_M3_gm_id_increase,saturation_margin,spice_small_perturbation,False,,,0.0,0.0,0.0
diagnosis_spice_postprocess_fallback__folded_cascode_ota_ihp130__seed_4,001,diagnosis_spice_postprocess_fallback,Diagnosis + repair,folded_cascode_ota_ihp130,Folded cascode,saturation_margin_02_global_vbias_ptail_set,saturation_margin,spice_small_perturbation,True,phase_margin,saturation_margin,0.010223,7.023535,-0.010725
diagnosis_spice_postprocess_fallback__folded_cascode_ota_ihp130__seed_4,001,diagnosis_spice_postprocess_fallback,Diagnosis + repair,folded_cascode_ota_ihp130,Folded cascode,saturation_margin_03_global_vbias_ncas_set,saturation_margin,spice_small_perturbation,True,phase_margin,saturation_margin,0.010223,13.218341,-0.056013
diagnosis_spice_postprocess_fallback__folded_cascode_ota_ihp130__seed_4,001,diagnosis_spice_postprocess_fallback,Diagnosis + repair,folded_cascode_ota_ihp130,Folded cascode,saturation_margin_04_M1_gm_id_increase,saturation_margin,spice_small_perturbation,True,phase_margin,saturation_margin,0.000228,0.00023,5e-06
diagnosis_spice_postprocess_fallback__folded_cascode_ota_ihp130__seed_6,001,diagnosis_spice_postprocess_fallback,Diagnosis + repair,folded_cascode_ota_ihp130,Folded cascode,dc_gain_01_M3_gm_id_increase,dc_gain,spice_small_perturbation,False,,,0.0,0.0,0.0
diagnosis_spice_postprocess_fallback__folded_cascode_ota_ihp130__seed_6,001,diagnosis_spice_postprocess_fallback,Diagnosis + repair,folded_cascode_ota_ihp130,Folded cascode,dc_gain_02_global_vbias_ptail_set,dc_gain,spice_small_perturbation,False,,dc_gain|saturation_margin,0.0,8.462860000000001,-0.072661
diagnosis_spice_postprocess_fallback__folded_cascode_ota_ihp130__seed_6,001,diagnosis_spice_postprocess_fallback,Diagnosis + repair,folded_cascode_ota_ihp130,Folded cascode,dc_gain_03_global_vbias_ncas_set,dc_gain,spice_small_perturbation,True,dc_gain|saturation_margin,,0.059136,0.0,0.001556
diagnosis_spice_postprocess_fallback__folded_cascode_ota_ihp130__seed_6,001,diagnosis_spice_postprocess_fallback,Diagnosis + repair,folded_cascode_ota_ihp130,Folded cascode,dc_gain_04_M7_L_increase,dc_gain,spice_small_perturbation,True,dc_gain,saturation_margin,0.00072,0.20486,7.6e-05
diagnosis_spice_postprocess_fallback__folded_cascode_ota_ihp130__seed_6,001,diagnosis_spice_postprocess_fallback,Diagnosis + repair,folded_cascode_ota_ihp130,Folded cascode,dc_gain_05_M1_gm_id_increase,dc_gain,spice_small_perturbation,True,dc_gain,saturation_margin,0.000761,0.00698,8e-05
diagnosis_spice_postprocess_fallback__folded_cascode_ota_ihp130__seed_6,001,diagnosis_spice_postprocess_fallback,Diagnosis + repair,folded_cascode_ota_ihp130,Folded cascode,dc_gain_06_M4_L_increase,dc_gain,spice_small_perturbation,False,,dc_gain|saturation_margin,0.0,0.495404,-0.00016
diagnosis_spice_postprocess_fallback__folded_cascode_ota_ihp130__seed_6,001,diagnosis_spice_postprocess_fallback,Diagnosis + repair,folded_cascode_ota_ihp130,Folded cascode,dc_gain_07_M2_L_increase,dc_gain,spice_small_perturbation,True,dc_gain,saturation_margin,0.002023,0.45741,0.000211
diagnosis_spice_postprocess_fallback__folded_cascode_ota_ihp130__seed_6,001,diagnosis_spice_postprocess_fallback,Diagnosis + repair,folded_cascode_ota_ihp130,Folded cascode,dc_gain_08_global_I_tail_increase,dc_gain,spice_small_perturbation,False,,,0.0,0.0,0.0
diagnosis_spice_postprocess_fallback__folded_cascode_ota_ihp130__seed_6,002,diagnosis_spice_postprocess_fallback,Diagnosis + repair,folded_cascode_ota_ihp130,Folded cascode,dc_gain_01_M3_gm_id_increase,dc_gain,spice_small_perturbation,True,dc_gain|saturation_margin,,0.224027,0.0,0.001353
diagnosis_spice_postprocess_fallback__folded_cascode_ota_ihp130__seed_6,002,diagnosis_spice_postprocess_fallback,Diagnosis + repair,folded_cascode_ota_ihp130,Folded cascode,dc_gain_02_global_vbias_ptail_set,dc_gain,spice_small_perturbation,True,dc_gain|saturation_margin,,2.206197,0.0,-0.257116
diagnosis_spice_postprocess_fallback__folded_cascode_ota_ihp130__seed_6,002,diagnosis_spice_postprocess_fallback,Diagnosis + repair,folded_cascode_ota_ihp130,Folded cascode,dc_gain_03_global_vbias_ncas_set,dc_gain,spice_small_perturbation,False,,dc_gain|saturation_margin,0.0,1.66126,-0.005821
diagnosis_spice_postprocess_fallback__folded_cascode_ota_ihp130__seed_6,002,diagnosis_spice_postprocess_fallback,Diagnosis + repair,folded_cascode_ota_ihp130,Folded cascode,dc_gain_04_M7_L_increase,dc_gain,spice_small_perturbation,False,,dc_gain|saturation_margin,0.0,0.526904,-0.000655
diagnosis_spice_postprocess_fallback__folded_cascode_ota_ihp130__seed_6,002,diagnosis_spice_postprocess_fallback,Diagnosis + repair,folded_cascode_ota_ihp130,Folded cascode,dc_gain_05_M1_gm_id_increase,dc_gain,spice_small_perturbation,True,dc_gain,saturation_margin,0.001266,0.003941,0.000361
diagnosis_spice_postprocess_fallback__folded_cascode_ota_ihp130__seed_6,002,diagnosis_spice_postprocess_fallback,Diagnosis + repair,folded_cascode_ota_ihp130,Folded cascode,dc_gain_06_M4_L_increase,dc_gain,spice_small_perturbation,False,,dc_gain|saturation_margin,0.0,0.628445,-0.001279
diagnosis_spice_postprocess_fallback__folded_cascode_ota_ihp130__seed_6,002,diagnosis_spice_postprocess_fallback,Diagnosis + repair,folded_cascode_ota_ihp130,Folded cascode,dc_gain_07_M2_L_increase,dc_gain,spice_small_perturbation,True,saturation_margin,dc_gain,0.018645,0.003413,-0.00099
diagnosis_spice_postprocess_fallback__folded_cascode_ota_ihp130__seed_6,002,diagnosis_spice_postprocess_fallback,Diagnosis + repair,folded_cascode_ota_ihp130,Folded cascode,dc_gain_08_global_I_tail_increase,dc_gain,spice_small_perturbation,False,,,0.0,0.0,0.0
diagnosis_spice_postprocess_fallback__folded_cascode_ota_ihp130__seed_6,003,diagnosis_spice_postprocess_fallback,Diagnosis + repair,folded_cascode_ota_ihp130,Folded cascode,dc_gain_01_M3_gm_id_increase,dc_gain,spice_small_perturbation,True,saturation_margin,dc_gain,0.778601,0.002169,-0.001448
diagnosis_spice_postprocess_fallback__folded_cascode_ota_ihp130__seed_6,003,diagnosis_spice_postprocess_fallback,Diagnosis + repair,folded_cascode_ota_ihp130,Folded cascode,dc_gain_02_global_vbias_ptail_set,dc_gain,spice_small_perturbation,True,dc_gain|saturation_margin,,23.874457000000003,0.0,-0.070375
diagnosis_spice_postprocess_fallback__folded_cascode_ota_ihp130__seed_6,003,diagnosis_spice_postprocess_fallback,Diagnosis + repair,folded_cascode_ota_ihp130,Folded cascode,dc_gain_03_global_vbias_ncas_set,dc_gain,spice_small_perturbation,True,dc_gain|saturation_margin,,19.69301,0.0,0.082547
diagnosis_spice_postprocess_fallback__folded_cascode_ota_ihp130__seed_6,003,diagnosis_spice_postprocess_fallback,Diagnosis + repair,folded_cascode_ota_ihp130,Folded cascode,dc_gain_04_M7_L_increase,dc_gain,spice_small_perturbation,True,dc_gain,saturation_margin,0.001557,8.312065,0.001034
diagnosis_spice_postprocess_fallback__folded_cascode_ota_ihp130__seed_6,003,diagnosis_spice_postprocess_fallback,Diagnosis + repair,folded_cascode_ota_ihp130,Folded cascode,dc_gain_05_M1_gm_id_increase,dc_gain,spice_small_perturbation,True,dc_gain,saturation_margin,0.001814,0.04089,0.001204
diagnosis_spice_postprocess_fallback__folded_cascode_ota_ihp130__seed_6,003,diagnosis_spice_postprocess_fallback,Diagnosis + repair,folded_cascode_ota_ihp130,Folded cascode,dc_gain_06_M4_L_increase,dc_gain,spice_small_perturbation,True,dc_gain,saturation_margin,0.0034,3.228606,0.002251
diagnosis_spice_postprocess_fallback__folded_cascode_ota_ihp130__seed_6,003,diagnosis_spice_postprocess_fallback,Diagnosis + repair,folded_cascode_ota_ihp130,Folded cascode,dc_gain_07_M2_L_increase,dc_gain,spice_small_perturbation,True,saturation_margin,dc_gain,0.313705,0.00912,-0.006152
diagnosis_spice_postprocess_fallback__folded_cascode_ota_ihp130__seed_6,003,diagnosis_spice_postprocess_fallback,Diagnosis + repair,folded_cascode_ota_ihp130,Folded cascode,dc_gain_08_global_I_tail_increase,dc_gain,spice_small_perturbation,False,,,0.0,0.0,0.0
diagnosis_spice_postprocess_fallback__folded_cascode_ota_ihp130__seed_6,004,diagnosis_spice_postprocess_fallback,Diagnosis + repair,folded_cascode_ota_ihp130,Folded cascode,dc_gain_01_global_vbias_ptail_set,dc_gain,spice_small_perturbation,False,,dc_gain|saturation_margin,0.0,10.68591,-0.33311
diagnosis_spice_postprocess_fallback__folded_cascode_ota_ihp130__seed_6,004,diagnosis_spice_postprocess_fallback,Diagnosis + repair,folded_cascode_ota_ihp130,Folded cascode,dc_gain_02_M3_gm_id_increase,dc_gain,spice_small_perturbation,False,,dc_gain|saturation_margin,0.0,0.671165,-0.003119
diagnosis_spice_postprocess_fallback__folded_cascode_ota_ihp130__seed_6,004,diagnosis_spice_postprocess_fallback,Diagnosis + repair,folded_cascode_ota_ihp130,Folded cascode,dc_gain_03_M7_L_increase,dc_gain,spice_small_perturbation,False,,dc_gain|saturation_margin,0.0,0.321037,-0.001118
diagnosis_spice_postprocess_fallback__folded_cascode_ota_ihp130__seed_6,004,diagnosis_spice_postprocess_fallback,Diagnosis + repair,folded_cascode_ota_ihp130,Folded cascode,dc_gain_04_M1_gm_id_increase,dc_gain,spice_small_perturbation,True,dc_gain|saturation_margin,,0.023835000000000002,0.0,0.000912
diagnosis_spice_postprocess_fallback__folded_cascode_ota_ihp130__seed_6,004,diagnosis_spice_postprocess_fallback,Diagnosis + repair,folded_cascode_ota_ihp130,Folded cascode,dc_gain_05_M4_L_increase,dc_gain,spice_small_perturbation,True,dc_gain|saturation_margin,,0.066341,0.0,0.001523
diagnosis_spice_postprocess_fallback__folded_cascode_ota_ihp130__seed_6,004,diagnosis_spice_postprocess_fallback,Diagnosis + repair,folded_cascode_ota_ihp130,Folded cascode,dc_gain_06_M2_L_increase,dc_gain,spice_small_perturbation,False,,dc_gain|saturation_margin,0.0,0.031024999999999997,-0.000397
diagnosis_spice_postprocess_fallback__folded_cascode_ota_ihp130__seed_6,004,diagnosis_spice_postprocess_fallback,Diagnosis + repair,folded_cascode_ota_ihp130,Folded cascode,dc_gain_07_global_I_tail_increase,dc_gain,spice_small_perturbation,False,,,0.0,0.0,0.0
diagnosis_spice_postprocess_fallback__folded_cascode_ota_ihp130__seed_6,004,diagnosis_spice_postprocess_fallback,Diagnosis + repair,folded_cascode_ota_ihp130,Folded cascode,dc_gain_08_M5_gm_id_increase,dc_gain,spice_small_perturbation,True,dc_gain|saturation_margin,,0.19206900000000002,0.0,0.000445
diagnosis_spice_postprocess_fallback__folded_cascode_ota_ihp130__seed_6,005,diagnosis_spice_postprocess_fallback,Diagnosis + repair,folded_cascode_ota_ihp130,Folded cascode,slew_rate_01_M5_L_decrease,slew_rate,spice_small_perturbation,True,dc_gain|saturation_margin|slew_rate|unity_gain_bandwidth,,0.8861279999999999,0.0,0.182744
diagnosis_spice_postprocess_fallback__folded_cascode_ota_ihp130__seed_6,005,diagnosis_spice_postprocess_fallback,Diagnosis + repair,folded_cascode_ota_ihp130,Folded cascode,slew_rate_02_global_I_tail_increase,slew_rate,spice_small_perturbation,False,,,0.0,0.0,0.0
diagnosis_spice_postprocess_fallback__folded_cascode_ota_ihp130__seed_6,006,diagnosis_spice_postprocess_fallback,Diagnosis + repair,folded_cascode_ota_ihp130,Folded cascode,slew_rate_01_global_I_tail_increase,slew_rate,spice_small_perturbation,False,,,0.0,0.0,0.0
diagnosis_spice_postprocess_fallback__folded_cascode_ota_ihp130__seed_6,006,diagnosis_spice_postprocess_fallback,Diagnosis + repair,folded_cascode_ota_ihp130,Folded cascode,slew_rate_02_M5_L_decrease,slew_rate,spice_small_perturbation,True,dc_gain|saturation_margin|slew_rate|unity_gain_bandwidth,,0.706132,0.0,0.119332
diagnosis_spice_postprocess_fallback__folded_cascode_ota_ihp130__seed_6,007,diagnosis_spice_postprocess_fallback,Diagnosis + repair,folded_cascode_ota_ihp130,Folded cascode,slew_rate_01_global_I_tail_increase,slew_rate,spice_small_perturbation,False,,,0.0,0.0,0.0
diagnosis_spice_postprocess_fallback__folded_cascode_ota_ihp130__seed_5,001,diagnosis_spice_postprocess_fallback,Diagnosis + repair,folded_cascode_ota_ihp130,Folded cascode,slew_rate_01_global_I_tail_increase,slew_rate,spice_small_perturbation,False,,,0.0,0.0,0.0
diagnosis_spice_postprocess_fallback__folded_cascode_ota_ihp130__seed_5,001,diagnosis_spice_postprocess_fallback,Diagnosis + repair,folded_cascode_ota_ihp130,Folded cascode,slew_rate_02_M5_L_decrease,slew_rate,spice_small_perturbation,True,dc_gain|saturation_margin|slew_rate|unity_gain_bandwidth,,0.8896999999999999,0.0,0.218516
diagnosis_spice_postprocess_fallback__folded_cascode_ota_ihp130__seed_5,002,diagnosis_spice_postprocess_fallback,Diagnosis + repair,folded_cascode_ota_ihp130,Folded cascode,slew_rate_01_global_I_tail_increase,slew_rate,spice_small_perturbation,False,,,0.0,0.0,0.0
diagnosis_spice_postprocess_fallback__folded_cascode_ota_ihp130__seed_5,002,diagnosis_spice_postprocess_fallback,Diagnosis + repair,folded_cascode_ota_ihp130,Folded cascode,slew_rate_02_M5_L_decrease,slew_rate,spice_small_perturbation,True,dc_gain|saturation_margin|slew_rate|unity_gain_bandwidth,,0.611246,0.0,0.146086
diagnosis_spice_postprocess_fallback__folded_cascode_ota_ihp130__seed_5,003,diagnosis_spice_postprocess_fallback,Diagnosis + repair,folded_cascode_ota_ihp130,Folded cascode,dc_gain_01_M3_gm_id_increase,dc_gain,spice_small_perturbation,False,,,0.0,0.0,0.0
diagnosis_spice_postprocess_fallback__folded_cascode_ota_ihp130__seed_5,003,diagnosis_spice_postprocess_fallback,Diagnosis + repair,folded_cascode_ota_ihp130,Folded cascode,dc_gain_02_global_vbias_ptail_set,dc_gain,spice_small_perturbation,True,dc_gain|saturation_margin,,4.615886000000001,0.0,0.012603
diagnosis_spice_postprocess_fallback__folded_cascode_ota_ihp130__seed_5,003,diagnosis_spice_postprocess_fallback,Diagnosis + repair,folded_cascode_ota_ihp130,Folded cascode,dc_gain_03_global_vbias_ncas_set,dc_gain,spice_small_perturbation,False,,dc_gain|saturation_margin,0.0,2.872367,-0.02507
diagnosis_spice_postprocess_fallback__folded_cascode_ota_ihp130__seed_5,003,diagnosis_spice_postprocess_fallback,Diagnosis + repair,folded_cascode_ota_ihp130,Folded cascode,dc_gain_04_M7_L_increase,dc_gain,spice_small_perturbation,False,,dc_gain|saturation_margin,0.0,0.311264,-0.000388
diagnosis_spice_postprocess_fallback__folded_cascode_ota_ihp130__seed_5,003,diagnosis_spice_postprocess_fallback,Diagnosis + repair,folded_cascode_ota_ihp130,Folded cascode,dc_gain_05_M1_gm_id_increase,dc_gain,spice_small_perturbation,True,dc_gain,saturation_margin,0.000469,0.001158,0.000105
diagnosis_spice_postprocess_fallback__folded_cascode_ota_ihp130__seed_5,003,diagnosis_spice_postprocess_fallback,Diagnosis + repair,folded_cascode_ota_ihp130,Folded cascode,dc_gain_06_M4_L_increase,dc_gain,spice_small_perturbation,False,,dc_gain|saturation_margin,0.0,0.46277700000000005,-0.001519
diagnosis_spice_postprocess_fallback__folded_cascode_ota_ihp130__seed_5,003,diagnosis_spice_postprocess_fallback,Diagnosis + repair,folded_cascode_ota_ihp130,Folded cascode,dc_gain_07_M2_L_increase,dc_gain,spice_small_perturbation,True,saturation_margin,dc_gain,0.015963,0.00254,-0.00065
diagnosis_spice_postprocess_fallback__folded_cascode_ota_ihp130__seed_5,003,diagnosis_spice_postprocess_fallback,Diagnosis + repair,folded_cascode_ota_ihp130,Folded cascode,dc_gain_08_global_I_tail_increase,dc_gain,spice_small_perturbation,False,,,0.0,0.0,0.0
diagnosis_spice_postprocess_fallback__folded_cascode_ota_ihp130__seed_5,004,diagnosis_spice_postprocess_fallback,Diagnosis + repair,folded_cascode_ota_ihp130,Folded cascode,dc_gain_01_M7_L_increase,dc_gain,spice_small_perturbation,False,,dc_gain|saturation_margin,0.0,0.318704,-0.001251
diagnosis_spice_postprocess_fallback__folded_cascode_ota_ihp130__seed_5,004,diagnosis_spice_postprocess_fallback,Diagnosis + repair,folded_cascode_ota_ihp130,Folded cascode,dc_gain_02_global_vbias_ptail_set,dc_gain,spice_small_perturbation,False,,dc_gain|saturation_margin,0.0,6.9704820000000005,-0.105099
diagnosis_spice_postprocess_fallback__folded_cascode_ota_ihp130__seed_5,004,diagnosis_spice_postprocess_fallback,Diagnosis + repair,folded_cascode_ota_ihp130,Folded cascode,dc_gain_03_global_vbias_ncas_set,dc_gain,spice_small_perturbation,False,,dc_gain|saturation_margin,0.0,4.466966,-0.036793
diagnosis_spice_postprocess_fallback__folded_cascode_ota_ihp130__seed_5,004,diagnosis_spice_postprocess_fallback,Diagnosis + repair,folded_cascode_ota_ihp130,Folded cascode,dc_gain_04_M1_gm_id_increase,dc_gain,spice_small_perturbation,True,dc_gain|saturation_margin,,0.002531,0.0,9.7e-05
diagnosis_spice_postprocess_fallback__folded_cascode_ota_ihp130__seed_5,004,diagnosis_spice_postprocess_fallback,Diagnosis + repair,folded_cascode_ota_ihp130,Folded cascode,dc_gain_05_M3_gm_id_increase,dc_gain,spice_small_perturbation,False,,,0.0,0.0,0.0
diagnosis_spice_postprocess_fallback__folded_cascode_ota_ihp130__seed_5,004,diagnosis_spice_postprocess_fallback,Diagnosis + repair,folded_cascode_ota_ihp130,Folded cascode,dc_gain_06_M4_L_increase,dc_gain,spice_small_perturbation,True,dc_gain,saturation_margin,0.007726,0.060024,0.000774
diagnosis_spice_postprocess_fallback__folded_cascode_ota_ihp130__seed_5,004,diagnosis_spice_postprocess_fallback,Diagnosis + repair,folded_cascode_ota_ihp130,Folded cascode,dc_gain_07_M2_L_increase,dc_gain,spice_small_perturbation,False,,dc_gain|saturation_margin,0.0,0.013241,-0.000291
diagnosis_spice_postprocess_fallback__folded_cascode_ota_ihp130__seed_5,004,diagnosis_spice_postprocess_fallback,Diagnosis + repair,folded_cascode_ota_ihp130,Folded cascode,dc_gain_08_global_I_tail_increase,dc_gain,spice_small_perturbation,False,,,0.0,0.0,0.0
diagnosis_spice_postprocess_fallback__folded_cascode_ota_ihp130__seed_5,005,diagnosis_spice_postprocess_fallback,Diagnosis + repair,folded_cascode_ota_ihp130,Folded cascode,dc_gain_01_M7_L_increase,dc_gain,spice_small_perturbation,False,,dc_gain|saturation_margin,0.0,0.31809,-0.001472
diagnosis_spice_postprocess_fallback__folded_cascode_ota_ihp130__seed_5,005,diagnosis_spice_postprocess_fallback,Diagnosis + repair,folded_cascode_ota_ihp130,Folded cascode,dc_gain_02_global_vbias_ptail_set,dc_gain,spice_small_perturbation,False,,dc_gain|saturation_margin,0.0,6.873017000000001,-0.099039
diagnosis_spice_postprocess_fallback__folded_cascode_ota_ihp130__seed_5,005,diagnosis_spice_postprocess_fallback,Diagnosis + repair,folded_cascode_ota_ihp130,Folded cascode,dc_gain_03_global_vbias_ncas_set,dc_gain,spice_small_perturbation,False,,dc_gain|saturation_margin,0.0,4.2405479999999995,-0.036083
diagnosis_spice_postprocess_fallback__folded_cascode_ota_ihp130__seed_5,005,diagnosis_spice_postprocess_fallback,Diagnosis + repair,folded_cascode_ota_ihp130,Folded cascode,dc_gain_04_M1_gm_id_increase,dc_gain,spice_small_perturbation,True,dc_gain|saturation_margin,,0.0018679999999999999,0.0,8.3e-05
diagnosis_spice_postprocess_fallback__folded_cascode_ota_ihp130__seed_5,005,diagnosis_spice_postprocess_fallback,Diagnosis + repair,folded_cascode_ota_ihp130,Folded cascode,dc_gain_05_M3_gm_id_increase,dc_gain,spice_small_perturbation,False,,,0.0,0.0,0.0
diagnosis_spice_postprocess_fallback__folded_cascode_ota_ihp130__seed_5,005,diagnosis_spice_postprocess_fallback,Diagnosis + repair,folded_cascode_ota_ihp130,Folded cascode,dc_gain_06_M4_L_increase,dc_gain,spice_small_perturbation,True,dc_gain,saturation_margin,0.007912,0.056927,0.000907
diagnosis_spice_postprocess_fallback__folded_cascode_ota_ihp130__seed_5,005,diagnosis_spice_postprocess_fallback,Diagnosis + repair,folded_cascode_ota_ihp130,Folded cascode,dc_gain_07_M2_L_increase,dc_gain,spice_small_perturbation,False,,dc_gain|saturation_margin,0.0,0.012867,-0.000345
diagnosis_spice_postprocess_fallback__folded_cascode_ota_ihp130__seed_5,005,diagnosis_spice_postprocess_fallback,Diagnosis + repair,folded_cascode_ota_ihp130,Folded cascode,dc_gain_08_global_I_tail_increase,dc_gain,spice_small_perturbation,False,,,0.0,0.0,0.0
diagnosis_spice_postprocess_fallback__folded_cascode_ota_ihp130__seed_5,006,diagnosis_spice_postprocess_fallback,Diagnosis + repair,folded_cascode_ota_ihp130,Folded cascode,dc_gain_01_M7_L_increase,dc_gain,spice_small_perturbation,False,,dc_gain|saturation_margin,0.0,0.31913600000000003,-0.001207
diagnosis_spice_postprocess_fallback__folded_cascode_ota_ihp130__seed_5,006,diagnosis_spice_postprocess_fallback,Diagnosis + repair,folded_cascode_ota_ihp130,Folded cascode,dc_gain_02_global_vbias_ptail_set,dc_gain,spice_small_perturbation,False,,dc_gain|saturation_margin,0.0,6.999122000000001,-0.108654
diagnosis_spice_postprocess_fallback__folded_cascode_ota_ihp130__seed_5,006,diagnosis_spice_postprocess_fallback,Diagnosis + repair,folded_cascode_ota_ihp130,Folded cascode,dc_gain_03_global_vbias_ncas_set,dc_gain,spice_small_perturbation,False,,dc_gain|saturation_margin,0.0,4.282437,-0.033945
diagnosis_spice_postprocess_fallback__folded_cascode_ota_ihp130__seed_5,006,diagnosis_spice_postprocess_fallback,Diagnosis + repair,folded_cascode_ota_ihp130,Folded cascode,dc_gain_04_M1_gm_id_increase,dc_gain,spice_small_perturbation,True,dc_gain|saturation_margin,,0.0027790000000000002,0.0,0.00011
diagnosis_spice_postprocess_fallback__folded_cascode_ota_ihp130__seed_5,006,diagnosis_spice_postprocess_fallback,Diagnosis + repair,folded_cascode_ota_ihp130,Folded cascode,dc_gain_05_M3_gm_id_increase,dc_gain,spice_small_perturbation,False,,,0.0,0.0,0.0
diagnosis_spice_postprocess_fallback__folded_cascode_ota_ihp130__seed_5,006,diagnosis_spice_postprocess_fallback,Diagnosis + repair,folded_cascode_ota_ihp130,Folded cascode,dc_gain_06_M4_L_increase,dc_gain,spice_small_perturbation,True,dc_gain,saturation_margin,0.007819,0.05629,0.000765
diagnosis_spice_postprocess_fallback__folded_cascode_ota_ihp130__seed_5,006,diagnosis_spice_postprocess_fallback,Diagnosis + repair,folded_cascode_ota_ihp130,Folded cascode,dc_gain_07_M2_L_increase,dc_gain,spice_small_perturbation,False,,dc_gain|saturation_margin,0.0,0.013090000000000001,-0.000288
diagnosis_spice_postprocess_fallback__folded_cascode_ota_ihp130__seed_5,006,diagnosis_spice_postprocess_fallback,Diagnosis + repair,folded_cascode_ota_ihp130,Folded cascode,dc_gain_08_global_I_tail_increase,dc_gain,spice_small_perturbation,False,,,0.0,0.0,0.0
diagnosis_spice_postprocess_fallback__folded_cascode_ota_ihp130__seed_5,007,diagnosis_spice_postprocess_fallback,Diagnosis + repair,folded_cascode_ota_ihp130,Folded cascode,dc_gain_01_M7_L_increase,dc_gain,spice_small_perturbation,False,,dc_gain|saturation_margin,0.0,0.49374,-0.007846
diagnosis_spice_postprocess_fallback__folded_cascode_ota_ihp130__seed_5,007,diagnosis_spice_postprocess_fallback,Diagnosis + repair,folded_cascode_ota_ihp130,Folded cascode,dc_gain_02_M1_gm_id_increase,dc_gain,spice_small_perturbation,True,dc_gain|saturation_margin,,0.0016380000000000001,0.0,0.000336
diagnosis_spice_postprocess_fallback__folded_cascode_ota_ihp130__seed_5,007,diagnosis_spice_postprocess_fallback,Diagnosis + repair,folded_cascode_ota_ihp130,Folded cascode,dc_gain_03_M4_L_increase,dc_gain,spice_small_perturbation,True,dc_gain,saturation_margin,0.01606,0.167583,0.006882
diagnosis_spice_postprocess_fallback__folded_cascode_ota_ihp130__seed_5,007,diagnosis_spice_postprocess_fallback,Diagnosis + repair,folded_cascode_ota_ihp130,Folded cascode,dc_gain_04_M2_L_increase,dc_gain,spice_small_perturbation,False,,dc_gain|saturation_margin,0.0,0.012983,-0.002553
diagnosis_spice_postprocess_fallback__folded_cascode_ota_ihp130__seed_5,007,diagnosis_spice_postprocess_fallback,Diagnosis + repair,folded_cascode_ota_ihp130,Folded cascode,saturation_margin_01_global_vbias_ptail_set,saturation_margin,spice_small_perturbation,False,,dc_gain|saturation_margin,0.0,2.198112,-0.063013
diagnosis_spice_postprocess_fallback__folded_cascode_ota_ihp130__seed_5,007,diagnosis_spice_postprocess_fallback,Diagnosis + repair,folded_cascode_ota_ihp130,Folded cascode,saturation_margin_02_global_vbias_ncas_set,saturation_margin,spice_small_perturbation,False,,dc_gain|saturation_margin,0.0,3.2488189999999997,-0.050309
diagnosis_spice_postprocess_fallback__folded_cascode_ota_ihp130__seed_5,007,diagnosis_spice_postprocess_fallback,Diagnosis + repair,folded_cascode_ota_ihp130,Folded cascode,saturation_margin_03_M3_gm_id_increase,saturation_margin,spice_small_perturbation,False,,,0.0,0.0,0.0
diagnosis_spice_postprocess_fallback__folded_cascode_ota_ihp130__seed_5,007,diagnosis_spice_postprocess_fallback,Diagnosis + repair,folded_cascode_ota_ihp130,Folded cascode,dc_gain_05_global_I_tail_increase,dc_gain,spice_small_perturbation,False,,,0.0,0.0,0.0
diagnosis_spice_postprocess_fallback__folded_cascode_ota_ihp130__seed_5,008,diagnosis_spice_postprocess_fallback,Diagnosis + repair,folded_cascode_ota_ihp130,Folded cascode,slew_rate_01_global_I_tail_increase,slew_rate,spice_small_perturbation,False,,,0.0,0.0,0.0
diagnosis_spice_postprocess_fallback__folded_cascode_ota_ihp130__seed_5,008,diagnosis_spice_postprocess_fallback,Diagnosis + repair,folded_cascode_ota_ihp130,Folded cascode,slew_rate_02_M5_L_decrease,slew_rate,spice_small_perturbation,True,dc_gain|saturation_margin|slew_rate|unity_gain_bandwidth,,2.046042,0.0,0.131409
diagnosis_spice_postprocess_fallback__folded_cascode_ota_ihp130__seed_5,009,diagnosis_spice_postprocess_fallback,Diagnosis + repair,folded_cascode_ota_ihp130,Folded cascode,dc_gain_01_M7_L_increase,dc_gain,spice_small_perturbation,False,,dc_gain|saturation_margin,0.0,0.508742,-0.004642
diagnosis_spice_postprocess_fallback__folded_cascode_ota_ihp130__seed_5,009,diagnosis_spice_postprocess_fallback,Diagnosis + repair,folded_cascode_ota_ihp130,Folded cascode,dc_gain_02_M1_gm_id_increase,dc_gain,spice_small_perturbation,True,dc_gain|saturation_margin,,0.001357,0.0,0.000425
diagnosis_spice_postprocess_fallback__folded_cascode_ota_ihp130__seed_5,009,diagnosis_spice_postprocess_fallback,Diagnosis + repair,folded_cascode_ota_ihp130,Folded cascode,dc_gain_03_M4_L_increase,dc_gain,spice_small_perturbation,True,dc_gain,saturation_margin,0.021332,0.116749,0.011541
diagnosis_spice_postprocess_fallback__folded_cascode_ota_ihp130__seed_5,009,diagnosis_spice_postprocess_fallback,Diagnosis + repair,folded_cascode_ota_ihp130,Folded cascode,dc_gain_04_M2_L_increase,dc_gain,spice_small_perturbation,False,,dc_gain|saturation_margin,0.0,0.013909000000000001,-0.004353
diagnosis_spice_postprocess_fallback__folded_cascode_ota_ihp130__seed_5,009,diagnosis_spice_postprocess_fallback,Diagnosis + repair,folded_cascode_ota_ihp130,Folded cascode,saturation_margin_01_global_vbias_ptail_set,saturation_margin,spice_small_perturbation,False,,dc_gain|saturation_margin,0.0,2.040562,-0.038787
diagnosis_spice_postprocess_fallback__folded_cascode_ota_ihp130__seed_5,009,diagnosis_spice_postprocess_fallback,Diagnosis + repair,folded_cascode_ota_ihp130,Folded cascode,saturation_margin_02_global_vbias_ncas_set,saturation_margin,spice_small_perturbation,False,,dc_gain|saturation_margin,0.0,0.431357,-0.006079
diagnosis_spice_postprocess_fallback__folded_cascode_ota_ihp130__seed_5,009,diagnosis_spice_postprocess_fallback,Diagnosis + repair,folded_cascode_ota_ihp130,Folded cascode,saturation_margin_04_M3_gm_id_increase,saturation_margin,spice_small_perturbation,False,,,0.0,0.0,0.0
diagnosis_spice_postprocess_fallback__folded_cascode_ota_ihp130__seed_5,009,diagnosis_spice_postprocess_fallback,Diagnosis + repair,folded_cascode_ota_ihp130,Folded cascode,dc_gain_05_global_I_tail_increase,dc_gain,spice_small_perturbation,False,,,0.0,0.0,0.0
diagnosis_spice_postprocess_fallback__folded_cascode_ota_ihp130__seed_5,010,diagnosis_spice_postprocess_fallback,Diagnosis + repair,folded_cascode_ota_ihp130,Folded cascode,dc_gain_01_M7_L_increase,dc_gain,spice_small_perturbation,False,,dc_gain|saturation_margin,0.0,0.48972400000000005,-0.007416
diagnosis_spice_postprocess_fallback__folded_cascode_ota_ihp130__seed_5,010,diagnosis_spice_postprocess_fallback,Diagnosis + repair,folded_cascode_ota_ihp130,Folded cascode,dc_gain_02_M1_gm_id_increase,dc_gain,spice_small_perturbation,True,dc_gain|saturation_margin,,0.001495,0.0,0.000379
diagnosis_spice_postprocess_fallback__folded_cascode_ota_ihp130__seed_5,010,diagnosis_spice_postprocess_fallback,Diagnosis + repair,folded_cascode_ota_ihp130,Folded cascode,dc_gain_03_M4_L_increase,dc_gain,spice_small_perturbation,True,dc_gain,saturation_margin,0.017414,0.164783,0.008023
diagnosis_spice_postprocess_fallback__folded_cascode_ota_ihp130__seed_5,010,diagnosis_spice_postprocess_fallback,Diagnosis + repair,folded_cascode_ota_ihp130,Folded cascode,dc_gain_04_M2_L_increase,dc_gain,spice_small_perturbation,False,,dc_gain|saturation_margin,0.0,0.010072999999999999,-0.002507
diagnosis_spice_postprocess_fallback__folded_cascode_ota_ihp130__seed_5,010,diagnosis_spice_postprocess_fallback,Diagnosis + repair,folded_cascode_ota_ihp130,Folded cascode,saturation_margin_01_global_vbias_ptail_set,saturation_margin,spice_small_perturbation,False,,dc_gain|saturation_margin,0.0,1.543937,-0.031561
diagnosis_spice_postprocess_fallback__folded_cascode_ota_ihp130__seed_5,010,diagnosis_spice_postprocess_fallback,Diagnosis + repair,folded_cascode_ota_ihp130,Folded cascode,saturation_margin_02_global_vbias_ncas_set,saturation_margin,spice_small_perturbation,False,,dc_gain|saturation_margin,0.0,2.904823,-0.044329
diagnosis_spice_postprocess_fallback__folded_cascode_ota_ihp130__seed_5,010,diagnosis_spice_postprocess_fallback,Diagnosis + repair,folded_cascode_ota_ihp130,Folded cascode,saturation_margin_03_M3_gm_id_increase,saturation_margin,spice_small_perturbation,False,,,0.0,0.0,0.0
diagnosis_spice_postprocess_fallback__folded_cascode_ota_ihp130__seed_5,010,diagnosis_spice_postprocess_fallback,Diagnosis + repair,folded_cascode_ota_ihp130,Folded cascode,dc_gain_05_global_I_tail_increase,dc_gain,spice_small_perturbation,False,,,0.0,0.0,0.0
diagnosis_spice_postprocess_fallback__folded_cascode_ota_ihp130__seed_5,011,diagnosis_spice_postprocess_fallback,Diagnosis + repair,folded_cascode_ota_ihp130,Folded cascode,dc_gain_01_M7_L_increase,dc_gain,spice_small_perturbation,False,,dc_gain|saturation_margin,0.0,0.455558,-0.007417
diagnosis_spice_postprocess_fallback__folded_cascode_ota_ihp130__seed_5,011,diagnosis_spice_postprocess_fallback,Diagnosis + repair,folded_cascode_ota_ihp130,Folded cascode,dc_gain_02_M1_gm_id_increase,dc_gain,spice_small_perturbation,True,dc_gain|saturation_margin,,0.001725,0.0,0.000327
diagnosis_spice_postprocess_fallback__folded_cascode_ota_ihp130__seed_5,011,diagnosis_spice_postprocess_fallback,Diagnosis + repair,folded_cascode_ota_ihp130,Folded cascode,dc_gain_03_M4_L_increase,dc_gain,spice_small_perturbation,True,dc_gain,saturation_margin,0.011176,0.167172,0.003983
diagnosis_spice_postprocess_fallback__folded_cascode_ota_ihp130__seed_5,011,diagnosis_spice_postprocess_fallback,Diagnosis + repair,folded_cascode_ota_ihp130,Folded cascode,dc_gain_04_M2_L_increase,dc_gain,spice_small_perturbation,False,,dc_gain|saturation_margin,0.0,0.007837,-0.001306
diagnosis_spice_postprocess_fallback__folded_cascode_ota_ihp130__seed_5,011,diagnosis_spice_postprocess_fallback,Diagnosis + repair,folded_cascode_ota_ihp130,Folded cascode,saturation_margin_01_global_vbias_ptail_set,saturation_margin,spice_small_perturbation,False,,dc_gain|saturation_margin,0.0,1.763624,-0.031673
diagnosis_spice_postprocess_fallback__folded_cascode_ota_ihp130__seed_5,011,diagnosis_spice_postprocess_fallback,Diagnosis + repair,folded_cascode_ota_ihp130,Folded cascode,saturation_margin_02_global_vbias_ncas_set,saturation_margin,spice_small_perturbation,False,,dc_gain|saturation_margin,0.0,4.425026,-0.067923
diagnosis_spice_postprocess_fallback__folded_cascode_ota_ihp130__seed_5,011,diagnosis_spice_postprocess_fallback,Diagnosis + repair,folded_cascode_ota_ihp130,Folded cascode,saturation_margin_03_M3_gm_id_increase,saturation_margin,spice_small_perturbation,False,,,0.0,0.0,0.0
diagnosis_spice_postprocess_fallback__folded_cascode_ota_ihp130__seed_5,011,diagnosis_spice_postprocess_fallback,Diagnosis + repair,folded_cascode_ota_ihp130,Folded cascode,dc_gain_05_global_I_tail_increase,dc_gain,spice_small_perturbation,False,,,0.0,0.0,0.0
diagnosis_spice_postprocess_fallback__folded_cascode_ota_ihp130__seed_5,012,diagnosis_spice_postprocess_fallback,Diagnosis + repair,folded_cascode_ota_ihp130,Folded cascode,dc_gain_01_M7_L_increase,dc_gain,spice_small_perturbation,False,,dc_gain|saturation_margin,0.0,0.45614999999999994,-0.007441
diagnosis_spice_postprocess_fallback__folded_cascode_ota_ihp130__seed_5,012,diagnosis_spice_postprocess_fallback,Diagnosis + repair,folded_cascode_ota_ihp130,Folded cascode,dc_gain_02_M1_gm_id_increase,dc_gain,spice_small_perturbation,True,dc_gain|saturation_margin,,0.0018210000000000001,0.0,0.000355
diagnosis_spice_postprocess_fallback__folded_cascode_ota_ihp130__seed_5,012,diagnosis_spice_postprocess_fallback,Diagnosis + repair,folded_cascode_ota_ihp130,Folded cascode,dc_gain_03_M4_L_increase,dc_gain,spice_small_perturbation,True,dc_gain,saturation_margin,0.010893,0.172275,0.003874
diagnosis_spice_postprocess_fallback__folded_cascode_ota_ihp130__seed_5,012,diagnosis_spice_postprocess_fallback,Diagnosis + repair,folded_cascode_ota_ihp130,Folded cascode,dc_gain_04_M2_L_increase,dc_gain,spice_small_perturbation,False,,dc_gain|saturation_margin,0.0,0.007903,-0.001314
diagnosis_spice_postprocess_fallback__folded_cascode_ota_ihp130__seed_5,012,diagnosis_spice_postprocess_fallback,Diagnosis + repair,folded_cascode_ota_ihp130,Folded cascode,saturation_margin_01_global_vbias_ptail_set,saturation_margin,spice_small_perturbation,False,,dc_gain|saturation_margin,0.0,1.7685970000000002,-0.031684
diagnosis_spice_postprocess_fallback__folded_cascode_ota_ihp130__seed_5,012,diagnosis_spice_postprocess_fallback,Diagnosis + repair,folded_cascode_ota_ihp130,Folded cascode,saturation_margin_02_global_vbias_ncas_set,saturation_margin,spice_small_perturbation,False,,dc_gain|saturation_margin,0.0,4.433547,-0.068307
diagnosis_spice_postprocess_fallback__folded_cascode_ota_ihp130__seed_5,012,diagnosis_spice_postprocess_fallback,Diagnosis + repair,folded_cascode_ota_ihp130,Folded cascode,saturation_margin_03_M3_gm_id_increase,saturation_margin,spice_small_perturbation,False,,,0.0,0.0,0.0
diagnosis_spice_postprocess_fallback__folded_cascode_ota_ihp130__seed_5,012,diagnosis_spice_postprocess_fallback,Diagnosis + repair,folded_cascode_ota_ihp130,Folded cascode,dc_gain_05_global_I_tail_increase,dc_gain,spice_small_perturbation,False,,,0.0,0.0,0.0
diagnosis_spice_postprocess_fallback__folded_cascode_ota_ihp130__seed_8,001,diagnosis_spice_postprocess_fallback,Diagnosis + repair,folded_cascode_ota_ihp130,Folded cascode,slew_rate_01_global_I_tail_increase,slew_rate,spice_small_perturbation,False,,,0.0,0.0,0.0
diagnosis_spice_postprocess_fallback__folded_cascode_ota_ihp130__seed_8,001,diagnosis_spice_postprocess_fallback,Diagnosis + repair,folded_cascode_ota_ihp130,Folded cascode,slew_rate_02_M5_L_decrease,slew_rate,spice_small_perturbation,True,dc_gain|saturation_margin|slew_rate|unity_gain_bandwidth,,0.7247159999999999,0.0,0.034471
diagnosis_spice_postprocess_fallback__folded_cascode_ota_ihp130__seed_8,002,diagnosis_spice_postprocess_fallback,Diagnosis + repair,folded_cascode_ota_ihp130,Folded cascode,slew_rate_01_global_I_tail_increase,slew_rate,spice_small_perturbation,False,,,0.0,0.0,0.0
diagnosis_spice_postprocess_fallback__folded_cascode_ota_ihp130__seed_8,002,diagnosis_spice_postprocess_fallback,Diagnosis + repair,folded_cascode_ota_ihp130,Folded cascode,slew_rate_02_M5_L_decrease,slew_rate,spice_small_perturbation,True,dc_gain|saturation_margin|slew_rate|unity_gain_bandwidth,,0.5430360000000001,0.0,0.069578
diagnosis_spice_postprocess_fallback__folded_cascode_ota_ihp130__seed_7,001,diagnosis_spice_postprocess_fallback,Diagnosis + repair,folded_cascode_ota_ihp130,Folded cascode,slew_rate_01_global_I_tail_increase,slew_rate,spice_small_perturbation,False,,,0.0,0.0,0.0
diagnosis_spice_postprocess_fallback__folded_cascode_ota_ihp130__seed_7,001,diagnosis_spice_postprocess_fallback,Diagnosis + repair,folded_cascode_ota_ihp130,Folded cascode,slew_rate_02_M5_L_decrease,slew_rate,spice_small_perturbation,True,dc_gain|saturation_margin|slew_rate|unity_gain_bandwidth,,0.620912,0.0,0.014434
diagnosis_spice_postprocess_fallback__folded_cascode_ota_ihp130__seed_7,002,diagnosis_spice_postprocess_fallback,Diagnosis + repair,folded_cascode_ota_ihp130,Folded cascode,slew_rate_01_global_I_tail_increase,slew_rate,spice_small_perturbation,False,,,0.0,0.0,0.0
diagnosis_spice_postprocess_fallback__folded_cascode_ota_ihp130__seed_7,002,diagnosis_spice_postprocess_fallback,Diagnosis + repair,folded_cascode_ota_ihp130,Folded cascode,slew_rate_02_M5_L_decrease,slew_rate,spice_small_perturbation,True,dc_gain|saturation_margin|slew_rate|unity_gain_bandwidth,,0.60531,0.0,0.065168
diagnosis_spice_postprocess_fallback__folded_cascode_ota_ihp130__seed_7,003,diagnosis_spice_postprocess_fallback,Diagnosis + repair,folded_cascode_ota_ihp130,Folded cascode,phase_margin_01_M2_L_decrease,phase_margin,spice_small_perturbation,True,phase_margin,saturation_margin,0.01917,0.00478,0.000367
diagnosis_spice_postprocess_fallback__folded_cascode_ota_ihp130__seed_7,003,diagnosis_spice_postprocess_fallback,Diagnosis + repair,folded_cascode_ota_ihp130,Folded cascode,phase_margin_02_M3_L_increase,phase_margin,spice_small_perturbation,False,,phase_margin|saturation_margin,0.0,0.202898,-0.00051
diagnosis_spice_postprocess_fallback__folded_cascode_ota_ihp130__seed_7,003,diagnosis_spice_postprocess_fallback,Diagnosis + repair,folded_cascode_ota_ihp130,Folded cascode,phase_margin_03_M7_L_decrease,phase_margin,spice_small_perturbation,True,phase_margin|saturation_margin,,0.096749,0.0,7.3e-05
diagnosis_spice_postprocess_fallback__folded_cascode_ota_ihp130__seed_7,003,diagnosis_spice_postprocess_fallback,Diagnosis + repair,folded_cascode_ota_ihp130,Folded cascode,phase_margin_04_M3_gm_id_increase,phase_margin,spice_small_perturbation,False,,,0.0,0.0,0.0
diagnosis_spice_postprocess_fallback__folded_cascode_ota_ihp130__seed_7,003,diagnosis_spice_postprocess_fallback,Diagnosis + repair,folded_cascode_ota_ihp130,Folded cascode,saturation_margin_02_global_vbias_ptail_set,saturation_margin,spice_small_perturbation,True,phase_margin,saturation_margin,0.01917,2.77996,0.000367
diagnosis_spice_postprocess_fallback__folded_cascode_ota_ihp130__seed_7,003,diagnosis_spice_postprocess_fallback,Diagnosis + repair,folded_cascode_ota_ihp130,Folded cascode,saturation_margin_03_global_vbias_ncas_set,saturation_margin,spice_small_perturbation,True,phase_margin,saturation_margin,0.01917,9.750734,-0.054721
diagnosis_spice_postprocess_fallback__folded_cascode_ota_ihp130__seed_7,003,diagnosis_spice_postprocess_fallback,Diagnosis + repair,folded_cascode_ota_ihp130,Folded cascode,saturation_margin_04_M1_gm_id_increase,saturation_margin,spice_small_perturbation,False,,phase_margin|saturation_margin,0.0,0.00035099999999999997,-1.1e-05
diagnosis_spice_postprocess_fallback__folded_cascode_ota_ihp130__seed_7,003,diagnosis_spice_postprocess_fallback,Diagnosis + repair,folded_cascode_ota_ihp130,Folded cascode,phase_margin_05_global_I_tail_increase,phase_margin,spice_small_perturbation,False,,,0.0,0.0,0.0
diagnosis_spice_postprocess_fallback__folded_cascode_ota_ihp130__seed_7,004,diagnosis_spice_postprocess_fallback,Diagnosis + repair,folded_cascode_ota_ihp130,Folded cascode,dc_gain_01_M1_gm_id_increase,dc_gain,spice_small_perturbation,True,dc_gain,unity_gain_bandwidth,2e-06,4e-06,-6e-06
diagnosis_spice_postprocess_fallback__folded_cascode_ota_ihp130__seed_7,004,diagnosis_spice_postprocess_fallback,Diagnosis + repair,folded_cascode_ota_ihp130,Folded cascode,dc_gain_02_M3_gm_id_increase,dc_gain,spice_small_perturbation,False,,,0.0,0.0,0.0
diagnosis_spice_postprocess_fallback__folded_cascode_ota_ihp130__seed_7,004,diagnosis_spice_postprocess_fallback,Diagnosis + repair,folded_cascode_ota_ihp130,Folded cascode,dc_gain_03_global_vbias_ptail_set,dc_gain,spice_small_perturbation,True,dc_gain|saturation_margin|unity_gain_bandwidth,,7.586036,0.0,0.947122
diagnosis_spice_postprocess_fallback__folded_cascode_ota_ihp130__seed_7,004,diagnosis_spice_postprocess_fallback,Diagnosis + repair,folded_cascode_ota_ihp130,Folded cascode,saturation_margin_03_global_I_tail_increase,saturation_margin,spice_small_perturbation,False,,,0.0,0.0,0.0
diagnosis_spice_postprocess_fallback__folded_cascode_ota_ihp130__seed_7,004,diagnosis_spice_postprocess_fallback,Diagnosis + repair,folded_cascode_ota_ihp130,Folded cascode,dc_gain_05_M7_L_increase,dc_gain,spice_small_perturbation,False,,dc_gain|saturation_margin|unity_gain_bandwidth,0.0,0.32813400000000004,-0.00036
diagnosis_spice_postprocess_fallback__folded_cascode_ota_ihp130__seed_7,004,diagnosis_spice_postprocess_fallback,Diagnosis + repair,folded_cascode_ota_ihp130,Folded cascode,dc_gain_06_M4_L_increase,dc_gain,spice_small_perturbation,True,dc_gain|unity_gain_bandwidth,saturation_margin,0.006529999999999999,0.140798,0.005562
diagnosis_spice_postprocess_fallback__folded_cascode_ota_ihp130__seed_7,004,diagnosis_spice_postprocess_fallback,Diagnosis + repair,folded_cascode_ota_ihp130,Folded cascode,dc_gain_07_M2_L_increase,dc_gain,spice_small_perturbation,True,dc_gain|unity_gain_bandwidth,saturation_margin,0.000293,0.000223,0.000283
diagnosis_spice_postprocess_fallback__folded_cascode_ota_ihp130__seed_7,004,diagnosis_spice_postprocess_fallback,Diagnosis + repair,folded_cascode_ota_ihp130,Folded cascode,unity_gain_bandwidth_03_M1_L_decrease,unity_gain_bandwidth,spice_small_perturbation,True,saturation_margin,dc_gain|unity_gain_bandwidth,0.000173,0.00033,-0.000321
diagnosis_spice_postprocess_fallback__folded_cascode_ota_ihp130__seed_7,005,diagnosis_spice_postprocess_fallback,Diagnosis + repair,folded_cascode_ota_ihp130,Folded cascode,slew_rate_02_M5_L_decrease,slew_rate,spice_small_perturbation,True,dc_gain|saturation_margin|slew_rate|unity_gain_bandwidth,,0.578949,0.0,0.037541
diagnosis_spice_postprocess_fallback__folded_cascode_ota_ihp130__seed_7,006,diagnosis_spice_postprocess_fallback,Diagnosis + repair,folded_cascode_ota_ihp130,Folded cascode,dc_gain_01_M1_gm_id_increase,dc_gain,spice_small_perturbation,True,dc_gain|saturation_margin|unity_gain_bandwidth,,0.000287,0.0,7.4e-05
diagnosis_spice_postprocess_fallback__folded_cascode_ota_ihp130__seed_7,006,diagnosis_spice_postprocess_fallback,Diagnosis + repair,folded_cascode_ota_ihp130,Folded cascode,saturation_margin_01_global_I_tail_increase,saturation_margin,spice_small_perturbation,False,,,0.0,0.0,0.0
diagnosis_spice_postprocess_fallback__folded_cascode_ota_ihp130__seed_7,006,diagnosis_spice_postprocess_fallback,Diagnosis + repair,folded_cascode_ota_ihp130,Folded cascode,saturation_margin_03_M3_gm_id_increase,saturation_margin,spice_small_perturbation,False,,,0.0,0.0,0.0
diagnosis_spice_postprocess_fallback__folded_cascode_ota_ihp130__seed_7,006,diagnosis_spice_postprocess_fallback,Diagnosis + repair,folded_cascode_ota_ihp130,Folded cascode,dc_gain_03_M7_L_increase,dc_gain,spice_small_perturbation,False,,dc_gain|saturation_margin|unity_gain_bandwidth,0.0,0.228676,-0.000643
diagnosis_spice_postprocess_fallback__folded_cascode_ota_ihp130__seed_7,006,diagnosis_spice_postprocess_fallback,Diagnosis + repair,folded_cascode_ota_ihp130,Folded cascode,dc_gain_04_M4_L_increase,dc_gain,spice_small_perturbation,True,dc_gain,saturation_margin|unity_gain_bandwidth,0.00751,0.09210900000000001,0.005401
diagnosis_spice_postprocess_fallback__folded_cascode_ota_ihp130__seed_7,006,diagnosis_spice_postprocess_fallback,Diagnosis + repair,folded_cascode_ota_ihp130,Folded cascode,dc_gain_05_M2_L_increase,dc_gain,spice_small_perturbation,False,,dc_gain|saturation_margin|unity_gain_bandwidth,0.0,0.011054,-0.001805
diagnosis_spice_postprocess_fallback__folded_cascode_ota_ihp130__seed_7,006,diagnosis_spice_postprocess_fallback,Diagnosis + repair,folded_cascode_ota_ihp130,Folded cascode,unity_gain_bandwidth_03_M1_L_decrease,unity_gain_bandwidth,spice_small_perturbation,True,dc_gain|saturation_margin|unity_gain_bandwidth,,0.008988,0.0,0.001302
diagnosis_spice_postprocess_fallback__folded_cascode_ota_ihp130__seed_7,006,diagnosis_spice_postprocess_fallback,Diagnosis + repair,folded_cascode_ota_ihp130,Folded cascode,dc_gain_06_M5_gm_id_increase,dc_gain,spice_small_perturbation,True,dc_gain|saturation_margin|unity_gain_bandwidth,,0.001319,0.0,3.4e-05
diagnosis_spice_postprocess_fallback__folded_cascode_ota_ihp130__seed_10,001,diagnosis_spice_postprocess_fallback,Diagnosis + repair,folded_cascode_ota_ihp130,Folded cascode,slew_rate_01_global_I_tail_increase,slew_rate,spice_small_perturbation,False,,,0.0,0.0,0.0
diagnosis_spice_postprocess_fallback__folded_cascode_ota_ihp130__seed_10,001,diagnosis_spice_postprocess_fallback,Diagnosis + repair,folded_cascode_ota_ihp130,Folded cascode,slew_rate_02_M5_L_decrease,slew_rate,spice_small_perturbation,True,dc_gain|saturation_margin|slew_rate|unity_gain_bandwidth,,0.7051069999999999,0.0,0.084021
diagnosis_spice_postprocess_fallback__folded_cascode_ota_ihp130__seed_10,002,diagnosis_spice_postprocess_fallback,Diagnosis + repair,folded_cascode_ota_ihp130,Folded cascode,slew_rate_01_global_I_tail_increase,slew_rate,spice_small_perturbation,False,,,0.0,0.0,0.0
diagnosis_spice_postprocess_fallback__folded_cascode_ota_ihp130__seed_10,002,diagnosis_spice_postprocess_fallback,Diagnosis + repair,folded_cascode_ota_ihp130,Folded cascode,slew_rate_02_M5_L_decrease,slew_rate,spice_small_perturbation,True,dc_gain|saturation_margin|slew_rate|unity_gain_bandwidth,,0.619544,0.0,0.089795
diagnosis_spice_postprocess_fallback__folded_cascode_ota_ihp130__seed_10,003,diagnosis_spice_postprocess_fallback,Diagnosis + repair,folded_cascode_ota_ihp130,Folded cascode,slew_rate_01_global_I_tail_increase,slew_rate,spice_small_perturbation,False,,,0.0,0.0,0.0
diagnosis_spice_postprocess_fallback__folded_cascode_ota_ihp130__seed_10,003,diagnosis_spice_postprocess_fallback,Diagnosis + repair,folded_cascode_ota_ihp130,Folded cascode,slew_rate_02_M5_L_decrease,slew_rate,spice_small_perturbation,True,dc_gain|saturation_margin|slew_rate|unity_gain_bandwidth,,0.668929,0.0,0.088092
diagnosis_spice_postprocess_fallback__folded_cascode_ota_ihp130__seed_9,001,diagnosis_spice_postprocess_fallback,Diagnosis + repair,folded_cascode_ota_ihp130,Folded cascode,dc_gain_01_M1_gm_id_increase,dc_gain,spice_small_perturbation,True,dc_gain|saturation_margin|unity_gain_bandwidth,,0.000932,0.0,0.000656
diagnosis_spice_postprocess_fallback__folded_cascode_ota_ihp130__seed_9,001,diagnosis_spice_postprocess_fallback,Diagnosis + repair,folded_cascode_ota_ihp130,Folded cascode,saturation_margin_01_global_I_tail_increase,saturation_margin,spice_small_perturbation,False,,,0.0,0.0,0.0
diagnosis_spice_postprocess_fallback__folded_cascode_ota_ihp130__seed_9,001,diagnosis_spice_postprocess_fallback,Diagnosis + repair,folded_cascode_ota_ihp130,Folded cascode,saturation_margin_03_M3_gm_id_increase,saturation_margin,spice_small_perturbation,False,,,0.0,0.0,0.0
diagnosis_spice_postprocess_fallback__folded_cascode_ota_ihp130__seed_9,001,diagnosis_spice_postprocess_fallback,Diagnosis + repair,folded_cascode_ota_ihp130,Folded cascode,saturation_margin_04_global_vbias_ptail_set,saturation_margin,spice_small_perturbation,True,dc_gain|saturation_margin|unity_gain_bandwidth,,2.214163,0.0,0.286075
diagnosis_spice_postprocess_fallback__folded_cascode_ota_ihp130__seed_9,001,diagnosis_spice_postprocess_fallback,Diagnosis + repair,folded_cascode_ota_ihp130,Folded cascode,dc_gain_03_M7_L_increase,dc_gain,spice_small_perturbation,False,,dc_gain|saturation_margin|unity_gain_bandwidth,0.0,0.232715,-0.001581
diagnosis_spice_postprocess_fallback__folded_cascode_ota_ihp130__seed_9,001,diagnosis_spice_postprocess_fallback,Diagnosis + repair,folded_cascode_ota_ihp130,Folded cascode,dc_gain_04_M4_L_increase,dc_gain,spice_small_perturbation,True,dc_gain|unity_gain_bandwidth,saturation_margin,0.007279,0.103274,0.005659
diagnosis_spice_postprocess_fallback__folded_cascode_ota_ihp130__seed_9,001,diagnosis_spice_postprocess_fallback,Diagnosis + repair,folded_cascode_ota_ihp130,Folded cascode,dc_gain_05_M2_L_increase,dc_gain,spice_small_perturbation,False,,dc_gain|saturation_margin|unity_gain_bandwidth,0.0,0.004221,-0.003662
diagnosis_spice_postprocess_fallback__folded_cascode_ota_ihp130__seed_9,001,diagnosis_spice_postprocess_fallback,Diagnosis + repair,folded_cascode_ota_ihp130,Folded cascode,unity_gain_bandwidth_03_M1_L_decrease,unity_gain_bandwidth,spice_small_perturbation,True,dc_gain|saturation_margin|unity_gain_bandwidth,,0.003121,0.0,0.002668
diagnosis_spice_postprocess_fallback__folded_cascode_ota_ihp130__seed_9,002,diagnosis_spice_postprocess_fallback,Diagnosis + repair,folded_cascode_ota_ihp130,Folded cascode,dc_gain_01_M1_gm_id_increase,dc_gain,spice_small_perturbation,True,dc_gain|saturation_margin,unity_gain_bandwidth,0.00013,6.4e-05,-5.3e-05
diagnosis_spice_postprocess_fallback__folded_cascode_ota_ihp130__seed_9,002,diagnosis_spice_postprocess_fallback,Diagnosis + repair,folded_cascode_ota_ihp130,Folded cascode,dc_gain_02_M3_gm_id_increase,dc_gain,spice_small_perturbation,False,,,0.0,0.0,0.0
diagnosis_spice_postprocess_fallback__folded_cascode_ota_ihp130__seed_9,002,diagnosis_spice_postprocess_fallback,Diagnosis + repair,folded_cascode_ota_ihp130,Folded cascode,saturation_margin_02_global_I_tail_increase,saturation_margin,spice_small_perturbation,False,,,0.0,0.0,0.0
diagnosis_spice_postprocess_fallback__folded_cascode_ota_ihp130__seed_9,002,diagnosis_spice_postprocess_fallback,Diagnosis + repair,folded_cascode_ota_ihp130,Folded cascode,saturation_margin_03_global_vbias_ptail_set,saturation_margin,spice_small_perturbation,True,dc_gain|saturation_margin|unity_gain_bandwidth,,6.6594940000000005,0.0,0.919224
diagnosis_spice_postprocess_fallback__folded_cascode_ota_ihp130__seed_9,002,diagnosis_spice_postprocess_fallback,Diagnosis + repair,folded_cascode_ota_ihp130,Folded cascode,saturation_margin_04_global_vbias_ncas_set,saturation_margin,spice_small_perturbation,False,,dc_gain|saturation_margin|unity_gain_bandwidth,0.0,2.934884,-0.001706
diagnosis_spice_postprocess_fallback__folded_cascode_ota_ihp130__seed_9,002,diagnosis_spice_postprocess_fallback,Diagnosis + repair,folded_cascode_ota_ihp130,Folded cascode,dc_gain_04_M7_L_increase,dc_gain,spice_small_perturbation,False,,dc_gain|saturation_margin|unity_gain_bandwidth,0.0,0.24426699999999998,-0.000462
diagnosis_spice_postprocess_fallback__folded_cascode_ota_ihp130__seed_9,002,diagnosis_spice_postprocess_fallback,Diagnosis + repair,folded_cascode_ota_ihp130,Folded cascode,dc_gain_05_M4_L_increase,dc_gain,spice_small_perturbation,True,dc_gain|unity_gain_bandwidth,saturation_margin,0.006557,0.121671,0.005581
diagnosis_spice_postprocess_fallback__folded_cascode_ota_ihp130__seed_9,002,diagnosis_spice_postprocess_fallback,Diagnosis + repair,folded_cascode_ota_ihp130,Folded cascode,dc_gain_06_M2_L_increase,dc_gain,spice_small_perturbation,True,dc_gain|unity_gain_bandwidth,saturation_margin,0.000416,0.000143,0.000396
diagnosis_spice_postprocess_fallback__folded_cascode_ota_ihp130__seed_9,003,diagnosis_spice_postprocess_fallback,Diagnosis + repair,folded_cascode_ota_ihp130,Folded cascode,phase_margin_01_M2_L_decrease,phase_margin,spice_small_perturbation,True,phase_margin,saturation_margin,0.026069,0.00637,0.000864
diagnosis_spice_postprocess_fallback__folded_cascode_ota_ihp130__seed_9,003,diagnosis_spice_postprocess_fallback,Diagnosis + repair,folded_cascode_ota_ihp130,Folded cascode,phase_margin_02_M3_L_increase,phase_margin,spice_small_perturbation,False,,phase_margin|saturation_margin,0.0,0.33046400000000004,-0.001295
diagnosis_spice_postprocess_fallback__folded_cascode_ota_ihp130__seed_9,003,diagnosis_spice_postprocess_fallback,Diagnosis + repair,folded_cascode_ota_ihp130,Folded cascode,phase_margin_03_M7_L_decrease,phase_margin,spice_small_perturbation,True,phase_margin|saturation_margin,,0.383679,0.0,0.000408
diagnosis_spice_postprocess_fallback__folded_cascode_ota_ihp130__seed_9,003,diagnosis_spice_postprocess_fallback,Diagnosis + repair,folded_cascode_ota_ihp130,Folded cascode,phase_margin_04_M3_gm_id_increase,phase_margin,spice_small_perturbation,False,,,0.0,0.0,0.0
diagnosis_spice_postprocess_fallback__folded_cascode_ota_ihp130__seed_9,003,diagnosis_spice_postprocess_fallback,Diagnosis + repair,folded_cascode_ota_ihp130,Folded cascode,saturation_margin_02_global_vbias_ptail_set,saturation_margin,spice_small_perturbation,True,phase_margin,saturation_margin,0.029604,1.614636,-0.004931
diagnosis_spice_postprocess_fallback__folded_cascode_ota_ihp130__seed_9,003,diagnosis_spice_postprocess_fallback,Diagnosis + repair,folded_cascode_ota_ihp130,Folded cascode,saturation_margin_03_global_vbias_ncas_set,saturation_margin,spice_small_perturbation,True,phase_margin,saturation_margin,0.029604,8.173221,-0.018464
diagnosis_spice_postprocess_fallback__folded_cascode_ota_ihp130__seed_9,003,diagnosis_spice_postprocess_fallback,Diagnosis + repair,folded_cascode_ota_ihp130,Folded cascode,saturation_margin_04_M1_gm_id_increase,saturation_margin,spice_small_perturbation,False,,phase_margin|saturation_margin,0.0,0.007377,-0.000337
diagnosis_spice_postprocess_fallback__folded_cascode_ota_ihp130__seed_9,003,diagnosis_spice_postprocess_fallback,Diagnosis + repair,folded_cascode_ota_ihp130,Folded cascode,phase_margin_05_global_I_tail_increase,phase_margin,spice_small_perturbation,False,,,0.0,0.0,0.0
diagnosis_spice_postprocess_fallback__folded_cascode_ota_ihp130__seed_9,004,diagnosis_spice_postprocess_fallback,Diagnosis + repair,folded_cascode_ota_ihp130,Folded cascode,slew_rate_01_global_I_tail_increase,slew_rate,spice_small_perturbation,False,,,0.0,0.0,0.0
diagnosis_spice_postprocess_fallback__folded_cascode_ota_ihp130__seed_9,004,diagnosis_spice_postprocess_fallback,Diagnosis + repair,folded_cascode_ota_ihp130,Folded cascode,slew_rate_02_M5_L_decrease,slew_rate,spice_small_perturbation,True,dc_gain|saturation_margin|slew_rate|unity_gain_bandwidth,,0.579148,0.0,0.036692
diagnosis_spice_postprocess_fallback__folded_cascode_ota_ihp130__seed_9,005,diagnosis_spice_postprocess_fallback,Diagnosis + repair,folded_cascode_ota_ihp130,Folded cascode,dc_gain_01_M3_gm_id_increase,dc_gain,spice_small_perturbation,False,,,0.0,0.0,0.0
diagnosis_spice_postprocess_fallback__folded_cascode_ota_ihp130__seed_9,005,diagnosis_spice_postprocess_fallback,Diagnosis + repair,folded_cascode_ota_ihp130,Folded cascode,dc_gain_02_M7_L_increase,dc_gain,spice_small_perturbation,False,,dc_gain|saturation_margin,0.0,0.31422100000000003,-0.000547
diagnosis_spice_postprocess_fallback__folded_cascode_ota_ihp130__seed_9,005,diagnosis_spice_postprocess_fallback,Diagnosis + repair,folded_cascode_ota_ihp130,Folded cascode,dc_gain_03_global_vbias_ptail_set,dc_gain,spice_small_perturbation,False,,dc_gain|saturation_margin,0.0,1.9557740000000001,-0.006981
diagnosis_spice_postprocess_fallback__folded_cascode_ota_ihp130__seed_9,005,diagnosis_spice_postprocess_fallback,Diagnosis + repair,folded_cascode_ota_ihp130,Folded cascode,dc_gain_04_global_vbias_ncas_set,dc_gain,spice_small_perturbation,False,,dc_gain|saturation_margin,0.0,8.846544,-0.104272
diagnosis_spice_postprocess_fallback__folded_cascode_ota_ihp130__seed_9,005,diagnosis_spice_postprocess_fallback,Diagnosis + repair,folded_cascode_ota_ihp130,Folded cascode,dc_gain_05_M1_gm_id_increase,dc_gain,spice_small_perturbation,True,dc_gain|saturation_margin,,0.0035009999999999998,0.0,7.1e-05
diagnosis_spice_postprocess_fallback__folded_cascode_ota_ihp130__seed_9,005,diagnosis_spice_postprocess_fallback,Diagnosis + repair,folded_cascode_ota_ihp130,Folded cascode,dc_gain_06_M4_L_increase,dc_gain,spice_small_perturbation,True,dc_gain,saturation_margin,0.004941,0.147924,0.000172
diagnosis_spice_postprocess_fallback__folded_cascode_ota_ihp130__seed_9,005,diagnosis_spice_postprocess_fallback,Diagnosis + repair,folded_cascode_ota_ihp130,Folded cascode,dc_gain_07_M2_L_increase,dc_gain,spice_small_perturbation,False,,dc_gain|saturation_margin,0.0,0.0067220000000000005,-9.7e-05
diagnosis_spice_postprocess_fallback__folded_cascode_ota_ihp130__seed_9,005,diagnosis_spice_postprocess_fallback,Diagnosis + repair,folded_cascode_ota_ihp130,Folded cascode,dc_gain_08_global_I_tail_increase,dc_gain,spice_small_perturbation,False,,,0.0,0.0,0.0
diagnosis_spice_postprocess_fallback__folded_cascode_ota_ihp130__seed_9,006,diagnosis_spice_postprocess_fallback,Diagnosis + repair,folded_cascode_ota_ihp130,Folded cascode,dc_gain_01_M3_gm_id_increase,dc_gain,spice_small_perturbation,False,,,0.0,0.0,0.0
diagnosis_spice_postprocess_fallback__folded_cascode_ota_ihp130__seed_9,006,diagnosis_spice_postprocess_fallback,Diagnosis + repair,folded_cascode_ota_ihp130,Folded cascode,dc_gain_02_M7_L_increase,dc_gain,spice_small_perturbation,False,,dc_gain|saturation_margin,0.0,0.31460099999999996,-0.000317
diagnosis_spice_postprocess_fallback__folded_cascode_ota_ihp130__seed_9,006,diagnosis_spice_postprocess_fallback,Diagnosis + repair,folded_cascode_ota_ihp130,Folded cascode,dc_gain_03_global_vbias_ptail_set,dc_gain,spice_small_perturbation,False,,dc_gain|saturation_margin,0.0,2.174181,-0.006572
diagnosis_spice_postprocess_fallback__folded_cascode_ota_ihp130__seed_9,006,diagnosis_spice_postprocess_fallback,Diagnosis + repair,folded_cascode_ota_ihp130,Folded cascode,dc_gain_04_global_vbias_ncas_set,dc_gain,spice_small_perturbation,False,,dc_gain|saturation_margin,0.0,8.988006,-0.10218
diagnosis_spice_postprocess_fallback__folded_cascode_ota_ihp130__seed_9,006,diagnosis_spice_postprocess_fallback,Diagnosis + repair,folded_cascode_ota_ihp130,Folded cascode,dc_gain_05_M1_gm_id_increase,dc_gain,spice_small_perturbation,True,dc_gain|saturation_margin,,0.003803,0.0,4.3e-05
diagnosis_spice_postprocess_fallback__folded_cascode_ota_ihp130__seed_9,006,diagnosis_spice_postprocess_fallback,Diagnosis + repair,folded_cascode_ota_ihp130,Folded cascode,dc_gain_06_M4_L_increase,dc_gain,spice_small_perturbation,True,dc_gain,saturation_margin,0.004688,0.161924,8.7e-05
diagnosis_spice_postprocess_fallback__folded_cascode_ota_ihp130__seed_9,006,diagnosis_spice_postprocess_fallback,Diagnosis + repair,folded_cascode_ota_ihp130,Folded cascode,dc_gain_07_M2_L_increase,dc_gain,spice_small_perturbation,False,,dc_gain|saturation_margin,0.0,0.0067729999999999995,-5.6e-05
diagnosis_spice_postprocess_fallback__folded_cascode_ota_ihp130__seed_9,006,diagnosis_spice_postprocess_fallback,Diagnosis + repair,folded_cascode_ota_ihp130,Folded cascode,dc_gain_08_global_I_tail_increase,dc_gain,spice_small_perturbation,False,,,0.0,0.0,0.0
diagnosis_spice_postprocess_fallback__five_transistor_ota__seed_8,001,diagnosis_spice_postprocess_fallback,Diagnosis + repair,five_transistor_ota,5T,dc_gain_01_M2_L_increase,dc_gain,spice_small_perturbation,True,dc_gain|saturation_margin,,0.07551000000000001,0.0,0.001718
diagnosis_spice_postprocess_fallback__five_transistor_ota__seed_8,001,diagnosis_spice_postprocess_fallback,Diagnosis + repair,five_transistor_ota,5T,dc_gain_02_M1_gm_id_increase,dc_gain,spice_small_perturbation,True,saturation_margin,dc_gain,0.06278,0.000489,-7.2e-05
diagnosis_spice_postprocess_fallback__five_transistor_ota__seed_8,001,diagnosis_spice_postprocess_fallback,Diagnosis + repair,five_transistor_ota,5T,dc_gain_03_M4_L_increase,dc_gain,spice_small_perturbation,True,dc_gain,saturation_margin,0.000295,0.01946,4.3e-05
diagnosis_spice_postprocess_fallback__five_transistor_ota__seed_8,001,diagnosis_spice_postprocess_fallback,Diagnosis + repair,five_transistor_ota,5T,dc_gain_04_M3_gm_id_increase,dc_gain,spice_small_perturbation,True,dc_gain|saturation_margin,,0.024124,0.0,0.000155
diagnosis_spice_postprocess_fallback__five_transistor_ota__seed_8,001,diagnosis_spice_postprocess_fallback,Diagnosis + repair,five_transistor_ota,5T,dc_gain_05_global_I_tail_increase,dc_gain,spice_small_perturbation,False,,,0.0,0.0,0.0
diagnosis_spice_postprocess_fallback__five_transistor_ota__seed_8,001,diagnosis_spice_postprocess_fallback,Diagnosis + repair,five_transistor_ota,5T,dc_gain_06_M5_gm_id_increase,dc_gain,spice_small_perturbation,False,,,0.0,0.0,0.0
diagnosis_spice_postprocess_fallback__five_transistor_ota__seed_8,001,diagnosis_spice_postprocess_fallback,Diagnosis + repair,five_transistor_ota,5T,dc_gain_07_global_I_tail_decrease,dc_gain,spice_small_perturbation,False,,,0.0,0.0,0.0
diagnosis_spice_postprocess_fallback__five_transistor_ota__seed_9,001,diagnosis_spice_postprocess_fallback,Diagnosis + repair,five_transistor_ota,5T,dc_gain_01_M2_L_increase,dc_gain,spice_small_perturbation,True,dc_gain,saturation_margin,0.008883,0.26568,0.000183
diagnosis_spice_postprocess_fallback__five_transistor_ota__seed_9,001,diagnosis_spice_postprocess_fallback,Diagnosis + repair,five_transistor_ota,5T,dc_gain_02_M1_gm_id_increase,dc_gain,spice_small_perturbation,True,dc_gain|saturation_margin,,0.352261,0.0,1e-06
diagnosis_spice_postprocess_fallback__five_transistor_ota__seed_9,001,diagnosis_spice_postprocess_fallback,Diagnosis + repair,five_transistor_ota,5T,dc_gain_03_M4_L_increase,dc_gain,spice_small_perturbation,True,dc_gain,saturation_margin,0.005479,0.04767,0.000131
diagnosis_spice_postprocess_fallback__five_transistor_ota__seed_9,001,diagnosis_spice_postprocess_fallback,Diagnosis + repair,five_transistor_ota,5T,dc_gain_04_M3_gm_id_increase,dc_gain,spice_small_perturbation,True,dc_gain|saturation_margin,,0.019752,0.0,1.7e-05
diagnosis_spice_postprocess_fallback__five_transistor_ota__seed_9,001,diagnosis_spice_postprocess_fallback,Diagnosis + repair,five_transistor_ota,5T,dc_gain_05_global_I_tail_increase,dc_gain,spice_small_perturbation,False,,,0.0,0.0,0.0
diagnosis_spice_postprocess_fallback__five_transistor_ota__seed_9,001,diagnosis_spice_postprocess_fallback,Diagnosis + repair,five_transistor_ota,5T,dc_gain_06_M5_gm_id_increase,dc_gain,spice_small_perturbation,False,,,0.0,0.0,0.0
diagnosis_spice_postprocess_fallback__five_transistor_ota__seed_9,001,diagnosis_spice_postprocess_fallback,Diagnosis + repair,five_transistor_ota,5T,dc_gain_07_global_I_tail_decrease,dc_gain,spice_small_perturbation,False,,,0.0,0.0,0.0
diagnosis_spice_postprocess_fallback__five_transistor_ota__seed_10,001,diagnosis_spice_postprocess_fallback,Diagnosis + repair,five_transistor_ota,5T,dc_gain_01_M2_L_increase,dc_gain,spice_small_perturbation,True,dc_gain,saturation_margin,0.007678,0.28244,0.000236
diagnosis_spice_postprocess_fallback__five_transistor_ota__seed_10,001,diagnosis_spice_postprocess_fallback,Diagnosis + repair,five_transistor_ota,5T,dc_gain_02_M1_gm_id_increase,dc_gain,spice_small_perturbation,True,dc_gain|saturation_margin,,0.34221799999999997,0.0,1.2e-05
diagnosis_spice_postprocess_fallback__five_transistor_ota__seed_10,001,diagnosis_spice_postprocess_fallback,Diagnosis + repair,five_transistor_ota,5T,dc_gain_03_M4_L_increase,dc_gain,spice_small_perturbation,True,dc_gain,saturation_margin,0.009428,0.03373,0.000273
diagnosis_spice_postprocess_fallback__five_transistor_ota__seed_10,001,diagnosis_spice_postprocess_fallback,Diagnosis + repair,five_transistor_ota,5T,saturation_margin_02_M3_gm_id_increase,saturation_margin,spice_small_perturbation,True,dc_gain|saturation_margin,,0.033717000000000004,0.0,3e-06
diagnosis_spice_postprocess_fallback__five_transistor_ota__seed_10,001,diagnosis_spice_postprocess_fallback,Diagnosis + repair,five_transistor_ota,5T,dc_gain_04_global_I_tail_increase,dc_gain,spice_small_perturbation,False,,,0.0,0.0,0.0
diagnosis_spice_postprocess_fallback__five_transistor_ota__seed_10,001,diagnosis_spice_postprocess_fallback,Diagnosis + repair,five_transistor_ota,5T,dc_gain_05_M5_gm_id_increase,dc_gain,spice_small_perturbation,False,,,0.0,0.0,0.0
diagnosis_spice_postprocess_fallback__five_transistor_ota__seed_10,001,diagnosis_spice_postprocess_fallback,Diagnosis + repair,five_transistor_ota,5T,dc_gain_06_global_I_tail_decrease,dc_gain,spice_small_perturbation,False,,,0.0,0.0,0.0
llm_full_residual_escape_postprocess_fallback__five_transistor_ota__seed_1,001,llm_full_residual_escape_postprocess_fallback,LLM diagnosis + repair,five_transistor_ota,5T,dc_gain_02_M1_gm_id_increase,dc_gain,spice_small_perturbation,True,saturation_margin,dc_gain,0.48279,0.00042,0.398578
llm_full_residual_escape_postprocess_fallback__five_transistor_ota__seed_1,001,llm_full_residual_escape_postprocess_fallback,LLM diagnosis + repair,five_transistor_ota,5T,dc_gain_04_M3_gm_id_increase,dc_gain,spice_small_perturbation,True,dc_gain|saturation_margin,,0.029390999999999997,0.0,0.027859
llm_full_residual_escape_postprocess_fallback__five_transistor_ota__seed_1,001,llm_full_residual_escape_postprocess_fallback,LLM diagnosis + repair,five_transistor_ota,5T,dc_gain_01_M2_L_increase,dc_gain,spice_small_perturbation,True,dc_gain|saturation_margin,,0.477998,0.0,0.388924
llm_full_residual_escape_postprocess_fallback__five_transistor_ota__seed_1,001,llm_full_residual_escape_postprocess_fallback,LLM diagnosis + repair,five_transistor_ota,5T,dc_gain_03_M4_L_increase,dc_gain,spice_small_perturbation,True,dc_gain,saturation_margin,0.002885,0.04801,-0.0478
llm_full_residual_escape_postprocess_fallback__five_transistor_ota__seed_1,001,llm_full_residual_escape_postprocess_fallback,LLM diagnosis + repair,five_transistor_ota,5T,dc_gain_05_global_I_tail_increase,dc_gain,spice_small_perturbation,False,,,0.0,0.0,0.0
llm_full_residual_escape_postprocess_fallback__five_transistor_ota__seed_1,001,llm_full_residual_escape_postprocess_fallback,LLM diagnosis + repair,five_transistor_ota,5T,dc_gain_06_M5_gm_id_increase,dc_gain,spice_small_perturbation,False,,,0.0,0.0,0.0
llm_full_residual_escape_postprocess_fallback__five_transistor_ota__seed_1,001,llm_full_residual_escape_postprocess_fallback,LLM diagnosis + repair,five_transistor_ota,5T,dc_gain_07_global_I_tail_decrease,dc_gain,spice_small_perturbation,False,,,0.0,0.0,0.0
llm_full_residual_escape_postprocess_fallback__five_transistor_ota__seed_1,002,llm_full_residual_escape_postprocess_fallback,LLM diagnosis + repair,five_transistor_ota,5T,dc_gain_02_M1_gm_id_increase,dc_gain,spice_small_perturbation,True,saturation_margin,dc_gain|power,0.47289,0.007465,0.585832
llm_full_residual_escape_postprocess_fallback__five_transistor_ota__seed_1,002,llm_full_residual_escape_postprocess_fallback,LLM diagnosis + repair,five_transistor_ota,5T,dc_gain_04_M3_gm_id_increase,dc_gain,spice_small_perturbation,True,dc_gain|saturation_margin,power,0.035241,0.000486,0.0469
llm_full_residual_escape_postprocess_fallback__five_transistor_ota__seed_1,002,llm_full_residual_escape_postprocess_fallback,LLM diagnosis + repair,five_transistor_ota,5T,dc_gain_01_M2_L_increase,dc_gain,spice_small_perturbation,True,dc_gain|saturation_margin,power,0.30823,0.004236,0.386134
llm_full_residual_escape_postprocess_fallback__five_transistor_ota__seed_1,002,llm_full_residual_escape_postprocess_fallback,LLM diagnosis + repair,five_transistor_ota,5T,dc_gain_03_M4_L_increase,dc_gain,spice_small_perturbation,True,dc_gain|power,saturation_margin,0.002092,0.06476,-0.091715
llm_full_residual_escape_postprocess_fallback__five_transistor_ota__seed_1,002,llm_full_residual_escape_postprocess_fallback,LLM diagnosis + repair,five_transistor_ota,5T,dc_gain_05_global_I_tail_increase,dc_gain,spice_small_perturbation,False,,,0.0,0.0,0.0
llm_full_residual_escape_postprocess_fallback__five_transistor_ota__seed_1,002,llm_full_residual_escape_postprocess_fallback,LLM diagnosis + repair,five_transistor_ota,5T,dc_gain_06_M5_gm_id_increase,dc_gain,spice_small_perturbation,False,,,0.0,0.0,0.0
llm_full_residual_escape_postprocess_fallback__five_transistor_ota__seed_1,002,llm_full_residual_escape_postprocess_fallback,LLM diagnosis + repair,five_transistor_ota,5T,dc_gain_07_global_I_tail_decrease,dc_gain,spice_small_perturbation,False,,,0.0,0.0,0.0
llm_full_residual_escape_postprocess_fallback__five_transistor_ota__seed_2,001,llm_full_residual_escape_postprocess_fallback,LLM diagnosis + repair,five_transistor_ota,5T,dc_gain_02_M1_gm_id_increase,dc_gain,spice_small_perturbation,True,saturation_margin,dc_gain,0.31652,0.00033,0.505596
llm_full_residual_escape_postprocess_fallback__five_transistor_ota__seed_2,001,llm_full_residual_escape_postprocess_fallback,LLM diagnosis + repair,five_transistor_ota,5T,dc_gain_04_M3_gm_id_increase,dc_gain,spice_small_perturbation,True,dc_gain|saturation_margin,,0.015555999999999999,0.0,0.025774
llm_full_residual_escape_postprocess_fallback__five_transistor_ota__seed_2,001,llm_full_residual_escape_postprocess_fallback,LLM diagnosis + repair,five_transistor_ota,5T,dc_gain_01_M2_L_increase,dc_gain,spice_small_perturbation,True,dc_gain|saturation_margin,,0.080147,0.0,0.116928
llm_full_residual_escape_postprocess_fallback__five_transistor_ota__seed_2,001,llm_full_residual_escape_postprocess_fallback,LLM diagnosis + repair,five_transistor_ota,5T,dc_gain_03_M4_L_increase,dc_gain,spice_small_perturbation,True,dc_gain,saturation_margin,0.000469,0.00335,-0.005688
llm_full_residual_escape_postprocess_fallback__five_transistor_ota__seed_2,001,llm_full_residual_escape_postprocess_fallback,LLM diagnosis + repair,five_transistor_ota,5T,dc_gain_05_global_I_tail_increase,dc_gain,spice_small_perturbation,False,,,0.0,0.0,0.0
llm_full_residual_escape_postprocess_fallback__five_transistor_ota__seed_2,001,llm_full_residual_escape_postprocess_fallback,LLM diagnosis + repair,five_transistor_ota,5T,dc_gain_06_M5_gm_id_increase,dc_gain,spice_small_perturbation,False,,,0.0,0.0,0.0
llm_full_residual_escape_postprocess_fallback__five_transistor_ota__seed_2,001,llm_full_residual_escape_postprocess_fallback,LLM diagnosis + repair,five_transistor_ota,5T,dc_gain_07_global_I_tail_decrease,dc_gain,spice_small_perturbation,False,,,0.0,0.0,0.0
llm_full_residual_escape_postprocess_fallback__five_transistor_ota__seed_2,002,llm_full_residual_escape_postprocess_fallback,LLM diagnosis + repair,five_transistor_ota,5T,dc_gain_02_M1_gm_id_increase,dc_gain,spice_small_perturbation,True,saturation_margin,dc_gain,0.44042,0.000406,0.425551
llm_full_residual_escape_postprocess_fallback__five_transistor_ota__seed_2,002,llm_full_residual_escape_postprocess_fallback,LLM diagnosis + repair,five_transistor_ota,5T,dc_gain_04_M3_gm_id_increase,dc_gain,spice_small_perturbation,True,dc_gain|saturation_margin,,0.024682000000000003,0.0,0.026667
llm_full_residual_escape_postprocess_fallback__five_transistor_ota__seed_2,002,llm_full_residual_escape_postprocess_fallback,LLM diagnosis + repair,five_transistor_ota,5T,dc_gain_01_M2_L_increase,dc_gain,spice_small_perturbation,True,dc_gain|saturation_margin,,0.275916,0.0,0.272589
llm_full_residual_escape_postprocess_fallback__five_transistor_ota__seed_2,002,llm_full_residual_escape_postprocess_fallback,LLM diagnosis + repair,five_transistor_ota,5T,dc_gain_03_M4_L_increase,dc_gain,spice_small_perturbation,True,dc_gain,saturation_margin,0.004897,0.04268,-0.047606
llm_full_residual_escape_postprocess_fallback__five_transistor_ota__seed_2,002,llm_full_residual_escape_postprocess_fallback,LLM diagnosis + repair,five_transistor_ota,5T,dc_gain_05_global_I_tail_increase,dc_gain,spice_small_perturbation,False,,,0.0,0.0,0.0
llm_full_residual_escape_postprocess_fallback__five_transistor_ota__seed_2,002,llm_full_residual_escape_postprocess_fallback,LLM diagnosis + repair,five_transistor_ota,5T,dc_gain_06_M5_gm_id_increase,dc_gain,spice_small_perturbation,False,,dc_gain|saturation_margin,0.0,0.032133999999999996,-0.03611
llm_full_residual_escape_postprocess_fallback__five_transistor_ota__seed_2,002,llm_full_residual_escape_postprocess_fallback,LLM diagnosis + repair,five_transistor_ota,5T,dc_gain_07_global_I_tail_decrease,dc_gain,spice_small_perturbation,False,,,0.0,0.0,0.0
llm_full_residual_escape_postprocess_fallback__five_transistor_ota__seed_3,001,llm_full_residual_escape_postprocess_fallback,LLM diagnosis + repair,five_transistor_ota,5T,dc_gain_02_M1_gm_id_increase,dc_gain,spice_small_perturbation,True,saturation_margin,dc_gain|power,0.32398,0.005106,0.44245
llm_full_residual_escape_postprocess_fallback__five_transistor_ota__seed_3,001,llm_full_residual_escape_postprocess_fallback,LLM diagnosis + repair,five_transistor_ota,5T,dc_gain_04_M3_gm_id_increase,dc_gain,spice_small_perturbation,True,dc_gain|saturation_margin,power,0.021207,0.0003,0.02998
llm_full_residual_escape_postprocess_fallback__five_transistor_ota__seed_3,001,llm_full_residual_escape_postprocess_fallback,LLM diagnosis + repair,five_transistor_ota,5T,dc_gain_01_M2_L_increase,dc_gain,spice_small_perturbation,True,dc_gain|saturation_margin,power,0.09096099999999999,0.001188,0.116675
llm_full_residual_escape_postprocess_fallback__five_transistor_ota__seed_3,001,llm_full_residual_escape_postprocess_fallback,LLM diagnosis + repair,five_transistor_ota,5T,dc_gain_03_M4_L_increase,dc_gain,spice_small_perturbation,True,dc_gain|power,saturation_margin,0.003022,0.0444,-0.065934
llm_full_residual_escape_postprocess_fallback__five_transistor_ota__seed_3,001,llm_full_residual_escape_postprocess_fallback,LLM diagnosis + repair,five_transistor_ota,5T,dc_gain_05_global_I_tail_increase,dc_gain,spice_small_perturbation,False,,,0.0,0.0,0.0
llm_full_residual_escape_postprocess_fallback__five_transistor_ota__seed_3,001,llm_full_residual_escape_postprocess_fallback,LLM diagnosis + repair,five_transistor_ota,5T,dc_gain_06_M5_gm_id_increase,dc_gain,spice_small_perturbation,False,,,0.0,0.0,0.0
llm_full_residual_escape_postprocess_fallback__five_transistor_ota__seed_3,001,llm_full_residual_escape_postprocess_fallback,LLM diagnosis + repair,five_transistor_ota,5T,dc_gain_07_global_I_tail_decrease,dc_gain,spice_small_perturbation,False,,,0.0,0.0,0.0
llm_full_residual_escape_postprocess_fallback__five_transistor_ota__seed_3,002,llm_full_residual_escape_postprocess_fallback,LLM diagnosis + repair,five_transistor_ota,5T,dc_gain_02_M1_gm_id_increase,dc_gain,spice_small_perturbation,True,saturation_margin,dc_gain|power,0.67643,0.012376999999999999,1.102432
llm_full_residual_escape_postprocess_fallback__five_transistor_ota__seed_3,002,llm_full_residual_escape_postprocess_fallback,LLM diagnosis + repair,five_transistor_ota,5T,dc_gain_04_M3_gm_id_increase,dc_gain,spice_small_perturbation,True,dc_gain|saturation_margin,power,0.077303,0.00102,0.12707
llm_full_residual_escape_postprocess_fallback__five_transistor_ota__seed_3,002,llm_full_residual_escape_postprocess_fallback,LLM diagnosis + repair,five_transistor_ota,5T,dc_gain_01_M2_L_increase,dc_gain,spice_small_perturbation,True,dc_gain|power,saturation_margin,0.01043,0.03618,-0.066179
llm_full_residual_escape_postprocess_fallback__five_transistor_ota__seed_3,002,llm_full_residual_escape_postprocess_fallback,LLM diagnosis + repair,five_transistor_ota,5T,dc_gain_03_M4_L_increase,dc_gain,spice_small_perturbation,True,power,dc_gain|saturation_margin,0.001638,0.125457,-0.210864
llm_full_residual_escape_postprocess_fallback__five_transistor_ota__seed_3,002,llm_full_residual_escape_postprocess_fallback,LLM diagnosis + repair,five_transistor_ota,5T,dc_gain_05_global_I_tail_increase,dc_gain,spice_small_perturbation,False,,,0.0,0.0,0.0
llm_full_residual_escape_postprocess_fallback__five_transistor_ota__seed_3,002,llm_full_residual_escape_postprocess_fallback,LLM diagnosis + repair,five_transistor_ota,5T,dc_gain_06_M5_gm_id_increase,dc_gain,spice_small_perturbation,False,,,0.0,0.0,0.0
llm_full_residual_escape_postprocess_fallback__five_transistor_ota__seed_3,002,llm_full_residual_escape_postprocess_fallback,LLM diagnosis + repair,five_transistor_ota,5T,dc_gain_07_global_I_tail_decrease,dc_gain,spice_small_perturbation,False,,,0.0,0.0,0.0
llm_full_residual_escape_postprocess_fallback__five_transistor_ota__seed_4,001,llm_full_residual_escape_postprocess_fallback,LLM diagnosis + repair,five_transistor_ota,5T,dc_gain_02_M1_gm_id_increase,dc_gain,spice_small_perturbation,True,dc_gain|saturation_margin,power,0.34777600000000003,0.00486,0.502619
llm_full_residual_escape_postprocess_fallback__five_transistor_ota__seed_4,001,llm_full_residual_escape_postprocess_fallback,LLM diagnosis + repair,five_transistor_ota,5T,dc_gain_04_M3_gm_id_increase,dc_gain,spice_small_perturbation,True,dc_gain|saturation_margin,power,0.022057,0.0003,0.033044
llm_full_residual_escape_postprocess_fallback__five_transistor_ota__seed_4,001,llm_full_residual_escape_postprocess_fallback,LLM diagnosis + repair,five_transistor_ota,5T,dc_gain_01_M2_L_increase,dc_gain,spice_small_perturbation,True,dc_gain|power,saturation_margin,0.012233,0.25241,-0.414854
llm_full_residual_escape_postprocess_fallback__five_transistor_ota__seed_4,001,llm_full_residual_escape_postprocess_fallback,LLM diagnosis + repair,five_transistor_ota,5T,dc_gain_03_M4_L_increase,dc_gain,spice_small_perturbation,True,dc_gain|power,saturation_margin,0.006019,0.05391,-0.084842
llm_full_residual_escape_postprocess_fallback__five_transistor_ota__seed_4,001,llm_full_residual_escape_postprocess_fallback,LLM diagnosis + repair,five_transistor_ota,5T,dc_gain_05_global_I_tail_increase,dc_gain,spice_small_perturbation,False,,,0.0,0.0,0.0
llm_full_residual_escape_postprocess_fallback__five_transistor_ota__seed_4,001,llm_full_residual_escape_postprocess_fallback,LLM diagnosis + repair,five_transistor_ota,5T,dc_gain_06_M5_gm_id_increase,dc_gain,spice_small_perturbation,False,,,0.0,0.0,0.0
llm_full_residual_escape_postprocess_fallback__five_transistor_ota__seed_4,001,llm_full_residual_escape_postprocess_fallback,LLM diagnosis + repair,five_transistor_ota,5T,dc_gain_07_global_I_tail_decrease,dc_gain,spice_small_perturbation,False,,,0.0,0.0,0.0
llm_full_residual_escape_postprocess_fallback__five_transistor_ota__seed_4,002,llm_full_residual_escape_postprocess_fallback,LLM diagnosis + repair,five_transistor_ota,5T,dc_gain_01_M1_gm_id_increase,dc_gain,spice_small_perturbation,True,saturation_margin,dc_gain|power,0.75366,0.013216,1.257251
llm_full_residual_escape_postprocess_fallback__five_transistor_ota__seed_4,002,llm_full_residual_escape_postprocess_fallback,LLM diagnosis + repair,five_transistor_ota,5T,dc_gain_03_M3_gm_id_increase,dc_gain,spice_small_perturbation,True,dc_gain|saturation_margin,power,0.09003,0.001188,0.154044
llm_full_residual_escape_postprocess_fallback__five_transistor_ota__seed_4,002,llm_full_residual_escape_postprocess_fallback,LLM diagnosis + repair,five_transistor_ota,5T,dc_gain_02_M4_L_increase,dc_gain,spice_small_perturbation,True,power,dc_gain|saturation_margin,0.00156,0.116775,-0.207531
llm_full_residual_escape_postprocess_fallback__five_transistor_ota__seed_4,002,llm_full_residual_escape_postprocess_fallback,LLM diagnosis + repair,five_transistor_ota,5T,dc_gain_04_M2_L_increase,dc_gain,spice_small_perturbation,True,dc_gain|power,saturation_margin,0.009533,0.06323,-0.121199
llm_full_residual_escape_postprocess_fallback__five_transistor_ota__seed_4,002,llm_full_residual_escape_postprocess_fallback,LLM diagnosis + repair,five_transistor_ota,5T,dc_gain_05_global_I_tail_increase,dc_gain,spice_small_perturbation,False,,,0.0,0.0,0.0
llm_full_residual_escape_postprocess_fallback__five_transistor_ota__seed_4,002,llm_full_residual_escape_postprocess_fallback,LLM diagnosis + repair,five_transistor_ota,5T,dc_gain_06_M5_gm_id_increase,dc_gain,spice_small_perturbation,False,,dc_gain|power|saturation_margin,0.0,0.015798,-0.026985
llm_full_residual_escape_postprocess_fallback__five_transistor_ota__seed_4,002,llm_full_residual_escape_postprocess_fallback,LLM diagnosis + repair,five_transistor_ota,5T,dc_gain_07_global_I_tail_decrease,dc_gain,spice_small_perturbation,False,,,0.0,0.0,0.0
llm_full_residual_escape_postprocess_fallback__five_transistor_ota__seed_6,001,llm_full_residual_escape_postprocess_fallback,LLM diagnosis + repair,five_transistor_ota,5T,dc_gain_02_M1_gm_id_increase,dc_gain,spice_small_perturbation,True,saturation_margin,dc_gain,0.36602,0.001016,0.044522
llm_full_residual_escape_postprocess_fallback__five_transistor_ota__seed_6,001,llm_full_residual_escape_postprocess_fallback,LLM diagnosis + repair,five_transistor_ota,5T,dc_gain_01_M2_L_increase,dc_gain,spice_small_perturbation,True,dc_gain|saturation_margin,,0.378585,0.0,0.046159
llm_full_residual_escape_postprocess_fallback__five_transistor_ota__seed_6,001,llm_full_residual_escape_postprocess_fallback,LLM diagnosis + repair,five_transistor_ota,5T,dc_gain_03_M4_L_increase,dc_gain,spice_small_perturbation,True,dc_gain,saturation_margin,0.001887,0.05461,-0.014074
llm_full_residual_escape_postprocess_fallback__five_transistor_ota__seed_6,001,llm_full_residual_escape_postprocess_fallback,LLM diagnosis + repair,five_transistor_ota,5T,dc_gain_04_M3_gm_id_increase,dc_gain,spice_small_perturbation,True,dc_gain|saturation_margin,,0.037147,0.0,0.00848
llm_full_residual_escape_postprocess_fallback__five_transistor_ota__seed_6,001,llm_full_residual_escape_postprocess_fallback,LLM diagnosis + repair,five_transistor_ota,5T,dc_gain_05_global_I_tail_increase,dc_gain,spice_small_perturbation,False,,,0.0,0.0,0.0
llm_full_residual_escape_postprocess_fallback__five_transistor_ota__seed_6,001,llm_full_residual_escape_postprocess_fallback,LLM diagnosis + repair,five_transistor_ota,5T,dc_gain_06_M5_gm_id_increase,dc_gain,spice_small_perturbation,False,,,0.0,0.0,0.0
llm_full_residual_escape_postprocess_fallback__five_transistor_ota__seed_6,001,llm_full_residual_escape_postprocess_fallback,LLM diagnosis + repair,five_transistor_ota,5T,dc_gain_07_global_I_tail_decrease,dc_gain,spice_small_perturbation,False,,,0.0,0.0,0.0
llm_full_residual_escape_postprocess_fallback__five_transistor_ota__seed_8,001,llm_full_residual_escape_postprocess_fallback,LLM diagnosis + repair,five_transistor_ota,5T,dc_gain_02_M1_gm_id_increase,dc_gain,spice_small_perturbation,True,saturation_margin,dc_gain|power,0.33406,0.004975,0.410061
llm_full_residual_escape_postprocess_fallback__five_transistor_ota__seed_8,001,llm_full_residual_escape_postprocess_fallback,LLM diagnosis + repair,five_transistor_ota,5T,dc_gain_04_M3_gm_id_increase,dc_gain,spice_small_perturbation,True,dc_gain|saturation_margin,power,0.015703,0.000222,0.020387
llm_full_residual_escape_postprocess_fallback__five_transistor_ota__seed_8,001,llm_full_residual_escape_postprocess_fallback,LLM diagnosis + repair,five_transistor_ota,5T,dc_gain_01_M2_L_increase,dc_gain,spice_small_perturbation,True,dc_gain|power,saturation_margin,0.010086,0.08139,-0.1111
llm_full_residual_escape_postprocess_fallback__five_transistor_ota__seed_8,001,llm_full_residual_escape_postprocess_fallback,LLM diagnosis + repair,five_transistor_ota,5T,dc_gain_03_M4_L_increase,dc_gain,spice_small_perturbation,True,dc_gain|power,saturation_margin,9.200000000000001e-05,0.00057,-0.000762
llm_full_residual_escape_postprocess_fallback__five_transistor_ota__seed_8,001,llm_full_residual_escape_postprocess_fallback,LLM diagnosis + repair,five_transistor_ota,5T,dc_gain_05_global_I_tail_increase,dc_gain,spice_small_perturbation,False,,,0.0,0.0,0.0
llm_full_residual_escape_postprocess_fallback__five_transistor_ota__seed_8,001,llm_full_residual_escape_postprocess_fallback,LLM diagnosis + repair,five_transistor_ota,5T,dc_gain_06_M5_gm_id_increase,dc_gain,spice_small_perturbation,False,,,0.0,0.0,0.0
llm_full_residual_escape_postprocess_fallback__five_transistor_ota__seed_8,001,llm_full_residual_escape_postprocess_fallback,LLM diagnosis + repair,five_transistor_ota,5T,dc_gain_07_global_I_tail_decrease,dc_gain,spice_small_perturbation,False,,,0.0,0.0,0.0
llm_full_residual_escape_postprocess_fallback__five_transistor_ota__seed_8,002,llm_full_residual_escape_postprocess_fallback,LLM diagnosis + repair,five_transistor_ota,5T,dc_gain_02_M1_gm_id_increase,dc_gain,spice_small_perturbation,True,saturation_margin,dc_gain,0.3167,0.000405,0.350987
llm_full_residual_escape_postprocess_fallback__five_transistor_ota__seed_8,002,llm_full_residual_escape_postprocess_fallback,LLM diagnosis + repair,five_transistor_ota,5T,dc_gain_04_M3_gm_id_increase,dc_gain,spice_small_perturbation,True,dc_gain|saturation_margin,,0.020221,0.0,0.023522
llm_full_residual_escape_postprocess_fallback__five_transistor_ota__seed_8,002,llm_full_residual_escape_postprocess_fallback,LLM diagnosis + repair,five_transistor_ota,5T,dc_gain_01_M2_L_increase,dc_gain,spice_small_perturbation,True,dc_gain|saturation_margin,,0.056917,0.0,0.055225
llm_full_residual_escape_postprocess_fallback__five_transistor_ota__seed_8,002,llm_full_residual_escape_postprocess_fallback,LLM diagnosis + repair,five_transistor_ota,5T,dc_gain_03_M4_L_increase,dc_gain,spice_small_perturbation,False,,,0.0,0.0,0.0
llm_full_residual_escape_postprocess_fallback__five_transistor_ota__seed_8,002,llm_full_residual_escape_postprocess_fallback,LLM diagnosis + repair,five_transistor_ota,5T,dc_gain_05_global_I_tail_increase,dc_gain,spice_small_perturbation,False,,,0.0,0.0,0.0
llm_full_residual_escape_postprocess_fallback__five_transistor_ota__seed_8,002,llm_full_residual_escape_postprocess_fallback,LLM diagnosis + repair,five_transistor_ota,5T,dc_gain_06_M5_gm_id_increase,dc_gain,spice_small_perturbation,False,,,0.0,0.0,0.0
llm_full_residual_escape_postprocess_fallback__five_transistor_ota__seed_8,002,llm_full_residual_escape_postprocess_fallback,LLM diagnosis + repair,five_transistor_ota,5T,dc_gain_07_global_I_tail_decrease,dc_gain,spice_small_perturbation,False,,,0.0,0.0,0.0
llm_full_residual_escape_postprocess_fallback__five_transistor_ota__seed_9,001,llm_full_residual_escape_postprocess_fallback,LLM diagnosis + repair,five_transistor_ota,5T,dc_gain_02_M1_gm_id_increase,dc_gain,spice_small_perturbation,True,saturation_margin,dc_gain,0.34496,0.000108,0.502535
llm_full_residual_escape_postprocess_fallback__five_transistor_ota__seed_9,001,llm_full_residual_escape_postprocess_fallback,LLM diagnosis + repair,five_transistor_ota,5T,dc_gain_04_M3_gm_id_increase,dc_gain,spice_small_perturbation,True,dc_gain|saturation_margin,,0.023429000000000002,0.0,0.035031
llm_full_residual_escape_postprocess_fallback__five_transistor_ota__seed_9,001,llm_full_residual_escape_postprocess_fallback,LLM diagnosis + repair,five_transistor_ota,5T,dc_gain_01_M2_L_increase,dc_gain,spice_small_perturbation,True,dc_gain,saturation_margin,0.009081,0.26469,-0.439022
llm_full_residual_escape_postprocess_fallback__five_transistor_ota__seed_9,001,llm_full_residual_escape_postprocess_fallback,LLM diagnosis + repair,five_transistor_ota,5T,dc_gain_03_M4_L_increase,dc_gain,spice_small_perturbation,True,dc_gain,saturation_margin,0.003562,0.05784,-0.091863
llm_full_residual_escape_postprocess_fallback__five_transistor_ota__seed_9,001,llm_full_residual_escape_postprocess_fallback,LLM diagnosis + repair,five_transistor_ota,5T,dc_gain_05_global_I_tail_increase,dc_gain,spice_small_perturbation,False,,,0.0,0.0,0.0
llm_full_residual_escape_postprocess_fallback__five_transistor_ota__seed_9,001,llm_full_residual_escape_postprocess_fallback,LLM diagnosis + repair,five_transistor_ota,5T,dc_gain_06_M5_gm_id_increase,dc_gain,spice_small_perturbation,False,,,0.0,0.0,0.0
llm_full_residual_escape_postprocess_fallback__five_transistor_ota__seed_9,001,llm_full_residual_escape_postprocess_fallback,LLM diagnosis + repair,five_transistor_ota,5T,dc_gain_07_global_I_tail_decrease,dc_gain,spice_small_perturbation,False,,,0.0,0.0,0.0
llm_full_residual_escape_postprocess_fallback__five_transistor_ota__seed_9,002,llm_full_residual_escape_postprocess_fallback,LLM diagnosis + repair,five_transistor_ota,5T,dc_gain_02_M1_gm_id_increase,dc_gain,spice_small_perturbation,True,saturation_margin,dc_gain,0.32954,0.000127,0.103194
llm_full_residual_escape_postprocess_fallback__five_transistor_ota__seed_9,002,llm_full_residual_escape_postprocess_fallback,LLM diagnosis + repair,five_transistor_ota,5T,dc_gain_01_M2_L_increase,dc_gain,spice_small_perturbation,True,dc_gain,saturation_margin,0.009616,0.15994,-0.075751
llm_full_residual_escape_postprocess_fallback__five_transistor_ota__seed_9,002,llm_full_residual_escape_postprocess_fallback,LLM diagnosis + repair,five_transistor_ota,5T,dc_gain_03_M4_L_increase,dc_gain,spice_small_perturbation,True,dc_gain,saturation_margin,0.004679,0.05111,-0.022257
llm_full_residual_escape_postprocess_fallback__five_transistor_ota__seed_9,002,llm_full_residual_escape_postprocess_fallback,LLM diagnosis + repair,five_transistor_ota,5T,dc_gain_04_M3_gm_id_increase,dc_gain,spice_small_perturbation,True,dc_gain|saturation_margin,,0.021291,0.0,0.008603
llm_full_residual_escape_postprocess_fallback__five_transistor_ota__seed_9,002,llm_full_residual_escape_postprocess_fallback,LLM diagnosis + repair,five_transistor_ota,5T,dc_gain_05_global_I_tail_increase,dc_gain,spice_small_perturbation,False,,,0.0,0.0,0.0
llm_full_residual_escape_postprocess_fallback__five_transistor_ota__seed_9,002,llm_full_residual_escape_postprocess_fallback,LLM diagnosis + repair,five_transistor_ota,5T,dc_gain_06_M5_gm_id_increase,dc_gain,spice_small_perturbation,False,,,0.0,0.0,0.0
llm_full_residual_escape_postprocess_fallback__five_transistor_ota__seed_9,002,llm_full_residual_escape_postprocess_fallback,LLM diagnosis + repair,five_transistor_ota,5T,dc_gain_07_global_I_tail_decrease,dc_gain,spice_small_perturbation,False,,,0.0,0.0,0.0
llm_full_residual_escape_postprocess_fallback__five_transistor_ota__seed_9,003,llm_full_residual_escape_postprocess_fallback,LLM diagnosis + repair,five_transistor_ota,5T,dc_gain_02_M1_gm_id_increase,dc_gain,spice_small_perturbation,True,saturation_margin,dc_gain,0.34496,0.000108,0.502535
llm_full_residual_escape_postprocess_fallback__five_transistor_ota__seed_9,003,llm_full_residual_escape_postprocess_fallback,LLM diagnosis + repair,five_transistor_ota,5T,dc_gain_04_M3_gm_id_increase,dc_gain,spice_small_perturbation,True,dc_gain|saturation_margin,,0.023429000000000002,0.0,0.035031
llm_full_residual_escape_postprocess_fallback__five_transistor_ota__seed_9,003,llm_full_residual_escape_postprocess_fallback,LLM diagnosis + repair,five_transistor_ota,5T,dc_gain_01_M2_L_increase,dc_gain,spice_small_perturbation,True,dc_gain,saturation_margin,0.009081,0.26469,-0.439022
llm_full_residual_escape_postprocess_fallback__five_transistor_ota__seed_9,003,llm_full_residual_escape_postprocess_fallback,LLM diagnosis + repair,five_transistor_ota,5T,dc_gain_03_M4_L_increase,dc_gain,spice_small_perturbation,True,dc_gain,saturation_margin,0.003562,0.05784,-0.091863
llm_full_residual_escape_postprocess_fallback__five_transistor_ota__seed_9,003,llm_full_residual_escape_postprocess_fallback,LLM diagnosis + repair,five_transistor_ota,5T,dc_gain_05_global_I_tail_increase,dc_gain,spice_small_perturbation,False,,,0.0,0.0,0.0
llm_full_residual_escape_postprocess_fallback__five_transistor_ota__seed_9,003,llm_full_residual_escape_postprocess_fallback,LLM diagnosis + repair,five_transistor_ota,5T,dc_gain_06_M5_gm_id_increase,dc_gain,spice_small_perturbation,False,,,0.0,0.0,0.0
llm_full_residual_escape_postprocess_fallback__five_transistor_ota__seed_9,003,llm_full_residual_escape_postprocess_fallback,LLM diagnosis + repair,five_transistor_ota,5T,dc_gain_07_global_I_tail_decrease,dc_gain,spice_small_perturbation,False,,,0.0,0.0,0.0
llm_full_residual_escape_postprocess_fallback__five_transistor_ota__seed_9,004,llm_full_residual_escape_postprocess_fallback,LLM diagnosis + repair,five_transistor_ota,5T,dc_gain_02_M1_gm_id_increase,dc_gain,spice_small_perturbation,True,saturation_margin,dc_gain,0.32954,0.000127,0.103194
llm_full_residual_escape_postprocess_fallback__five_transistor_ota__seed_9,004,llm_full_residual_escape_postprocess_fallback,LLM diagnosis + repair,five_transistor_ota,5T,dc_gain_01_M2_L_increase,dc_gain,spice_small_perturbation,True,dc_gain,saturation_margin,0.009616,0.15994,-0.075751
llm_full_residual_escape_postprocess_fallback__five_transistor_ota__seed_9,004,llm_full_residual_escape_postprocess_fallback,LLM diagnosis + repair,five_transistor_ota,5T,dc_gain_03_M4_L_increase,dc_gain,spice_small_perturbation,True,dc_gain,saturation_margin,0.004679,0.05111,-0.022257
llm_full_residual_escape_postprocess_fallback__five_transistor_ota__seed_9,004,llm_full_residual_escape_postprocess_fallback,LLM diagnosis + repair,five_transistor_ota,5T,dc_gain_04_M3_gm_id_increase,dc_gain,spice_small_perturbation,True,dc_gain|saturation_margin,,0.021291,0.0,0.008603
llm_full_residual_escape_postprocess_fallback__five_transistor_ota__seed_9,004,llm_full_residual_escape_postprocess_fallback,LLM diagnosis + repair,five_transistor_ota,5T,dc_gain_05_global_I_tail_increase,dc_gain,spice_small_perturbation,False,,,0.0,0.0,0.0
llm_full_residual_escape_postprocess_fallback__five_transistor_ota__seed_9,004,llm_full_residual_escape_postprocess_fallback,LLM diagnosis + repair,five_transistor_ota,5T,dc_gain_06_M5_gm_id_increase,dc_gain,spice_small_perturbation,False,,,0.0,0.0,0.0
llm_full_residual_escape_postprocess_fallback__five_transistor_ota__seed_9,004,llm_full_residual_escape_postprocess_fallback,LLM diagnosis + repair,five_transistor_ota,5T,dc_gain_07_global_I_tail_decrease,dc_gain,spice_small_perturbation,False,,,0.0,0.0,0.0
llm_full_residual_escape_postprocess_fallback__current_mirror_ota_ihp130__seed_2,001,llm_full_residual_escape_postprocess_fallback,LLM diagnosis + repair,current_mirror_ota_ihp130,Current mirror,dc_gain_01_global_vbias_set,dc_gain,spice_small_perturbation,True,dc_gain|output_swing,saturation_margin,0.083975,1.253021,-24.562212
llm_full_residual_escape_postprocess_fallback__current_mirror_ota_ihp130__seed_2,001,llm_full_residual_escape_postprocess_fallback,LLM diagnosis + repair,current_mirror_ota_ihp130,Current mirror,dc_gain_04_M3_gm_id_increase,dc_gain,spice_small_perturbation,True,dc_gain|output_swing|saturation_margin,,0.051717,0.0,0.474257
llm_full_residual_escape_postprocess_fallback__current_mirror_ota_ihp130__seed_2,001,llm_full_residual_escape_postprocess_fallback,LLM diagnosis + repair,current_mirror_ota_ihp130,Current mirror,dc_gain_02_global_vbias_set,dc_gain,spice_small_perturbation,True,dc_gain|output_swing|saturation_margin,,19.131927,0.0,244.752135
llm_full_residual_escape_postprocess_fallback__current_mirror_ota_ihp130__seed_2,001,llm_full_residual_escape_postprocess_fallback,LLM diagnosis + repair,current_mirror_ota_ihp130,Current mirror,dc_gain_03_M1_gm_id_increase,dc_gain,spice_small_perturbation,True,saturation_margin,dc_gain|output_swing,0.462478,0.028482,8.801058
llm_full_residual_escape_postprocess_fallback__current_mirror_ota_ihp130__seed_2,001,llm_full_residual_escape_postprocess_fallback,LLM diagnosis + repair,current_mirror_ota_ihp130,Current mirror,dc_gain_05_M2_L_increase,dc_gain,spice_small_perturbation,True,dc_gain|output_swing,saturation_margin,0.022260000000000002,0.366474,-7.074859
llm_full_residual_escape_postprocess_fallback__current_mirror_ota_ihp130__seed_2,001,llm_full_residual_escape_postprocess_fallback,LLM diagnosis + repair,current_mirror_ota_ihp130,Current mirror,dc_gain_06_M4_L_increase,dc_gain,spice_small_perturbation,False,,dc_gain|output_swing|saturation_margin,0.0,0.081523,-0.650586
llm_full_residual_escape_postprocess_fallback__current_mirror_ota_ihp130__seed_2,001,llm_full_residual_escape_postprocess_fallback,LLM diagnosis + repair,current_mirror_ota_ihp130,Current mirror,dc_gain_07_M5_gm_id_increase,dc_gain,spice_small_perturbation,False,,dc_gain|output_swing|saturation_margin,0.0,0.105818,-1.97109
llm_full_residual_escape_postprocess_fallback__current_mirror_ota_ihp130__seed_2,001,llm_full_residual_escape_postprocess_fallback,LLM diagnosis + repair,current_mirror_ota_ihp130,Current mirror,dc_gain_08_global_I_tail_decrease,dc_gain,spice_small_perturbation,False,,,0.0,0.0,0.0
llm_full_residual_escape_postprocess_fallback__current_mirror_ota_ihp130__seed_2,002,llm_full_residual_escape_postprocess_fallback,LLM diagnosis + repair,current_mirror_ota_ihp130,Current mirror,dc_gain_01_global_vbias_set,dc_gain,spice_small_perturbation,True,dc_gain|output_swing,saturation_margin,0.083975,1.253021,-24.562212
llm_full_residual_escape_postprocess_fallback__current_mirror_ota_ihp130__seed_2,002,llm_full_residual_escape_postprocess_fallback,LLM diagnosis + repair,current_mirror_ota_ihp130,Current mirror,dc_gain_04_M3_gm_id_increase,dc_gain,spice_small_perturbation,True,dc_gain|output_swing|saturation_margin,,0.051717,0.0,0.474257
llm_full_residual_escape_postprocess_fallback__current_mirror_ota_ihp130__seed_2,002,llm_full_residual_escape_postprocess_fallback,LLM diagnosis + repair,current_mirror_ota_ihp130,Current mirror,dc_gain_02_global_vbias_set,dc_gain,spice_small_perturbation,True,dc_gain|output_swing|saturation_margin,,19.131927,0.0,244.752135
llm_full_residual_escape_postprocess_fallback__current_mirror_ota_ihp130__seed_2,002,llm_full_residual_escape_postprocess_fallback,LLM diagnosis + repair,current_mirror_ota_ihp130,Current mirror,dc_gain_03_M1_gm_id_increase,dc_gain,spice_small_perturbation,True,saturation_margin,dc_gain|output_swing,0.462478,0.028482,8.801058
llm_full_residual_escape_postprocess_fallback__current_mirror_ota_ihp130__seed_2,002,llm_full_residual_escape_postprocess_fallback,LLM diagnosis + repair,current_mirror_ota_ihp130,Current mirror,dc_gain_05_M2_L_increase,dc_gain,spice_small_perturbation,True,dc_gain|output_swing,saturation_margin,0.022260000000000002,0.366474,-7.074859
llm_full_residual_escape_postprocess_fallback__current_mirror_ota_ihp130__seed_2,002,llm_full_residual_escape_postprocess_fallback,LLM diagnosis + repair,current_mirror_ota_ihp130,Current mirror,dc_gain_06_M4_L_increase,dc_gain,spice_small_perturbation,False,,dc_gain|output_swing|saturation_margin,0.0,0.081523,-0.650586
llm_full_residual_escape_postprocess_fallback__current_mirror_ota_ihp130__seed_2,002,llm_full_residual_escape_postprocess_fallback,LLM diagnosis + repair,current_mirror_ota_ihp130,Current mirror,dc_gain_07_M5_gm_id_increase,dc_gain,spice_small_perturbation,False,,dc_gain|output_swing|saturation_margin,0.0,0.105818,-1.97109
llm_full_residual_escape_postprocess_fallback__current_mirror_ota_ihp130__seed_2,002,llm_full_residual_escape_postprocess_fallback,LLM diagnosis + repair,current_mirror_ota_ihp130,Current mirror,dc_gain_08_global_I_tail_decrease,dc_gain,spice_small_perturbation,False,,,0.0,0.0,0.0
llm_full_residual_escape_postprocess_fallback__current_mirror_ota_ihp130__seed_2,003,llm_full_residual_escape_postprocess_fallback,LLM diagnosis + repair,current_mirror_ota_ihp130,Current mirror,dc_gain_01_global_vbias_set,dc_gain,spice_small_perturbation,True,dc_gain,saturation_margin,0.07073,2.31551,-32.034016
llm_full_residual_escape_postprocess_fallback__current_mirror_ota_ihp130__seed_2,003,llm_full_residual_escape_postprocess_fallback,LLM diagnosis + repair,current_mirror_ota_ihp130,Current mirror,dc_gain_06_M3_gm_id_increase,dc_gain,spice_small_perturbation,True,dc_gain|saturation_margin,,0.034777999999999996,0.0,0.367612
llm_full_residual_escape_postprocess_fallback__current_mirror_ota_ihp130__seed_2,003,llm_full_residual_escape_postprocess_fallback,LLM diagnosis + repair,current_mirror_ota_ihp130,Current mirror,dc_gain_02_global_vbias_set,dc_gain,spice_small_perturbation,True,dc_gain|saturation_margin,,10.681163999999999,0.0,101.37318
llm_full_residual_escape_postprocess_fallback__current_mirror_ota_ihp130__seed_2,003,llm_full_residual_escape_postprocess_fallback,LLM diagnosis + repair,current_mirror_ota_ihp130,Current mirror,dc_gain_03_M2_L_increase,dc_gain,spice_small_perturbation,True,dc_gain,saturation_margin,0.012255,0.411218,-5.427301
llm_full_residual_escape_postprocess_fallback__current_mirror_ota_ihp130__seed_2,003,llm_full_residual_escape_postprocess_fallback,LLM diagnosis + repair,current_mirror_ota_ihp130,Current mirror,dc_gain_04_M1_gm_id_increase,dc_gain,spice_small_perturbation,True,saturation_margin,dc_gain,0.595935,0.005508,7.667067
llm_full_residual_escape_postprocess_fallback__current_mirror_ota_ihp130__seed_2,003,llm_full_residual_escape_postprocess_fallback,LLM diagnosis + repair,current_mirror_ota_ihp130,Current mirror,dc_gain_05_M4_L_increase,dc_gain,spice_small_perturbation,False,,dc_gain|saturation_margin,0.0,0.042239,-0.457113
llm_full_residual_escape_postprocess_fallback__current_mirror_ota_ihp130__seed_2,003,llm_full_residual_escape_postprocess_fallback,LLM diagnosis + repair,current_mirror_ota_ihp130,Current mirror,dc_gain_07_global_I_tail_increase,dc_gain,spice_small_perturbation,False,,,0.0,0.0,0.0
llm_full_residual_escape_postprocess_fallback__current_mirror_ota_ihp130__seed_2,003,llm_full_residual_escape_postprocess_fallback,LLM diagnosis + repair,current_mirror_ota_ihp130,Current mirror,dc_gain_08_M5_gm_id_increase,dc_gain,spice_small_perturbation,False,,dc_gain|saturation_margin,0.0,0.10032,-1.305812
llm_full_residual_escape_postprocess_fallback__current_mirror_ota_ihp130__seed_5,001,llm_full_residual_escape_postprocess_fallback,LLM diagnosis + repair,current_mirror_ota_ihp130,Current mirror,dc_gain_01_global_vbias_set,dc_gain,spice_small_perturbation,True,dc_gain,saturation_margin,0.056721,4.37319,-28.212643
llm_full_residual_escape_postprocess_fallback__current_mirror_ota_ihp130__seed_5,001,llm_full_residual_escape_postprocess_fallback,LLM diagnosis + repair,current_mirror_ota_ihp130,Current mirror,dc_gain_06_M3_gm_id_increase,dc_gain,spice_small_perturbation,True,dc_gain|saturation_margin,,0.03667,0.0,0.165493
llm_full_residual_escape_postprocess_fallback__current_mirror_ota_ihp130__seed_5,001,llm_full_residual_escape_postprocess_fallback,LLM diagnosis + repair,current_mirror_ota_ihp130,Current mirror,dc_gain_02_global_vbias_set,dc_gain,spice_small_perturbation,True,dc_gain|saturation_margin,,1.998245,0.0,8.630841
llm_full_residual_escape_postprocess_fallback__current_mirror_ota_ihp130__seed_5,001,llm_full_residual_escape_postprocess_fallback,LLM diagnosis + repair,current_mirror_ota_ihp130,Current mirror,dc_gain_03_M2_L_increase,dc_gain,spice_small_perturbation,True,dc_gain,saturation_margin,0.01056,0.50105,-2.584872
llm_full_residual_escape_postprocess_fallback__current_mirror_ota_ihp130__seed_5,001,llm_full_residual_escape_postprocess_fallback,LLM diagnosis + repair,current_mirror_ota_ihp130,Current mirror,dc_gain_04_M1_gm_id_increase,dc_gain,spice_small_perturbation,True,saturation_margin,dc_gain,0.67811,0.001702,3.233387
llm_full_residual_escape_postprocess_fallback__current_mirror_ota_ihp130__seed_5,001,llm_full_residual_escape_postprocess_fallback,LLM diagnosis + repair,current_mirror_ota_ihp130,Current mirror,dc_gain_05_M4_L_increase,dc_gain,spice_small_perturbation,False,,dc_gain|saturation_margin,0.0,0.055055999999999994,-0.255739
llm_full_residual_escape_postprocess_fallback__current_mirror_ota_ihp130__seed_5,001,llm_full_residual_escape_postprocess_fallback,LLM diagnosis + repair,current_mirror_ota_ihp130,Current mirror,dc_gain_07_global_I_tail_increase,dc_gain,spice_small_perturbation,False,,,0.0,0.0,0.0
llm_full_residual_escape_postprocess_fallback__current_mirror_ota_ihp130__seed_5,001,llm_full_residual_escape_postprocess_fallback,LLM diagnosis + repair,current_mirror_ota_ihp130,Current mirror,dc_gain_08_M5_gm_id_increase,dc_gain,spice_small_perturbation,False,,dc_gain|saturation_margin,0.0,0.476331,-2.443297
llm_full_residual_escape_postprocess_fallback__current_mirror_ota_ihp130__seed_5,002,llm_full_residual_escape_postprocess_fallback,LLM diagnosis + repair,current_mirror_ota_ihp130,Current mirror,dc_gain_01_global_vbias_set,dc_gain,spice_small_perturbation,True,dc_gain,saturation_margin,0.065603,3.00616,-21.980572
llm_full_residual_escape_postprocess_fallback__current_mirror_ota_ihp130__seed_5,002,llm_full_residual_escape_postprocess_fallback,LLM diagnosis + repair,current_mirror_ota_ihp130,Current mirror,dc_gain_05_M3_gm_id_increase,dc_gain,spice_small_perturbation,True,dc_gain|saturation_margin,,0.042428,0.0,0.238528
llm_full_residual_escape_postprocess_fallback__current_mirror_ota_ihp130__seed_5,002,llm_full_residual_escape_postprocess_fallback,LLM diagnosis + repair,current_mirror_ota_ihp130,Current mirror,dc_gain_02_M2_L_increase,dc_gain,spice_small_perturbation,True,dc_gain,saturation_margin,0.010571,0.47745,-3.087999
llm_full_residual_escape_postprocess_fallback__current_mirror_ota_ihp130__seed_5,002,llm_full_residual_escape_postprocess_fallback,LLM diagnosis + repair,current_mirror_ota_ihp130,Current mirror,dc_gain_03_M1_gm_id_increase,dc_gain,spice_small_perturbation,True,saturation_margin,dc_gain,0.74399,0.002308,4.511082
llm_full_residual_escape_postprocess_fallback__current_mirror_ota_ihp130__seed_5,002,llm_full_residual_escape_postprocess_fallback,LLM diagnosis + repair,current_mirror_ota_ihp130,Current mirror,dc_gain_04_M4_L_increase,dc_gain,spice_small_perturbation,False,,dc_gain|saturation_margin,0.0,0.054703999999999996,-0.315291
llm_full_residual_escape_postprocess_fallback__current_mirror_ota_ihp130__seed_5,002,llm_full_residual_escape_postprocess_fallback,LLM diagnosis + repair,current_mirror_ota_ihp130,Current mirror,dc_gain_06_global_I_tail_increase,dc_gain,spice_small_perturbation,False,,,0.0,0.0,0.0
llm_full_residual_escape_postprocess_fallback__current_mirror_ota_ihp130__seed_5,002,llm_full_residual_escape_postprocess_fallback,LLM diagnosis + repair,current_mirror_ota_ihp130,Current mirror,dc_gain_07_M5_gm_id_increase,dc_gain,spice_small_perturbation,False,,,0.0,0.0,0.0
llm_full_residual_escape_postprocess_fallback__current_mirror_ota_ihp130__seed_5,002,llm_full_residual_escape_postprocess_fallback,LLM diagnosis + repair,current_mirror_ota_ihp130,Current mirror,dc_gain_08_global_I_tail_decrease,dc_gain,spice_small_perturbation,False,,,0.0,0.0,0.0
llm_full_residual_escape_postprocess_fallback__current_mirror_ota_ihp130__seed_7,001,llm_full_residual_escape_postprocess_fallback,LLM diagnosis + repair,current_mirror_ota_ihp130,Current mirror,dc_gain_01_global_vbias_set,dc_gain,spice_small_perturbation,True,dc_gain,saturation_margin,0.041465,2.794944,-31.845487
llm_full_residual_escape_postprocess_fallback__current_mirror_ota_ihp130__seed_7,001,llm_full_residual_escape_postprocess_fallback,LLM diagnosis + repair,current_mirror_ota_ihp130,Current mirror,dc_gain_06_M3_gm_id_increase,dc_gain,spice_small_perturbation,True,dc_gain|saturation_margin,,0.019975,0.0,0.181975
llm_full_residual_escape_postprocess_fallback__current_mirror_ota_ihp130__seed_7,001,llm_full_residual_escape_postprocess_fallback,LLM diagnosis + repair,current_mirror_ota_ihp130,Current mirror,dc_gain_02_global_vbias_set,dc_gain,spice_small_perturbation,True,dc_gain|saturation_margin,,8.475719,0.0,64.661289
llm_full_residual_escape_postprocess_fallback__current_mirror_ota_ihp130__seed_7,001,llm_full_residual_escape_postprocess_fallback,LLM diagnosis + repair,current_mirror_ota_ihp130,Current mirror,dc_gain_03_M2_L_increase,dc_gain,spice_small_perturbation,True,dc_gain,saturation_margin,0.009777,0.566677,-6.035372
llm_full_residual_escape_postprocess_fallback__current_mirror_ota_ihp130__seed_7,001,llm_full_residual_escape_postprocess_fallback,LLM diagnosis + repair,current_mirror_ota_ihp130,Current mirror,dc_gain_04_M1_gm_id_increase,dc_gain,spice_small_perturbation,True,saturation_margin,dc_gain,0.501468,0.001626,5.163096
llm_full_residual_escape_postprocess_fallback__current_mirror_ota_ihp130__seed_7,001,llm_full_residual_escape_postprocess_fallback,LLM diagnosis + repair,current_mirror_ota_ihp130,Current mirror,dc_gain_05_M4_L_increase,dc_gain,spice_small_perturbation,False,,dc_gain|saturation_margin,0.0,0.04158,-0.409427
llm_full_residual_escape_postprocess_fallback__current_mirror_ota_ihp130__seed_7,001,llm_full_residual_escape_postprocess_fallback,LLM diagnosis + repair,current_mirror_ota_ihp130,Current mirror,dc_gain_07_global_I_tail_increase,dc_gain,spice_small_perturbation,False,,,0.0,0.0,0.0
llm_full_residual_escape_postprocess_fallback__current_mirror_ota_ihp130__seed_7,001,llm_full_residual_escape_postprocess_fallback,LLM diagnosis + repair,current_mirror_ota_ihp130,Current mirror,dc_gain_08_M5_gm_id_increase,dc_gain,spice_small_perturbation,False,,dc_gain|saturation_margin,0.0,0.135103,-1.413949
llm_full_residual_escape_postprocess_fallback__current_mirror_ota_ihp130__seed_7,002,llm_full_residual_escape_postprocess_fallback,LLM diagnosis + repair,current_mirror_ota_ihp130,Current mirror,dc_gain_01_global_vbias_set,dc_gain,spice_small_perturbation,True,dc_gain,saturation_margin,0.044362,3.927974,-59.74981
llm_full_residual_escape_postprocess_fallback__current_mirror_ota_ihp130__seed_7,002,llm_full_residual_escape_postprocess_fallback,LLM diagnosis + repair,current_mirror_ota_ihp130,Current mirror,dc_gain_06_M3_gm_id_increase,dc_gain,spice_small_perturbation,True,dc_gain|saturation_margin,,0.030189,0.0,0.333805
llm_full_residual_escape_postprocess_fallback__current_mirror_ota_ihp130__seed_7,002,llm_full_residual_escape_postprocess_fallback,LLM diagnosis + repair,current_mirror_ota_ihp130,Current mirror,dc_gain_02_global_vbias_set,dc_gain,spice_small_perturbation,True,dc_gain|saturation_margin,,15.957659,0.0,136.872854
llm_full_residual_escape_postprocess_fallback__current_mirror_ota_ihp130__seed_7,002,llm_full_residual_escape_postprocess_fallback,LLM diagnosis + repair,current_mirror_ota_ihp130,Current mirror,dc_gain_03_M2_L_increase,dc_gain,spice_small_perturbation,True,dc_gain,saturation_margin,0.011728,0.443913,-6.235794
llm_full_residual_escape_postprocess_fallback__current_mirror_ota_ihp130__seed_7,002,llm_full_residual_escape_postprocess_fallback,LLM diagnosis + repair,current_mirror_ota_ihp130,Current mirror,dc_gain_04_M1_gm_id_increase,dc_gain,spice_small_perturbation,True,saturation_margin,dc_gain,0.521626,0.004679,7.160878
llm_full_residual_escape_postprocess_fallback__current_mirror_ota_ihp130__seed_7,002,llm_full_residual_escape_postprocess_fallback,LLM diagnosis + repair,current_mirror_ota_ihp130,Current mirror,dc_gain_05_M4_L_increase,dc_gain,spice_small_perturbation,False,,dc_gain|saturation_margin,0.0,0.042391,-0.497806
llm_full_residual_escape_postprocess_fallback__current_mirror_ota_ihp130__seed_7,002,llm_full_residual_escape_postprocess_fallback,LLM diagnosis + repair,current_mirror_ota_ihp130,Current mirror,dc_gain_07_global_I_tail_increase,dc_gain,spice_small_perturbation,False,,,0.0,0.0,0.0
llm_full_residual_escape_postprocess_fallback__current_mirror_ota_ihp130__seed_7,002,llm_full_residual_escape_postprocess_fallback,LLM diagnosis + repair,current_mirror_ota_ihp130,Current mirror,dc_gain_08_M5_gm_id_increase,dc_gain,spice_small_perturbation,False,,,0.0,0.0,0.0
llm_full_residual_escape_postprocess_fallback__current_mirror_ota_ihp130__seed_8,001,llm_full_residual_escape_postprocess_fallback,LLM diagnosis + repair,current_mirror_ota_ihp130,Current mirror,dc_gain_01_global_vbias_set,dc_gain,spice_small_perturbation,True,dc_gain,saturation_margin,0.0692,5.95992,-18.885804
llm_full_residual_escape_postprocess_fallback__current_mirror_ota_ihp130__seed_8,001,llm_full_residual_escape_postprocess_fallback,LLM diagnosis + repair,current_mirror_ota_ihp130,Current mirror,dc_gain_06_M3_gm_id_increase,dc_gain,spice_small_perturbation,True,dc_gain|saturation_margin,,0.065577,0.0,0.070914
llm_full_residual_escape_postprocess_fallback__current_mirror_ota_ihp130__seed_8,001,llm_full_residual_escape_postprocess_fallback,LLM diagnosis + repair,current_mirror_ota_ihp130,Current mirror,dc_gain_02_global_vbias_set,dc_gain,spice_small_perturbation,False,,dc_gain|saturation_margin,0.0,4.542265,-12.158479
llm_full_residual_escape_postprocess_fallback__current_mirror_ota_ihp130__seed_8,001,llm_full_residual_escape_postprocess_fallback,LLM diagnosis + repair,current_mirror_ota_ihp130,Current mirror,dc_gain_03_M2_L_increase,dc_gain,spice_small_perturbation,True,dc_gain,saturation_margin,0.011195,0.30718,-0.393026
llm_full_residual_escape_postprocess_fallback__current_mirror_ota_ihp130__seed_8,001,llm_full_residual_escape_postprocess_fallback,LLM diagnosis + repair,current_mirror_ota_ihp130,Current mirror,dc_gain_04_M1_gm_id_increase,dc_gain,spice_small_perturbation,True,saturation_margin,dc_gain,0.79115,0.002404,0.727268
llm_full_residual_escape_postprocess_fallback__current_mirror_ota_ihp130__seed_8,001,llm_full_residual_escape_postprocess_fallback,LLM diagnosis + repair,current_mirror_ota_ihp130,Current mirror,dc_gain_05_M4_L_increase,dc_gain,spice_small_perturbation,False,,dc_gain|saturation_margin,0.0,0.022987,-0.025723
llm_full_residual_escape_postprocess_fallback__current_mirror_ota_ihp130__seed_8,001,llm_full_residual_escape_postprocess_fallback,LLM diagnosis + repair,current_mirror_ota_ihp130,Current mirror,dc_gain_07_global_I_tail_increase,dc_gain,spice_small_perturbation,False,,,0.0,0.0,0.0
llm_full_residual_escape_postprocess_fallback__current_mirror_ota_ihp130__seed_8,001,llm_full_residual_escape_postprocess_fallback,LLM diagnosis + repair,current_mirror_ota_ihp130,Current mirror,dc_gain_08_M5_gm_id_increase,dc_gain,spice_small_perturbation,False,,dc_gain|saturation_margin,0.0,0.365295,-0.474337
llm_full_residual_escape_postprocess_fallback__current_mirror_ota_ihp130__seed_8,002,llm_full_residual_escape_postprocess_fallback,LLM diagnosis + repair,current_mirror_ota_ihp130,Current mirror,dc_gain_01_global_vbias_set,dc_gain,spice_small_perturbation,True,dc_gain,saturation_margin,0.0692,5.95992,-18.885804
llm_full_residual_escape_postprocess_fallback__current_mirror_ota_ihp130__seed_8,002,llm_full_residual_escape_postprocess_fallback,LLM diagnosis + repair,current_mirror_ota_ihp130,Current mirror,dc_gain_06_M3_gm_id_increase,dc_gain,spice_small_perturbation,True,dc_gain|saturation_margin,,0.065577,0.0,0.070914
llm_full_residual_escape_postprocess_fallback__current_mirror_ota_ihp130__seed_8,002,llm_full_residual_escape_postprocess_fallback,LLM diagnosis + repair,current_mirror_ota_ihp130,Current mirror,dc_gain_02_global_vbias_set,dc_gain,spice_small_perturbation,False,,dc_gain|saturation_margin,0.0,4.542265,-12.158479
llm_full_residual_escape_postprocess_fallback__current_mirror_ota_ihp130__seed_8,002,llm_full_residual_escape_postprocess_fallback,LLM diagnosis + repair,current_mirror_ota_ihp130,Current mirror,dc_gain_03_M2_L_increase,dc_gain,spice_small_perturbation,True,dc_gain,saturation_margin,0.011195,0.30718,-0.393026
llm_full_residual_escape_postprocess_fallback__current_mirror_ota_ihp130__seed_8,002,llm_full_residual_escape_postprocess_fallback,LLM diagnosis + repair,current_mirror_ota_ihp130,Current mirror,dc_gain_04_M1_gm_id_increase,dc_gain,spice_small_perturbation,True,saturation_margin,dc_gain,0.79115,0.002404,0.727268
llm_full_residual_escape_postprocess_fallback__current_mirror_ota_ihp130__seed_8,002,llm_full_residual_escape_postprocess_fallback,LLM diagnosis + repair,current_mirror_ota_ihp130,Current mirror,dc_gain_05_M4_L_increase,dc_gain,spice_small_perturbation,False,,dc_gain|saturation_margin,0.0,0.022987,-0.025723
llm_full_residual_escape_postprocess_fallback__current_mirror_ota_ihp130__seed_8,002,llm_full_residual_escape_postprocess_fallback,LLM diagnosis + repair,current_mirror_ota_ihp130,Current mirror,dc_gain_07_global_I_tail_increase,dc_gain,spice_small_perturbation,False,,,0.0,0.0,0.0
llm_full_residual_escape_postprocess_fallback__current_mirror_ota_ihp130__seed_8,002,llm_full_residual_escape_postprocess_fallback,LLM diagnosis + repair,current_mirror_ota_ihp130,Current mirror,dc_gain_08_M5_gm_id_increase,dc_gain,spice_small_perturbation,False,,dc_gain|saturation_margin,0.0,0.365295,-0.474337
llm_full_residual_escape_postprocess_fallback__current_mirror_ota_ihp130__seed_9,001,llm_full_residual_escape_postprocess_fallback,LLM diagnosis + repair,current_mirror_ota_ihp130,Current mirror,dc_gain_01_global_vbias_set,dc_gain,spice_small_perturbation,True,dc_gain,saturation_margin,0.051836,2.511158,-39.699795
llm_full_residual_escape_postprocess_fallback__current_mirror_ota_ihp130__seed_9,001,llm_full_residual_escape_postprocess_fallback,LLM diagnosis + repair,current_mirror_ota_ihp130,Current mirror,dc_gain_06_M3_gm_id_increase,dc_gain,spice_small_perturbation,True,dc_gain|saturation_margin,,0.016243,0.0,0.215001
llm_full_residual_escape_postprocess_fallback__current_mirror_ota_ihp130__seed_9,001,llm_full_residual_escape_postprocess_fallback,LLM diagnosis + repair,current_mirror_ota_ihp130,Current mirror,dc_gain_02_global_vbias_set,dc_gain,spice_small_perturbation,True,dc_gain|saturation_margin,,21.517945,0.0,167.848086
llm_full_residual_escape_postprocess_fallback__current_mirror_ota_ihp130__seed_9,001,llm_full_residual_escape_postprocess_fallback,LLM diagnosis + repair,current_mirror_ota_ihp130,Current mirror,dc_gain_03_M2_L_increase,dc_gain,spice_small_perturbation,True,dc_gain,saturation_margin,0.00956,0.47692,-7.216021
llm_full_residual_escape_postprocess_fallback__current_mirror_ota_ihp130__seed_9,001,llm_full_residual_escape_postprocess_fallback,LLM diagnosis + repair,current_mirror_ota_ihp130,Current mirror,dc_gain_04_M1_gm_id_increase,dc_gain,spice_small_perturbation,True,saturation_margin,dc_gain,0.418982,0.001131,6.214972
llm_full_residual_escape_postprocess_fallback__current_mirror_ota_ihp130__seed_9,001,llm_full_residual_escape_postprocess_fallback,LLM diagnosis + repair,current_mirror_ota_ihp130,Current mirror,dc_gain_05_M4_L_increase,dc_gain,spice_small_perturbation,False,,dc_gain|saturation_margin,0.0,0.034599000000000005,-0.50212
llm_full_residual_escape_postprocess_fallback__current_mirror_ota_ihp130__seed_9,001,llm_full_residual_escape_postprocess_fallback,LLM diagnosis + repair,current_mirror_ota_ihp130,Current mirror,dc_gain_07_global_I_tail_increase,dc_gain,spice_small_perturbation,False,,,0.0,0.0,0.0
llm_full_residual_escape_postprocess_fallback__current_mirror_ota_ihp130__seed_9,001,llm_full_residual_escape_postprocess_fallback,LLM diagnosis + repair,current_mirror_ota_ihp130,Current mirror,dc_gain_08_M5_gm_id_increase,dc_gain,spice_small_perturbation,False,,dc_gain|saturation_margin,0.0,0.339648,-5.109612
llm_full_residual_escape_postprocess_fallback__current_mirror_ota_ihp130__seed_9,002,llm_full_residual_escape_postprocess_fallback,LLM diagnosis + repair,current_mirror_ota_ihp130,Current mirror,dc_gain_01_global_vbias_set,dc_gain,spice_small_perturbation,True,dc_gain,saturation_margin,0.044275,2.6663,-11.364779
llm_full_residual_escape_postprocess_fallback__current_mirror_ota_ihp130__seed_9,002,llm_full_residual_escape_postprocess_fallback,LLM diagnosis + repair,current_mirror_ota_ihp130,Current mirror,dc_gain_06_M3_gm_id_increase,dc_gain,spice_small_perturbation,True,dc_gain|saturation_margin,,0.015234,0.0,0.048431
llm_full_residual_escape_postprocess_fallback__current_mirror_ota_ihp130__seed_9,002,llm_full_residual_escape_postprocess_fallback,LLM diagnosis + repair,current_mirror_ota_ihp130,Current mirror,dc_gain_02_global_vbias_set,dc_gain,spice_small_perturbation,True,dc_gain|saturation_margin,,1.565615,0.0,4.463443
llm_full_residual_escape_postprocess_fallback__current_mirror_ota_ihp130__seed_9,002,llm_full_residual_escape_postprocess_fallback,LLM diagnosis + repair,current_mirror_ota_ihp130,Current mirror,dc_gain_03_M2_L_increase,dc_gain,spice_small_perturbation,True,dc_gain,saturation_margin,0.010195,0.47982,-1.695023
llm_full_residual_escape_postprocess_fallback__current_mirror_ota_ihp130__seed_9,002,llm_full_residual_escape_postprocess_fallback,LLM diagnosis + repair,current_mirror_ota_ihp130,Current mirror,dc_gain_04_M1_gm_id_increase,dc_gain,spice_small_perturbation,True,saturation_margin,dc_gain,0.42805,0.000602,1.38326
llm_full_residual_escape_postprocess_fallback__current_mirror_ota_ihp130__seed_9,002,llm_full_residual_escape_postprocess_fallback,LLM diagnosis + repair,current_mirror_ota_ihp130,Current mirror,dc_gain_05_M4_L_increase,dc_gain,spice_small_perturbation,True,dc_gain,saturation_margin,0.000226,0.04407,-0.149335
llm_full_residual_escape_postprocess_fallback__current_mirror_ota_ihp130__seed_9,002,llm_full_residual_escape_postprocess_fallback,LLM diagnosis + repair,current_mirror_ota_ihp130,Current mirror,dc_gain_07_global_I_tail_increase,dc_gain,spice_small_perturbation,False,,,0.0,0.0,0.0
llm_full_residual_escape_postprocess_fallback__current_mirror_ota_ihp130__seed_9,002,llm_full_residual_escape_postprocess_fallback,LLM diagnosis + repair,current_mirror_ota_ihp130,Current mirror,dc_gain_08_M5_gm_id_increase,dc_gain,spice_small_perturbation,False,,dc_gain|saturation_margin,0.0,0.41270100000000004,-1.447444
llm_full_residual_escape_postprocess_fallback__two_stage_miller_ota__seed_1,001,llm_full_residual_escape_postprocess_fallback,LLM diagnosis + repair,two_stage_miller_ota,Two-stage,dc_gain_01_M1_gm_id_increase,dc_gain,spice_small_perturbation,True,unity_gain_bandwidth,dc_gain|saturation_margin,0.021017,0.008999,-0.068585
llm_full_residual_escape_postprocess_fallback__two_stage_miller_ota__seed_1,001,llm_full_residual_escape_postprocess_fallback,LLM diagnosis + repair,two_stage_miller_ota,Two-stage,dc_gain_02_M6_gm_id_increase,dc_gain,spice_small_perturbation,False,,dc_gain|saturation_margin|unity_gain_bandwidth,0.0,0.564194,-4.555382
llm_full_residual_escape_postprocess_fallback__two_stage_miller_ota__seed_1,001,llm_full_residual_escape_postprocess_fallback,LLM diagnosis + repair,two_stage_miller_ota,Two-stage,unity_gain_bandwidth_02_global_Cc_decrease,unity_gain_bandwidth,spice_small_perturbation,False,,unity_gain_bandwidth,0.0,0.001993,-0.00221
llm_full_residual_escape_postprocess_fallback__two_stage_miller_ota__seed_1,001,llm_full_residual_escape_postprocess_fallback,LLM diagnosis + repair,two_stage_miller_ota,Two-stage,saturation_margin_02_global_I_tail_increase,saturation_margin,spice_small_perturbation,False,,dc_gain|saturation_margin|unity_gain_bandwidth,0.0,1.670812,-16.733304
llm_full_residual_escape_postprocess_fallback__two_stage_miller_ota__seed_1,001,llm_full_residual_escape_postprocess_fallback,LLM diagnosis + repair,two_stage_miller_ota,Two-stage,saturation_margin_03_M7_gm_id_increase,saturation_margin,spice_small_perturbation,True,dc_gain|saturation_margin|unity_gain_bandwidth,,0.068244,0.0,0.562712
llm_full_residual_escape_postprocess_fallback__two_stage_miller_ota__seed_1,001,llm_full_residual_escape_postprocess_fallback,LLM diagnosis + repair,two_stage_miller_ota,Two-stage,dc_gain_04_M3_L_increase,dc_gain,spice_small_perturbation,False,,dc_gain|saturation_margin|unity_gain_bandwidth,0.0,0.725012,-6.751514
llm_full_residual_escape_postprocess_fallback__two_stage_miller_ota__seed_1,001,llm_full_residual_escape_postprocess_fallback,LLM diagnosis + repair,two_stage_miller_ota,Two-stage,dc_gain_05_M6_L_increase,dc_gain,spice_small_perturbation,True,dc_gain|saturation_margin|unity_gain_bandwidth,,0.312115,0.0,2.857599
llm_full_residual_escape_postprocess_fallback__two_stage_miller_ota__seed_1,001,llm_full_residual_escape_postprocess_fallback,LLM diagnosis + repair,two_stage_miller_ota,Two-stage,dc_gain_06_M7_L_increase,dc_gain,spice_small_perturbation,False,,dc_gain|saturation_margin|unity_gain_bandwidth,0.0,0.080638,-0.669732
llm_full_residual_escape_postprocess_fallback__two_stage_miller_ota__seed_1,002,llm_full_residual_escape_postprocess_fallback,LLM diagnosis + repair,two_stage_miller_ota,Two-stage,dc_gain_01_M1_gm_id_increase,dc_gain,spice_small_perturbation,True,unity_gain_bandwidth,dc_gain|saturation_margin,0.019647,0.008513000000000001,-0.063254
llm_full_residual_escape_postprocess_fallback__two_stage_miller_ota__seed_1,002,llm_full_residual_escape_postprocess_fallback,LLM diagnosis + repair,two_stage_miller_ota,Two-stage,dc_gain_02_M6_gm_id_increase,dc_gain,spice_small_perturbation,False,,dc_gain|saturation_margin|unity_gain_bandwidth,0.0,0.517699,-4.193573
llm_full_residual_escape_postprocess_fallback__two_stage_miller_ota__seed_1,002,llm_full_residual_escape_postprocess_fallback,LLM diagnosis + repair,two_stage_miller_ota,Two-stage,unity_gain_bandwidth_02_global_Cc_decrease,unity_gain_bandwidth,spice_small_perturbation,True,unity_gain_bandwidth,,0.004261,0.0,0.005062
llm_full_residual_escape_postprocess_fallback__two_stage_miller_ota__seed_1,002,llm_full_residual_escape_postprocess_fallback,LLM diagnosis + repair,two_stage_miller_ota,Two-stage,saturation_margin_02_global_I_tail_increase,saturation_margin,spice_small_perturbation,False,,dc_gain|saturation_margin|unity_gain_bandwidth,0.0,1.5853599999999999,-15.85376
llm_full_residual_escape_postprocess_fallback__two_stage_miller_ota__seed_1,002,llm_full_residual_escape_postprocess_fallback,LLM diagnosis + repair,two_stage_miller_ota,Two-stage,saturation_margin_03_M7_gm_id_increase,saturation_margin,spice_small_perturbation,True,dc_gain|saturation_margin|unity_gain_bandwidth,,0.064868,0.0,0.534222
llm_full_residual_escape_postprocess_fallback__two_stage_miller_ota__seed_1,002,llm_full_residual_escape_postprocess_fallback,LLM diagnosis + repair,two_stage_miller_ota,Two-stage,dc_gain_04_M3_L_increase,dc_gain,spice_small_perturbation,False,,dc_gain|saturation_margin|unity_gain_bandwidth,0.0,0.681387,-6.356242
llm_full_residual_escape_postprocess_fallback__two_stage_miller_ota__seed_1,002,llm_full_residual_escape_postprocess_fallback,LLM diagnosis + repair,two_stage_miller_ota,Two-stage,dc_gain_05_M6_L_increase,dc_gain,spice_small_perturbation,True,dc_gain|saturation_margin|unity_gain_bandwidth,,0.28279,0.0,2.569329
llm_full_residual_escape_postprocess_fallback__two_stage_miller_ota__seed_1,002,llm_full_residual_escape_postprocess_fallback,LLM diagnosis + repair,two_stage_miller_ota,Two-stage,dc_gain_06_M7_L_increase,dc_gain,spice_small_perturbation,False,,dc_gain|saturation_margin|unity_gain_bandwidth,0.0,0.091325,-0.757549
llm_full_residual_escape_postprocess_fallback__two_stage_miller_ota__seed_3,001,llm_full_residual_escape_postprocess_fallback,LLM diagnosis + repair,two_stage_miller_ota,Two-stage,dc_gain_01_M1_gm_id_increase,dc_gain,spice_small_perturbation,True,unity_gain_bandwidth,dc_gain|saturation_margin,0.010589,0.037569,-0.424048
llm_full_residual_escape_postprocess_fallback__two_stage_miller_ota__seed_3,001,llm_full_residual_escape_postprocess_fallback,LLM diagnosis + repair,two_stage_miller_ota,Two-stage,dc_gain_02_M6_gm_id_increase,dc_gain,spice_small_perturbation,False,,dc_gain|saturation_margin|unity_gain_bandwidth,0.0,0.530359,-5.519714
llm_full_residual_escape_postprocess_fallback__two_stage_miller_ota__seed_3,001,llm_full_residual_escape_postprocess_fallback,LLM diagnosis + repair,two_stage_miller_ota,Two-stage,unity_gain_bandwidth_02_global_Cc_decrease,unity_gain_bandwidth,spice_small_perturbation,True,unity_gain_bandwidth,,0.027516,0.0,0.040003
llm_full_residual_escape_postprocess_fallback__two_stage_miller_ota__seed_3,001,llm_full_residual_escape_postprocess_fallback,LLM diagnosis + repair,two_stage_miller_ota,Two-stage,saturation_margin_02_global_I_tail_increase,saturation_margin,spice_small_perturbation,False,,dc_gain|saturation_margin|unity_gain_bandwidth,0.0,2.01173,-24.185197
llm_full_residual_escape_postprocess_fallback__two_stage_miller_ota__seed_3,001,llm_full_residual_escape_postprocess_fallback,LLM diagnosis + repair,two_stage_miller_ota,Two-stage,saturation_margin_03_M7_gm_id_increase,saturation_margin,spice_small_perturbation,True,dc_gain|saturation_margin|unity_gain_bandwidth,,0.040698,0.0,0.422231
llm_full_residual_escape_postprocess_fallback__two_stage_miller_ota__seed_3,001,llm_full_residual_escape_postprocess_fallback,LLM diagnosis + repair,two_stage_miller_ota,Two-stage,dc_gain_04_M3_L_increase,dc_gain,spice_small_perturbation,False,,dc_gain|saturation_margin|unity_gain_bandwidth,0.0,1.100713,-12.649426
llm_full_residual_escape_postprocess_fallback__two_stage_miller_ota__seed_3,001,llm_full_residual_escape_postprocess_fallback,LLM diagnosis + repair,two_stage_miller_ota,Two-stage,dc_gain_05_M6_L_increase,dc_gain,spice_small_perturbation,True,dc_gain|saturation_margin|unity_gain_bandwidth,,0.34976799999999997,0.0,3.7382
llm_full_residual_escape_postprocess_fallback__two_stage_miller_ota__seed_3,001,llm_full_residual_escape_postprocess_fallback,LLM diagnosis + repair,two_stage_miller_ota,Two-stage,dc_gain_06_M7_L_increase,dc_gain,spice_small_perturbation,False,,dc_gain|saturation_margin|unity_gain_bandwidth,0.0,0.034081,-0.355083
llm_full_residual_escape_postprocess_fallback__two_stage_miller_ota__seed_3,002,llm_full_residual_escape_postprocess_fallback,LLM diagnosis + repair,two_stage_miller_ota,Two-stage,dc_gain_01_M1_gm_id_increase,dc_gain,spice_small_perturbation,True,unity_gain_bandwidth,dc_gain|saturation_margin,0.018826,0.040357000000000004,-0.387842
llm_full_residual_escape_postprocess_fallback__two_stage_miller_ota__seed_3,002,llm_full_residual_escape_postprocess_fallback,LLM diagnosis + repair,two_stage_miller_ota,Two-stage,dc_gain_02_M6_gm_id_increase,dc_gain,spice_small_perturbation,False,,dc_gain|saturation_margin|unity_gain_bandwidth,0.0,0.710677,-5.761874
llm_full_residual_escape_postprocess_fallback__two_stage_miller_ota__seed_3,002,llm_full_residual_escape_postprocess_fallback,LLM diagnosis + repair,two_stage_miller_ota,Two-stage,unity_gain_bandwidth_02_global_Cc_decrease,unity_gain_bandwidth,spice_small_perturbation,False,,unity_gain_bandwidth,0.0,0.013186,-0.012484
llm_full_residual_escape_postprocess_fallback__two_stage_miller_ota__seed_3,002,llm_full_residual_escape_postprocess_fallback,LLM diagnosis + repair,two_stage_miller_ota,Two-stage,saturation_margin_02_global_I_tail_increase,saturation_margin,spice_small_perturbation,False,,dc_gain|saturation_margin|unity_gain_bandwidth,0.0,2.039753,-20.312873
llm_full_residual_escape_postprocess_fallback__two_stage_miller_ota__seed_3,002,llm_full_residual_escape_postprocess_fallback,LLM diagnosis + repair,two_stage_miller_ota,Two-stage,saturation_margin_03_M7_gm_id_increase,saturation_margin,spice_small_perturbation,True,dc_gain|saturation_margin|unity_gain_bandwidth,,0.05764300000000001,0.0,0.480091
llm_full_residual_escape_postprocess_fallback__two_stage_miller_ota__seed_3,002,llm_full_residual_escape_postprocess_fallback,LLM diagnosis + repair,two_stage_miller_ota,Two-stage,dc_gain_04_M3_L_increase,dc_gain,spice_small_perturbation,False,,dc_gain|saturation_margin|unity_gain_bandwidth,0.0,1.145034,-10.599879
llm_full_residual_escape_postprocess_fallback__two_stage_miller_ota__seed_3,002,llm_full_residual_escape_postprocess_fallback,LLM diagnosis + repair,two_stage_miller_ota,Two-stage,dc_gain_05_M6_L_increase,dc_gain,spice_small_perturbation,True,dc_gain|saturation_margin|unity_gain_bandwidth,,0.42241100000000004,0.0,3.861561
llm_full_residual_escape_postprocess_fallback__two_stage_miller_ota__seed_3,002,llm_full_residual_escape_postprocess_fallback,LLM diagnosis + repair,two_stage_miller_ota,Two-stage,dc_gain_06_M7_L_increase,dc_gain,spice_small_perturbation,False,,dc_gain|saturation_margin|unity_gain_bandwidth,0.0,0.054422,-0.455807
llm_full_residual_escape_postprocess_fallback__two_stage_miller_ota__seed_4,001,llm_full_residual_escape_postprocess_fallback,LLM diagnosis + repair,two_stage_miller_ota,Two-stage,dc_gain_01_M1_gm_id_increase,dc_gain,spice_small_perturbation,True,unity_gain_bandwidth,dc_gain|saturation_margin,0.015623,0.019144,-0.161783
llm_full_residual_escape_postprocess_fallback__two_stage_miller_ota__seed_4,001,llm_full_residual_escape_postprocess_fallback,LLM diagnosis + repair,two_stage_miller_ota,Two-stage,dc_gain_02_M6_gm_id_increase,dc_gain,spice_small_perturbation,False,,dc_gain|saturation_margin|unity_gain_bandwidth,0.0,0.421567,-3.212223
llm_full_residual_escape_postprocess_fallback__two_stage_miller_ota__seed_4,001,llm_full_residual_escape_postprocess_fallback,LLM diagnosis + repair,two_stage_miller_ota,Two-stage,unity_gain_bandwidth_02_global_Cc_decrease,unity_gain_bandwidth,spice_small_perturbation,True,unity_gain_bandwidth,,0.016141,0.0,0.021151
llm_full_residual_escape_postprocess_fallback__two_stage_miller_ota__seed_4,001,llm_full_residual_escape_postprocess_fallback,LLM diagnosis + repair,two_stage_miller_ota,Two-stage,saturation_margin_02_global_I_tail_increase,saturation_margin,spice_small_perturbation,False,,dc_gain|saturation_margin|unity_gain_bandwidth,0.0,1.411216,-13.106582
llm_full_residual_escape_postprocess_fallback__two_stage_miller_ota__seed_4,001,llm_full_residual_escape_postprocess_fallback,LLM diagnosis + repair,two_stage_miller_ota,Two-stage,saturation_margin_03_M7_gm_id_increase,saturation_margin,spice_small_perturbation,True,dc_gain|saturation_margin|unity_gain_bandwidth,,0.040922,0.0,0.313665
llm_full_residual_escape_postprocess_fallback__two_stage_miller_ota__seed_4,001,llm_full_residual_escape_postprocess_fallback,LLM diagnosis + repair,two_stage_miller_ota,Two-stage,dc_gain_04_M3_L_increase,dc_gain,spice_small_perturbation,False,,dc_gain|saturation_margin|unity_gain_bandwidth,0.0,0.681538,-5.926956
llm_full_residual_escape_postprocess_fallback__two_stage_miller_ota__seed_4,001,llm_full_residual_escape_postprocess_fallback,LLM diagnosis + repair,two_stage_miller_ota,Two-stage,dc_gain_05_M6_L_increase,dc_gain,spice_small_perturbation,True,dc_gain|saturation_margin|unity_gain_bandwidth,,0.241351,0.0,2.01475
llm_full_residual_escape_postprocess_fallback__two_stage_miller_ota__seed_4,001,llm_full_residual_escape_postprocess_fallback,LLM diagnosis + repair,two_stage_miller_ota,Two-stage,dc_gain_06_M7_L_increase,dc_gain,spice_small_perturbation,False,,dc_gain|saturation_margin|unity_gain_bandwidth,0.0,0.048008,-0.370341
llm_full_residual_escape_postprocess_fallback__two_stage_miller_ota__seed_5,001,llm_full_residual_escape_postprocess_fallback,LLM diagnosis + repair,two_stage_miller_ota,Two-stage,dc_gain_01_M1_gm_id_increase,dc_gain,spice_small_perturbation,True,unity_gain_bandwidth,dc_gain|saturation_margin,0.01193,0.032873,-0.375356
llm_full_residual_escape_postprocess_fallback__two_stage_miller_ota__seed_5,001,llm_full_residual_escape_postprocess_fallback,LLM diagnosis + repair,two_stage_miller_ota,Two-stage,dc_gain_02_M6_gm_id_increase,dc_gain,spice_small_perturbation,False,,dc_gain|saturation_margin|unity_gain_bandwidth,0.0,0.420521,-4.384495
llm_full_residual_escape_postprocess_fallback__two_stage_miller_ota__seed_5,001,llm_full_residual_escape_postprocess_fallback,LLM diagnosis + repair,two_stage_miller_ota,Two-stage,unity_gain_bandwidth_02_global_Cc_decrease,unity_gain_bandwidth,spice_small_perturbation,True,unity_gain_bandwidth,,0.031777,0.0,0.048475
llm_full_residual_escape_postprocess_fallback__two_stage_miller_ota__seed_5,001,llm_full_residual_escape_postprocess_fallback,LLM diagnosis + repair,two_stage_miller_ota,Two-stage,saturation_margin_02_global_I_tail_increase,saturation_margin,spice_small_perturbation,False,,dc_gain|saturation_margin|unity_gain_bandwidth,0.0,1.703726,-20.604145
llm_full_residual_escape_postprocess_fallback__two_stage_miller_ota__seed_5,001,llm_full_residual_escape_postprocess_fallback,LLM diagnosis + repair,two_stage_miller_ota,Two-stage,saturation_margin_03_M7_gm_id_increase,saturation_margin,spice_small_perturbation,True,dc_gain|saturation_margin|unity_gain_bandwidth,,0.039709,0.0,0.412569
llm_full_residual_escape_postprocess_fallback__two_stage_miller_ota__seed_5,001,llm_full_residual_escape_postprocess_fallback,LLM diagnosis + repair,two_stage_miller_ota,Two-stage,dc_gain_04_M3_L_increase,dc_gain,spice_small_perturbation,False,,dc_gain|saturation_margin|unity_gain_bandwidth,0.0,0.732762,-8.495287
llm_full_residual_escape_postprocess_fallback__two_stage_miller_ota__seed_5,001,llm_full_residual_escape_postprocess_fallback,LLM diagnosis + repair,two_stage_miller_ota,Two-stage,dc_gain_05_M6_L_increase,dc_gain,spice_small_perturbation,True,dc_gain|saturation_margin|unity_gain_bandwidth,,0.265939,0.0,2.825081
llm_full_residual_escape_postprocess_fallback__two_stage_miller_ota__seed_5,001,llm_full_residual_escape_postprocess_fallback,LLM diagnosis + repair,two_stage_miller_ota,Two-stage,dc_gain_06_M7_L_increase,dc_gain,spice_small_perturbation,False,,dc_gain|saturation_margin|unity_gain_bandwidth,0.0,0.043866999999999996,-0.458078
llm_full_residual_escape_postprocess_fallback__two_stage_miller_ota__seed_6,001,llm_full_residual_escape_postprocess_fallback,LLM diagnosis + repair,two_stage_miller_ota,Two-stage,dc_gain_01_M1_gm_id_increase,dc_gain,spice_small_perturbation,True,unity_gain_bandwidth,dc_gain|saturation_margin,0.005767,0.022428,-0.309141
llm_full_residual_escape_postprocess_fallback__two_stage_miller_ota__seed_6,001,llm_full_residual_escape_postprocess_fallback,LLM diagnosis + repair,two_stage_miller_ota,Two-stage,dc_gain_02_M6_gm_id_increase,dc_gain,spice_small_perturbation,False,,dc_gain|saturation_margin|unity_gain_bandwidth,0.0,0.46792,-6.205887
llm_full_residual_escape_postprocess_fallback__two_stage_miller_ota__seed_6,001,llm_full_residual_escape_postprocess_fallback,LLM diagnosis + repair,two_stage_miller_ota,Two-stage,unity_gain_bandwidth_02_global_Cc_decrease,unity_gain_bandwidth,spice_small_perturbation,True,unity_gain_bandwidth,,0.047787,0.0,0.076993
llm_full_residual_escape_postprocess_fallback__two_stage_miller_ota__seed_6,001,llm_full_residual_escape_postprocess_fallback,LLM diagnosis + repair,two_stage_miller_ota,Two-stage,saturation_margin_02_global_I_tail_increase,saturation_margin,spice_small_perturbation,False,,dc_gain|saturation_margin|unity_gain_bandwidth,0.0,2.245684,-33.279805
llm_full_residual_escape_postprocess_fallback__two_stage_miller_ota__seed_6,001,llm_full_residual_escape_postprocess_fallback,LLM diagnosis + repair,two_stage_miller_ota,Two-stage,dc_gain_04_M3_L_increase,dc_gain,spice_small_perturbation,False,,dc_gain|saturation_margin|unity_gain_bandwidth,0.0,1.061185,-15.178793
llm_full_residual_escape_postprocess_fallback__two_stage_miller_ota__seed_6,001,llm_full_residual_escape_postprocess_fallback,LLM diagnosis + repair,two_stage_miller_ota,Two-stage,dc_gain_05_M6_L_increase,dc_gain,spice_small_perturbation,True,dc_gain|saturation_margin|unity_gain_bandwidth,,0.323189,0.0,4.241685
llm_full_residual_escape_postprocess_fallback__two_stage_miller_ota__seed_6,001,llm_full_residual_escape_postprocess_fallback,LLM diagnosis + repair,two_stage_miller_ota,Two-stage,dc_gain_06_M7_L_increase,dc_gain,spice_small_perturbation,False,,dc_gain|saturation_margin|unity_gain_bandwidth,0.0,0.04471,-0.591401
llm_full_residual_escape_postprocess_fallback__two_stage_miller_ota__seed_6,001,llm_full_residual_escape_postprocess_fallback,LLM diagnosis + repair,two_stage_miller_ota,Two-stage,dc_gain_07_M2_L_increase,dc_gain,spice_small_perturbation,False,,,0.0,0.0,0.0
llm_full_residual_escape_postprocess_fallback__two_stage_miller_ota__seed_6,002,llm_full_residual_escape_postprocess_fallback,LLM diagnosis + repair,two_stage_miller_ota,Two-stage,dc_gain_01_M1_gm_id_increase,dc_gain,spice_small_perturbation,True,unity_gain_bandwidth,dc_gain|saturation_margin,0.005715,0.022447,-0.306426
llm_full_residual_escape_postprocess_fallback__two_stage_miller_ota__seed_6,002,llm_full_residual_escape_postprocess_fallback,LLM diagnosis + repair,two_stage_miller_ota,Two-stage,dc_gain_02_M6_gm_id_increase,dc_gain,spice_small_perturbation,False,,dc_gain|saturation_margin|unity_gain_bandwidth,0.0,0.472786,-6.217438
llm_full_residual_escape_postprocess_fallback__two_stage_miller_ota__seed_6,002,llm_full_residual_escape_postprocess_fallback,LLM diagnosis + repair,two_stage_miller_ota,Two-stage,unity_gain_bandwidth_02_global_Cc_decrease,unity_gain_bandwidth,spice_small_perturbation,True,unity_gain_bandwidth,,0.047067,0.0,0.07592
llm_full_residual_escape_postprocess_fallback__two_stage_miller_ota__seed_6,002,llm_full_residual_escape_postprocess_fallback,LLM diagnosis + repair,two_stage_miller_ota,Two-stage,saturation_margin_02_global_I_tail_increase,saturation_margin,spice_small_perturbation,False,,dc_gain|saturation_margin|unity_gain_bandwidth,0.0,2.214567,-32.511885
llm_full_residual_escape_postprocess_fallback__two_stage_miller_ota__seed_6,002,llm_full_residual_escape_postprocess_fallback,LLM diagnosis + repair,two_stage_miller_ota,Two-stage,dc_gain_04_M3_L_increase,dc_gain,spice_small_perturbation,False,,dc_gain|saturation_margin|unity_gain_bandwidth,0.0,1.044956,-14.808992
llm_full_residual_escape_postprocess_fallback__two_stage_miller_ota__seed_6,002,llm_full_residual_escape_postprocess_fallback,LLM diagnosis + repair,two_stage_miller_ota,Two-stage,dc_gain_05_M6_L_increase,dc_gain,spice_small_perturbation,True,dc_gain|saturation_margin|unity_gain_bandwidth,,0.31748000000000004,0.0,4.132321
llm_full_residual_escape_postprocess_fallback__two_stage_miller_ota__seed_6,002,llm_full_residual_escape_postprocess_fallback,LLM diagnosis + repair,two_stage_miller_ota,Two-stage,dc_gain_06_M7_L_increase,dc_gain,spice_small_perturbation,False,,dc_gain|saturation_margin|unity_gain_bandwidth,0.0,0.044181000000000005,-0.57913
llm_full_residual_escape_postprocess_fallback__two_stage_miller_ota__seed_6,002,llm_full_residual_escape_postprocess_fallback,LLM diagnosis + repair,two_stage_miller_ota,Two-stage,dc_gain_07_M2_L_increase,dc_gain,spice_small_perturbation,False,,,0.0,0.0,0.0
llm_full_residual_escape_postprocess_fallback__two_stage_miller_ota__seed_7,001,llm_full_residual_escape_postprocess_fallback,LLM diagnosis + repair,two_stage_miller_ota,Two-stage,dc_gain_01_M1_gm_id_increase,dc_gain,spice_small_perturbation,True,unity_gain_bandwidth,dc_gain|saturation_margin,0.009762,0.03611,-0.495157
llm_full_residual_escape_postprocess_fallback__two_stage_miller_ota__seed_7,001,llm_full_residual_escape_postprocess_fallback,LLM diagnosis + repair,two_stage_miller_ota,Two-stage,dc_gain_02_M6_gm_id_increase,dc_gain,spice_small_perturbation,False,,dc_gain|saturation_margin|unity_gain_bandwidth,0.0,0.47014500000000004,-5.983872
llm_full_residual_escape_postprocess_fallback__two_stage_miller_ota__seed_7,001,llm_full_residual_escape_postprocess_fallback,LLM diagnosis + repair,two_stage_miller_ota,Two-stage,unity_gain_bandwidth_02_global_Cc_decrease,unity_gain_bandwidth,spice_small_perturbation,True,unity_gain_bandwidth,,0.034067,0.0,0.05227
llm_full_residual_escape_postprocess_fallback__two_stage_miller_ota__seed_7,001,llm_full_residual_escape_postprocess_fallback,LLM diagnosis + repair,two_stage_miller_ota,Two-stage,saturation_margin_02_global_I_tail_increase,saturation_margin,spice_small_perturbation,False,,dc_gain|saturation_margin|unity_gain_bandwidth,0.0,2.283891,-33.42024
llm_full_residual_escape_postprocess_fallback__two_stage_miller_ota__seed_7,001,llm_full_residual_escape_postprocess_fallback,LLM diagnosis + repair,two_stage_miller_ota,Two-stage,saturation_margin_03_M7_gm_id_increase,saturation_margin,spice_small_perturbation,True,dc_gain|saturation_margin|unity_gain_bandwidth,,0.042429999999999995,0.0,0.539525
llm_full_residual_escape_postprocess_fallback__two_stage_miller_ota__seed_7,001,llm_full_residual_escape_postprocess_fallback,LLM diagnosis + repair,two_stage_miller_ota,Two-stage,dc_gain_04_M3_L_increase,dc_gain,spice_small_perturbation,False,,dc_gain|saturation_margin|unity_gain_bandwidth,0.0,1.184174,-16.686729
llm_full_residual_escape_postprocess_fallback__two_stage_miller_ota__seed_7,001,llm_full_residual_escape_postprocess_fallback,LLM diagnosis + repair,two_stage_miller_ota,Two-stage,dc_gain_05_M6_L_increase,dc_gain,spice_small_perturbation,True,dc_gain|saturation_margin|unity_gain_bandwidth,,0.314434,0.0,4.054707
llm_full_residual_escape_postprocess_fallback__two_stage_miller_ota__seed_7,001,llm_full_residual_escape_postprocess_fallback,LLM diagnosis + repair,two_stage_miller_ota,Two-stage,dc_gain_06_M7_L_increase,dc_gain,spice_small_perturbation,False,,dc_gain|saturation_margin|unity_gain_bandwidth,0.0,0.049645999999999996,-0.633989
llm_full_residual_escape_postprocess_fallback__two_stage_miller_ota__seed_7,002,llm_full_residual_escape_postprocess_fallback,LLM diagnosis + repair,two_stage_miller_ota,Two-stage,dc_gain_01_M1_gm_id_increase,dc_gain,spice_small_perturbation,True,unity_gain_bandwidth,dc_gain|saturation_margin,0.009762,0.03611,-0.495157
llm_full_residual_escape_postprocess_fallback__two_stage_miller_ota__seed_7,002,llm_full_residual_escape_postprocess_fallback,LLM diagnosis + repair,two_stage_miller_ota,Two-stage,dc_gain_02_M6_gm_id_increase,dc_gain,spice_small_perturbation,False,,dc_gain|saturation_margin|unity_gain_bandwidth,0.0,0.47014500000000004,-5.983872
llm_full_residual_escape_postprocess_fallback__two_stage_miller_ota__seed_7,002,llm_full_residual_escape_postprocess_fallback,LLM diagnosis + repair,two_stage_miller_ota,Two-stage,unity_gain_bandwidth_02_global_Cc_decrease,unity_gain_bandwidth,spice_small_perturbation,True,unity_gain_bandwidth,,0.034067,0.0,0.05227
llm_full_residual_escape_postprocess_fallback__two_stage_miller_ota__seed_7,002,llm_full_residual_escape_postprocess_fallback,LLM diagnosis + repair,two_stage_miller_ota,Two-stage,saturation_margin_02_global_I_tail_increase,saturation_margin,spice_small_perturbation,False,,dc_gain|saturation_margin|unity_gain_bandwidth,0.0,2.283891,-33.42024
llm_full_residual_escape_postprocess_fallback__two_stage_miller_ota__seed_7,002,llm_full_residual_escape_postprocess_fallback,LLM diagnosis + repair,two_stage_miller_ota,Two-stage,saturation_margin_03_M7_gm_id_increase,saturation_margin,spice_small_perturbation,True,dc_gain|saturation_margin|unity_gain_bandwidth,,0.042429999999999995,0.0,0.539525
llm_full_residual_escape_postprocess_fallback__two_stage_miller_ota__seed_7,002,llm_full_residual_escape_postprocess_fallback,LLM diagnosis + repair,two_stage_miller_ota,Two-stage,dc_gain_04_M3_L_increase,dc_gain,spice_small_perturbation,False,,dc_gain|saturation_margin|unity_gain_bandwidth,0.0,1.184174,-16.686729
llm_full_residual_escape_postprocess_fallback__two_stage_miller_ota__seed_7,002,llm_full_residual_escape_postprocess_fallback,LLM diagnosis + repair,two_stage_miller_ota,Two-stage,dc_gain_05_M6_L_increase,dc_gain,spice_small_perturbation,True,dc_gain|saturation_margin|unity_gain_bandwidth,,0.314434,0.0,4.054707
llm_full_residual_escape_postprocess_fallback__two_stage_miller_ota__seed_7,002,llm_full_residual_escape_postprocess_fallback,LLM diagnosis + repair,two_stage_miller_ota,Two-stage,dc_gain_06_M7_L_increase,dc_gain,spice_small_perturbation,False,,dc_gain|saturation_margin|unity_gain_bandwidth,0.0,0.049645999999999996,-0.633989
llm_full_residual_escape_postprocess_fallback__two_stage_miller_ota__seed_7,003,llm_full_residual_escape_postprocess_fallback,LLM diagnosis + repair,two_stage_miller_ota,Two-stage,dc_gain_01_M1_gm_id_increase,dc_gain,spice_small_perturbation,True,unity_gain_bandwidth,dc_gain|saturation_margin,0.009762,0.03611,-0.495157
llm_full_residual_escape_postprocess_fallback__two_stage_miller_ota__seed_7,003,llm_full_residual_escape_postprocess_fallback,LLM diagnosis + repair,two_stage_miller_ota,Two-stage,dc_gain_02_M6_gm_id_increase,dc_gain,spice_small_perturbation,False,,dc_gain|saturation_margin|unity_gain_bandwidth,0.0,0.47014500000000004,-5.983872
llm_full_residual_escape_postprocess_fallback__two_stage_miller_ota__seed_7,003,llm_full_residual_escape_postprocess_fallback,LLM diagnosis + repair,two_stage_miller_ota,Two-stage,unity_gain_bandwidth_02_global_Cc_decrease,unity_gain_bandwidth,spice_small_perturbation,True,unity_gain_bandwidth,,0.034067,0.0,0.05227
llm_full_residual_escape_postprocess_fallback__two_stage_miller_ota__seed_7,003,llm_full_residual_escape_postprocess_fallback,LLM diagnosis + repair,two_stage_miller_ota,Two-stage,saturation_margin_02_global_I_tail_increase,saturation_margin,spice_small_perturbation,False,,dc_gain|saturation_margin|unity_gain_bandwidth,0.0,2.283891,-33.42024
llm_full_residual_escape_postprocess_fallback__two_stage_miller_ota__seed_7,003,llm_full_residual_escape_postprocess_fallback,LLM diagnosis + repair,two_stage_miller_ota,Two-stage,saturation_margin_03_M7_gm_id_increase,saturation_margin,spice_small_perturbation,True,dc_gain|saturation_margin|unity_gain_bandwidth,,0.042429999999999995,0.0,0.539525
llm_full_residual_escape_postprocess_fallback__two_stage_miller_ota__seed_7,003,llm_full_residual_escape_postprocess_fallback,LLM diagnosis + repair,two_stage_miller_ota,Two-stage,dc_gain_04_M3_L_increase,dc_gain,spice_small_perturbation,False,,dc_gain|saturation_margin|unity_gain_bandwidth,0.0,1.184174,-16.686729
llm_full_residual_escape_postprocess_fallback__two_stage_miller_ota__seed_7,003,llm_full_residual_escape_postprocess_fallback,LLM diagnosis + repair,two_stage_miller_ota,Two-stage,dc_gain_05_M6_L_increase,dc_gain,spice_small_perturbation,True,dc_gain|saturation_margin|unity_gain_bandwidth,,0.314434,0.0,4.054707
llm_full_residual_escape_postprocess_fallback__two_stage_miller_ota__seed_7,003,llm_full_residual_escape_postprocess_fallback,LLM diagnosis + repair,two_stage_miller_ota,Two-stage,dc_gain_06_M7_L_increase,dc_gain,spice_small_perturbation,False,,dc_gain|saturation_margin|unity_gain_bandwidth,0.0,0.049645999999999996,-0.633989
llm_full_residual_escape_postprocess_fallback__two_stage_miller_ota__seed_7,004,llm_full_residual_escape_postprocess_fallback,LLM diagnosis + repair,two_stage_miller_ota,Two-stage,dc_gain_01_M1_gm_id_increase,dc_gain,spice_small_perturbation,True,unity_gain_bandwidth,dc_gain|saturation_margin,0.010534,0.009656999999999999,-0.100331
llm_full_residual_escape_postprocess_fallback__two_stage_miller_ota__seed_7,004,llm_full_residual_escape_postprocess_fallback,LLM diagnosis + repair,two_stage_miller_ota,Two-stage,dc_gain_02_M6_gm_id_increase,dc_gain,spice_small_perturbation,False,,dc_gain|saturation_margin|unity_gain_bandwidth,0.0,0.493553,-5.533273
llm_full_residual_escape_postprocess_fallback__two_stage_miller_ota__seed_7,004,llm_full_residual_escape_postprocess_fallback,LLM diagnosis + repair,two_stage_miller_ota,Two-stage,unity_gain_bandwidth_02_global_Cc_decrease,unity_gain_bandwidth,spice_small_perturbation,True,unity_gain_bandwidth,,0.027017,0.0,0.040233
llm_full_residual_escape_postprocess_fallback__two_stage_miller_ota__seed_7,004,llm_full_residual_escape_postprocess_fallback,LLM diagnosis + repair,two_stage_miller_ota,Two-stage,saturation_margin_02_global_I_tail_increase,saturation_margin,spice_small_perturbation,False,,dc_gain|saturation_margin|unity_gain_bandwidth,0.0,2.059468,-26.604353
llm_full_residual_escape_postprocess_fallback__two_stage_miller_ota__seed_7,004,llm_full_residual_escape_postprocess_fallback,LLM diagnosis + repair,two_stage_miller_ota,Two-stage,saturation_margin_03_M7_gm_id_increase,saturation_margin,spice_small_perturbation,True,dc_gain|saturation_margin|unity_gain_bandwidth,,0.051768,0.0,0.58183
llm_full_residual_escape_postprocess_fallback__two_stage_miller_ota__seed_7,004,llm_full_residual_escape_postprocess_fallback,LLM diagnosis + repair,two_stage_miller_ota,Two-stage,dc_gain_04_M3_L_increase,dc_gain,spice_small_perturbation,False,,dc_gain|saturation_margin|unity_gain_bandwidth,0.0,1.066057,-13.219586
llm_full_residual_escape_postprocess_fallback__two_stage_miller_ota__seed_7,004,llm_full_residual_escape_postprocess_fallback,LLM diagnosis + repair,two_stage_miller_ota,Two-stage,dc_gain_05_M6_L_increase,dc_gain,spice_small_perturbation,True,dc_gain|saturation_margin|unity_gain_bandwidth,,0.316321,0.0,3.659916
llm_full_residual_escape_postprocess_fallback__two_stage_miller_ota__seed_7,004,llm_full_residual_escape_postprocess_fallback,LLM diagnosis + repair,two_stage_miller_ota,Two-stage,dc_gain_06_M7_L_increase,dc_gain,spice_small_perturbation,False,,dc_gain|saturation_margin|unity_gain_bandwidth,0.0,0.054845,-0.619384
llm_full_residual_escape_postprocess_fallback__two_stage_miller_ota__seed_8,001,llm_full_residual_escape_postprocess_fallback,LLM diagnosis + repair,two_stage_miller_ota,Two-stage,dc_gain_01_M1_gm_id_increase,dc_gain,spice_small_perturbation,True,unity_gain_bandwidth,dc_gain|saturation_margin,0.005063,0.020907,-0.230328
llm_full_residual_escape_postprocess_fallback__two_stage_miller_ota__seed_8,001,llm_full_residual_escape_postprocess_fallback,LLM diagnosis + repair,two_stage_miller_ota,Two-stage,dc_gain_02_M6_gm_id_increase,dc_gain,spice_small_perturbation,False,,dc_gain|saturation_margin|unity_gain_bandwidth,0.0,0.37199699999999997,-3.87705
llm_full_residual_escape_postprocess_fallback__two_stage_miller_ota__seed_8,001,llm_full_residual_escape_postprocess_fallback,LLM diagnosis + repair,two_stage_miller_ota,Two-stage,unity_gain_bandwidth_02_global_Cc_decrease,unity_gain_bandwidth,spice_small_perturbation,True,unity_gain_bandwidth,,0.030666,0.0,0.050855
llm_full_residual_escape_postprocess_fallback__two_stage_miller_ota__seed_8,001,llm_full_residual_escape_postprocess_fallback,LLM diagnosis + repair,two_stage_miller_ota,Two-stage,saturation_margin_02_global_I_tail_increase,saturation_margin,spice_small_perturbation,False,,dc_gain|saturation_margin|unity_gain_bandwidth,0.0,1.626236,-19.081078
llm_full_residual_escape_postprocess_fallback__two_stage_miller_ota__seed_8,001,llm_full_residual_escape_postprocess_fallback,LLM diagnosis + repair,two_stage_miller_ota,Two-stage,saturation_margin_03_M7_gm_id_increase,saturation_margin,spice_small_perturbation,True,dc_gain|saturation_margin|unity_gain_bandwidth,,0.024773,0.0,0.258971
llm_full_residual_escape_postprocess_fallback__two_stage_miller_ota__seed_8,001,llm_full_residual_escape_postprocess_fallback,LLM diagnosis + repair,two_stage_miller_ota,Two-stage,dc_gain_04_M3_L_increase,dc_gain,spice_small_perturbation,False,,dc_gain|saturation_margin|unity_gain_bandwidth,0.0,0.7592110000000001,-8.601311
llm_full_residual_escape_postprocess_fallback__two_stage_miller_ota__seed_8,001,llm_full_residual_escape_postprocess_fallback,LLM diagnosis + repair,two_stage_miller_ota,Two-stage,dc_gain_05_M6_L_increase,dc_gain,spice_small_perturbation,True,dc_gain|saturation_margin|unity_gain_bandwidth,,0.22068200000000002,0.0,2.32391
llm_full_residual_escape_postprocess_fallback__two_stage_miller_ota__seed_8,001,llm_full_residual_escape_postprocess_fallback,LLM diagnosis + repair,two_stage_miller_ota,Two-stage,dc_gain_06_M7_L_increase,dc_gain,spice_small_perturbation,False,,dc_gain|saturation_margin|unity_gain_bandwidth,0.0,0.04071,-0.426239
llm_full_residual_escape_postprocess_fallback__two_stage_miller_ota__seed_8,002,llm_full_residual_escape_postprocess_fallback,LLM diagnosis + repair,two_stage_miller_ota,Two-stage,dc_gain_01_M1_gm_id_increase,dc_gain,spice_small_perturbation,True,unity_gain_bandwidth,dc_gain|saturation_margin,0.005957,0.022369,-0.240606
llm_full_residual_escape_postprocess_fallback__two_stage_miller_ota__seed_8,002,llm_full_residual_escape_postprocess_fallback,LLM diagnosis + repair,two_stage_miller_ota,Two-stage,dc_gain_02_M6_gm_id_increase,dc_gain,spice_small_perturbation,False,,dc_gain|saturation_margin|unity_gain_bandwidth,0.0,0.39624,-4.017244
llm_full_residual_escape_postprocess_fallback__two_stage_miller_ota__seed_8,002,llm_full_residual_escape_postprocess_fallback,LLM diagnosis + repair,two_stage_miller_ota,Two-stage,unity_gain_bandwidth_02_global_Cc_decrease,unity_gain_bandwidth,spice_small_perturbation,True,unity_gain_bandwidth,,0.031836,0.0,0.051134
llm_full_residual_escape_postprocess_fallback__two_stage_miller_ota__seed_8,002,llm_full_residual_escape_postprocess_fallback,LLM diagnosis + repair,two_stage_miller_ota,Two-stage,saturation_margin_02_global_I_tail_increase,saturation_margin,spice_small_perturbation,False,,dc_gain|saturation_margin|unity_gain_bandwidth,0.0,1.6305239999999999,-18.700286
llm_full_residual_escape_postprocess_fallback__two_stage_miller_ota__seed_8,002,llm_full_residual_escape_postprocess_fallback,LLM diagnosis + repair,two_stage_miller_ota,Two-stage,saturation_margin_03_M7_gm_id_increase,saturation_margin,spice_small_perturbation,True,dc_gain|saturation_margin|unity_gain_bandwidth,,0.040324,0.0,0.409689
llm_full_residual_escape_postprocess_fallback__two_stage_miller_ota__seed_8,002,llm_full_residual_escape_postprocess_fallback,LLM diagnosis + repair,two_stage_miller_ota,Two-stage,dc_gain_04_M3_L_increase,dc_gain,spice_small_perturbation,False,,dc_gain|saturation_margin|unity_gain_bandwidth,0.0,0.7669159999999999,-8.471384
llm_full_residual_escape_postprocess_fallback__two_stage_miller_ota__seed_8,002,llm_full_residual_escape_postprocess_fallback,LLM diagnosis + repair,two_stage_miller_ota,Two-stage,dc_gain_05_M6_L_increase,dc_gain,spice_small_perturbation,True,dc_gain|saturation_margin|unity_gain_bandwidth,,0.237062,0.0,2.447613
llm_full_residual_escape_postprocess_fallback__two_stage_miller_ota__seed_8,002,llm_full_residual_escape_postprocess_fallback,LLM diagnosis + repair,two_stage_miller_ota,Two-stage,dc_gain_06_M7_L_increase,dc_gain,spice_small_perturbation,False,,dc_gain|saturation_margin|unity_gain_bandwidth,0.0,0.047888,-0.488561
llm_full_residual_escape_postprocess_fallback__two_stage_miller_ota__seed_9,001,llm_full_residual_escape_postprocess_fallback,LLM diagnosis + repair,two_stage_miller_ota,Two-stage,dc_gain_01_M1_gm_id_increase,dc_gain,spice_small_perturbation,True,unity_gain_bandwidth,dc_gain|saturation_margin,0.005691,0.034485999999999996,-0.434383
llm_full_residual_escape_postprocess_fallback__two_stage_miller_ota__seed_9,001,llm_full_residual_escape_postprocess_fallback,LLM diagnosis + repair,two_stage_miller_ota,Two-stage,dc_gain_02_M6_gm_id_increase,dc_gain,spice_small_perturbation,False,,dc_gain|saturation_margin|unity_gain_bandwidth,0.0,0.427434,-5.087533
llm_full_residual_escape_postprocess_fallback__two_stage_miller_ota__seed_9,001,llm_full_residual_escape_postprocess_fallback,LLM diagnosis + repair,two_stage_miller_ota,Two-stage,unity_gain_bandwidth_02_global_Cc_decrease,unity_gain_bandwidth,spice_small_perturbation,True,unity_gain_bandwidth,,0.029442,0.0,0.048392
llm_full_residual_escape_postprocess_fallback__two_stage_miller_ota__seed_9,001,llm_full_residual_escape_postprocess_fallback,LLM diagnosis + repair,two_stage_miller_ota,Two-stage,saturation_margin_02_global_I_tail_increase,saturation_margin,spice_small_perturbation,False,,dc_gain|saturation_margin|unity_gain_bandwidth,0.0,1.9448459999999999,-25.944453
llm_full_residual_escape_postprocess_fallback__two_stage_miller_ota__seed_9,001,llm_full_residual_escape_postprocess_fallback,LLM diagnosis + repair,two_stage_miller_ota,Two-stage,saturation_margin_03_M7_gm_id_increase,saturation_margin,spice_small_perturbation,True,dc_gain|saturation_margin|unity_gain_bandwidth,,0.036264,0.0,0.433016
llm_full_residual_escape_postprocess_fallback__two_stage_miller_ota__seed_9,001,llm_full_residual_escape_postprocess_fallback,LLM diagnosis + repair,two_stage_miller_ota,Two-stage,dc_gain_04_M3_L_increase,dc_gain,spice_small_perturbation,False,,dc_gain|saturation_margin|unity_gain_bandwidth,0.0,0.91943,-11.858658
llm_full_residual_escape_postprocess_fallback__two_stage_miller_ota__seed_9,001,llm_full_residual_escape_postprocess_fallback,LLM diagnosis + repair,two_stage_miller_ota,Two-stage,dc_gain_05_M6_L_increase,dc_gain,spice_small_perturbation,True,dc_gain|saturation_margin|unity_gain_bandwidth,,0.280392,0.0,3.377454
llm_full_residual_escape_postprocess_fallback__two_stage_miller_ota__seed_9,001,llm_full_residual_escape_postprocess_fallback,LLM diagnosis + repair,two_stage_miller_ota,Two-stage,dc_gain_06_M7_L_increase,dc_gain,spice_small_perturbation,False,,dc_gain|saturation_margin|unity_gain_bandwidth,0.0,0.040878,-0.48935
llm_full_residual_escape_postprocess_fallback__two_stage_miller_ota__seed_9,002,llm_full_residual_escape_postprocess_fallback,LLM diagnosis + repair,two_stage_miller_ota,Two-stage,dc_gain_01_M1_gm_id_increase,dc_gain,spice_small_perturbation,True,unity_gain_bandwidth,dc_gain|saturation_margin,0.006776,0.033727,-0.413442
llm_full_residual_escape_postprocess_fallback__two_stage_miller_ota__seed_9,002,llm_full_residual_escape_postprocess_fallback,LLM diagnosis + repair,two_stage_miller_ota,Two-stage,dc_gain_02_M6_gm_id_increase,dc_gain,spice_small_perturbation,False,,dc_gain|saturation_margin|unity_gain_bandwidth,0.0,0.47522600000000004,-5.514645
llm_full_residual_escape_postprocess_fallback__two_stage_miller_ota__seed_9,002,llm_full_residual_escape_postprocess_fallback,LLM diagnosis + repair,two_stage_miller_ota,Two-stage,unity_gain_bandwidth_02_global_Cc_decrease,unity_gain_bandwidth,spice_small_perturbation,True,unity_gain_bandwidth,,0.028255,0.0,0.045529
llm_full_residual_escape_postprocess_fallback__two_stage_miller_ota__seed_9,002,llm_full_residual_escape_postprocess_fallback,LLM diagnosis + repair,two_stage_miller_ota,Two-stage,saturation_margin_02_global_I_tail_increase,saturation_margin,spice_small_perturbation,False,,dc_gain|saturation_margin|unity_gain_bandwidth,0.0,1.99399,-25.949707
llm_full_residual_escape_postprocess_fallback__two_stage_miller_ota__seed_9,002,llm_full_residual_escape_postprocess_fallback,LLM diagnosis + repair,two_stage_miller_ota,Two-stage,saturation_margin_03_M7_gm_id_increase,saturation_margin,spice_small_perturbation,True,dc_gain|saturation_margin|unity_gain_bandwidth,,0.043690999999999994,0.0,0.507268
llm_full_residual_escape_postprocess_fallback__two_stage_miller_ota__seed_9,002,llm_full_residual_escape_postprocess_fallback,LLM diagnosis + repair,two_stage_miller_ota,Two-stage,dc_gain_04_M3_L_increase,dc_gain,spice_small_perturbation,False,,dc_gain|saturation_margin|unity_gain_bandwidth,0.0,0.942229,-11.819529
llm_full_residual_escape_postprocess_fallback__two_stage_miller_ota__seed_9,002,llm_full_residual_escape_postprocess_fallback,LLM diagnosis + repair,two_stage_miller_ota,Two-stage,dc_gain_05_M6_L_increase,dc_gain,spice_small_perturbation,True,dc_gain|saturation_margin|unity_gain_bandwidth,,0.325134,0.0,3.822479
llm_full_residual_escape_postprocess_fallback__two_stage_miller_ota__seed_9,002,llm_full_residual_escape_postprocess_fallback,LLM diagnosis + repair,two_stage_miller_ota,Two-stage,dc_gain_06_M7_L_increase,dc_gain,spice_small_perturbation,False,,dc_gain|saturation_margin|unity_gain_bandwidth,0.0,0.050057000000000004,-0.583362
llm_full_residual_escape_postprocess_fallback__two_stage_miller_ota__seed_10,001,llm_full_residual_escape_postprocess_fallback,LLM diagnosis + repair,two_stage_miller_ota,Two-stage,dc_gain_01_M1_gm_id_increase,dc_gain,spice_small_perturbation,True,unity_gain_bandwidth,dc_gain|saturation_margin,0.006651,0.008214,-0.09987
llm_full_residual_escape_postprocess_fallback__two_stage_miller_ota__seed_10,001,llm_full_residual_escape_postprocess_fallback,LLM diagnosis + repair,two_stage_miller_ota,Two-stage,dc_gain_02_M6_gm_id_increase,dc_gain,spice_small_perturbation,False,,dc_gain|saturation_margin|unity_gain_bandwidth,0.0,0.433893,-5.519738
llm_full_residual_escape_postprocess_fallback__two_stage_miller_ota__seed_10,001,llm_full_residual_escape_postprocess_fallback,LLM diagnosis + repair,two_stage_miller_ota,Two-stage,unity_gain_bandwidth_02_global_Cc_decrease,unity_gain_bandwidth,spice_small_perturbation,True,unity_gain_bandwidth,,0.035043,0.0,0.057624
llm_full_residual_escape_postprocess_fallback__two_stage_miller_ota__seed_10,001,llm_full_residual_escape_postprocess_fallback,LLM diagnosis + repair,two_stage_miller_ota,Two-stage,saturation_margin_02_global_I_tail_increase,saturation_margin,spice_small_perturbation,False,,dc_gain|saturation_margin|unity_gain_bandwidth,0.0,2.092334,-29.819702
llm_full_residual_escape_postprocess_fallback__two_stage_miller_ota__seed_10,001,llm_full_residual_escape_postprocess_fallback,LLM diagnosis + repair,two_stage_miller_ota,Two-stage,saturation_margin_03_M7_gm_id_increase,saturation_margin,spice_small_perturbation,True,dc_gain|saturation_margin|unity_gain_bandwidth,,0.032217,0.0,0.409596
llm_full_residual_escape_postprocess_fallback__two_stage_miller_ota__seed_10,001,llm_full_residual_escape_postprocess_fallback,LLM diagnosis + repair,two_stage_miller_ota,Two-stage,dc_gain_04_M3_L_increase,dc_gain,spice_small_perturbation,False,,dc_gain|saturation_margin|unity_gain_bandwidth,0.0,1.059174,-14.629107
llm_full_residual_escape_postprocess_fallback__two_stage_miller_ota__seed_10,001,llm_full_residual_escape_postprocess_fallback,LLM diagnosis + repair,two_stage_miller_ota,Two-stage,dc_gain_05_M6_L_increase,dc_gain,spice_small_perturbation,True,dc_gain|saturation_margin|unity_gain_bandwidth,,0.282763,0.0,3.605088
llm_full_residual_escape_postprocess_fallback__two_stage_miller_ota__seed_10,001,llm_full_residual_escape_postprocess_fallback,LLM diagnosis + repair,two_stage_miller_ota,Two-stage,dc_gain_06_M7_L_increase,dc_gain,spice_small_perturbation,False,,dc_gain|saturation_margin|unity_gain_bandwidth,0.0,0.034463,-0.439108
llm_full_residual_escape_postprocess_fallback__two_stage_miller_ota__seed_10,002,llm_full_residual_escape_postprocess_fallback,LLM diagnosis + repair,two_stage_miller_ota,Two-stage,dc_gain_01_M1_gm_id_increase,dc_gain,spice_small_perturbation,True,unity_gain_bandwidth,dc_gain|saturation_margin,0.024101,0.044547,-0.510727
llm_full_residual_escape_postprocess_fallback__two_stage_miller_ota__seed_10,002,llm_full_residual_escape_postprocess_fallback,LLM diagnosis + repair,two_stage_miller_ota,Two-stage,dc_gain_02_M6_gm_id_increase,dc_gain,spice_small_perturbation,False,,dc_gain|saturation_margin|unity_gain_bandwidth,0.0,0.575382,-5.582184
llm_full_residual_escape_postprocess_fallback__two_stage_miller_ota__seed_10,002,llm_full_residual_escape_postprocess_fallback,LLM diagnosis + repair,two_stage_miller_ota,Two-stage,unity_gain_bandwidth_02_global_Cc_decrease,unity_gain_bandwidth,spice_small_perturbation,False,,unity_gain_bandwidth,0.0,0.003176,-0.003729
llm_full_residual_escape_postprocess_fallback__two_stage_miller_ota__seed_10,002,llm_full_residual_escape_postprocess_fallback,LLM diagnosis + repair,two_stage_miller_ota,Two-stage,saturation_margin_02_global_I_tail_increase,saturation_margin,spice_small_perturbation,False,,dc_gain|saturation_margin|unity_gain_bandwidth,0.0,0.964842,-11.301095
llm_full_residual_escape_postprocess_fallback__two_stage_miller_ota__seed_10,002,llm_full_residual_escape_postprocess_fallback,LLM diagnosis + repair,two_stage_miller_ota,Two-stage,saturation_margin_03_M7_gm_id_increase,saturation_margin,spice_small_perturbation,True,dc_gain|saturation_margin|unity_gain_bandwidth,,0.052442,0.0,0.520331
llm_full_residual_escape_postprocess_fallback__two_stage_miller_ota__seed_10,002,llm_full_residual_escape_postprocess_fallback,LLM diagnosis + repair,two_stage_miller_ota,Two-stage,dc_gain_04_M3_L_increase,dc_gain,spice_small_perturbation,False,,dc_gain|saturation_margin|unity_gain_bandwidth,0.0,1.146755,-13.090857
llm_full_residual_escape_postprocess_fallback__two_stage_miller_ota__seed_10,002,llm_full_residual_escape_postprocess_fallback,LLM diagnosis + repair,two_stage_miller_ota,Two-stage,dc_gain_05_M6_L_increase,dc_gain,spice_small_perturbation,True,dc_gain|saturation_margin|unity_gain_bandwidth,,0.339669,0.0,3.668688
llm_full_residual_escape_postprocess_fallback__two_stage_miller_ota__seed_10,002,llm_full_residual_escape_postprocess_fallback,LLM diagnosis + repair,two_stage_miller_ota,Two-stage,dc_gain_06_M7_L_increase,dc_gain,spice_small_perturbation,False,,dc_gain|saturation_margin|unity_gain_bandwidth,0.0,0.056519,-0.562604
llm_full_residual_escape_postprocess_fallback__two_stage_miller_ota__seed_10,004,llm_full_residual_escape_postprocess_fallback,LLM diagnosis + repair,two_stage_miller_ota,Two-stage,dc_gain_01_M1_gm_id_increase,dc_gain,spice_small_perturbation,True,unity_gain_bandwidth,dc_gain|saturation_margin,0.006651,0.008214,-0.09987
llm_full_residual_escape_postprocess_fallback__two_stage_miller_ota__seed_10,004,llm_full_residual_escape_postprocess_fallback,LLM diagnosis + repair,two_stage_miller_ota,Two-stage,dc_gain_02_M6_gm_id_increase,dc_gain,spice_small_perturbation,False,,dc_gain|saturation_margin|unity_gain_bandwidth,0.0,0.433893,-5.519738
llm_full_residual_escape_postprocess_fallback__two_stage_miller_ota__seed_10,004,llm_full_residual_escape_postprocess_fallback,LLM diagnosis + repair,two_stage_miller_ota,Two-stage,unity_gain_bandwidth_02_global_Cc_decrease,unity_gain_bandwidth,spice_small_perturbation,True,unity_gain_bandwidth,,0.035043,0.0,0.057624
llm_full_residual_escape_postprocess_fallback__two_stage_miller_ota__seed_10,004,llm_full_residual_escape_postprocess_fallback,LLM diagnosis + repair,two_stage_miller_ota,Two-stage,saturation_margin_02_global_I_tail_increase,saturation_margin,spice_small_perturbation,False,,dc_gain|saturation_margin|unity_gain_bandwidth,0.0,2.092334,-29.819702
llm_full_residual_escape_postprocess_fallback__two_stage_miller_ota__seed_10,004,llm_full_residual_escape_postprocess_fallback,LLM diagnosis + repair,two_stage_miller_ota,Two-stage,saturation_margin_03_M7_gm_id_increase,saturation_margin,spice_small_perturbation,True,dc_gain|saturation_margin|unity_gain_bandwidth,,0.032217,0.0,0.409596
llm_full_residual_escape_postprocess_fallback__two_stage_miller_ota__seed_10,004,llm_full_residual_escape_postprocess_fallback,LLM diagnosis + repair,two_stage_miller_ota,Two-stage,dc_gain_04_M3_L_increase,dc_gain,spice_small_perturbation,False,,dc_gain|saturation_margin|unity_gain_bandwidth,0.0,1.059174,-14.629107
llm_full_residual_escape_postprocess_fallback__two_stage_miller_ota__seed_10,004,llm_full_residual_escape_postprocess_fallback,LLM diagnosis + repair,two_stage_miller_ota,Two-stage,dc_gain_05_M6_L_increase,dc_gain,spice_small_perturbation,True,dc_gain|saturation_margin|unity_gain_bandwidth,,0.282763,0.0,3.605088
llm_full_residual_escape_postprocess_fallback__two_stage_miller_ota__seed_10,004,llm_full_residual_escape_postprocess_fallback,LLM diagnosis + repair,two_stage_miller_ota,Two-stage,dc_gain_06_M7_L_increase,dc_gain,spice_small_perturbation,False,,dc_gain|saturation_margin|unity_gain_bandwidth,0.0,0.034463,-0.439108
llm_full_residual_escape_postprocess_fallback__two_stage_miller_ota__seed_10,005,llm_full_residual_escape_postprocess_fallback,LLM diagnosis + repair,two_stage_miller_ota,Two-stage,dc_gain_01_M1_gm_id_increase,dc_gain,spice_small_perturbation,True,unity_gain_bandwidth,dc_gain|saturation_margin,0.006651,0.008214,-0.09987
llm_full_residual_escape_postprocess_fallback__two_stage_miller_ota__seed_10,005,llm_full_residual_escape_postprocess_fallback,LLM diagnosis + repair,two_stage_miller_ota,Two-stage,dc_gain_02_M6_gm_id_increase,dc_gain,spice_small_perturbation,False,,dc_gain|saturation_margin|unity_gain_bandwidth,0.0,0.433893,-5.519738
llm_full_residual_escape_postprocess_fallback__two_stage_miller_ota__seed_10,005,llm_full_residual_escape_postprocess_fallback,LLM diagnosis + repair,two_stage_miller_ota,Two-stage,unity_gain_bandwidth_02_global_Cc_decrease,unity_gain_bandwidth,spice_small_perturbation,True,unity_gain_bandwidth,,0.035043,0.0,0.057624
llm_full_residual_escape_postprocess_fallback__two_stage_miller_ota__seed_10,005,llm_full_residual_escape_postprocess_fallback,LLM diagnosis + repair,two_stage_miller_ota,Two-stage,saturation_margin_02_global_I_tail_increase,saturation_margin,spice_small_perturbation,False,,dc_gain|saturation_margin|unity_gain_bandwidth,0.0,2.092334,-29.819702
llm_full_residual_escape_postprocess_fallback__two_stage_miller_ota__seed_10,005,llm_full_residual_escape_postprocess_fallback,LLM diagnosis + repair,two_stage_miller_ota,Two-stage,saturation_margin_03_M7_gm_id_increase,saturation_margin,spice_small_perturbation,True,dc_gain|saturation_margin|unity_gain_bandwidth,,0.032217,0.0,0.409596
llm_full_residual_escape_postprocess_fallback__two_stage_miller_ota__seed_10,005,llm_full_residual_escape_postprocess_fallback,LLM diagnosis + repair,two_stage_miller_ota,Two-stage,dc_gain_04_M3_L_increase,dc_gain,spice_small_perturbation,False,,dc_gain|saturation_margin|unity_gain_bandwidth,0.0,1.059174,-14.629107
llm_full_residual_escape_postprocess_fallback__two_stage_miller_ota__seed_10,005,llm_full_residual_escape_postprocess_fallback,LLM diagnosis + repair,two_stage_miller_ota,Two-stage,dc_gain_05_M6_L_increase,dc_gain,spice_small_perturbation,True,dc_gain|saturation_margin|unity_gain_bandwidth,,0.282763,0.0,3.605088
llm_full_residual_escape_postprocess_fallback__two_stage_miller_ota__seed_10,005,llm_full_residual_escape_postprocess_fallback,LLM diagnosis + repair,two_stage_miller_ota,Two-stage,dc_gain_06_M7_L_increase,dc_gain,spice_small_perturbation,False,,dc_gain|saturation_margin|unity_gain_bandwidth,0.0,0.034463,-0.439108
llm_full_residual_escape_postprocess_fallback__two_stage_miller_ota__seed_10,006,llm_full_residual_escape_postprocess_fallback,LLM diagnosis + repair,two_stage_miller_ota,Two-stage,dc_gain_01_M1_gm_id_increase,dc_gain,spice_small_perturbation,True,unity_gain_bandwidth,dc_gain|saturation_margin,0.024101,0.044547,-0.510727
llm_full_residual_escape_postprocess_fallback__two_stage_miller_ota__seed_10,006,llm_full_residual_escape_postprocess_fallback,LLM diagnosis + repair,two_stage_miller_ota,Two-stage,dc_gain_02_M6_gm_id_increase,dc_gain,spice_small_perturbation,False,,dc_gain|saturation_margin|unity_gain_bandwidth,0.0,0.575382,-5.582184
llm_full_residual_escape_postprocess_fallback__two_stage_miller_ota__seed_10,006,llm_full_residual_escape_postprocess_fallback,LLM diagnosis + repair,two_stage_miller_ota,Two-stage,unity_gain_bandwidth_02_global_Cc_decrease,unity_gain_bandwidth,spice_small_perturbation,False,,unity_gain_bandwidth,0.0,0.003176,-0.003729
llm_full_residual_escape_postprocess_fallback__two_stage_miller_ota__seed_10,006,llm_full_residual_escape_postprocess_fallback,LLM diagnosis + repair,two_stage_miller_ota,Two-stage,saturation_margin_02_global_I_tail_increase,saturation_margin,spice_small_perturbation,False,,dc_gain|saturation_margin|unity_gain_bandwidth,0.0,0.964842,-11.301095
llm_full_residual_escape_postprocess_fallback__two_stage_miller_ota__seed_10,006,llm_full_residual_escape_postprocess_fallback,LLM diagnosis + repair,two_stage_miller_ota,Two-stage,saturation_margin_03_M7_gm_id_increase,saturation_margin,spice_small_perturbation,True,dc_gain|saturation_margin|unity_gain_bandwidth,,0.052442,0.0,0.520331
llm_full_residual_escape_postprocess_fallback__two_stage_miller_ota__seed_10,006,llm_full_residual_escape_postprocess_fallback,LLM diagnosis + repair,two_stage_miller_ota,Two-stage,dc_gain_04_M3_L_increase,dc_gain,spice_small_perturbation,False,,dc_gain|saturation_margin|unity_gain_bandwidth,0.0,1.146755,-13.090857
llm_full_residual_escape_postprocess_fallback__two_stage_miller_ota__seed_10,006,llm_full_residual_escape_postprocess_fallback,LLM diagnosis + repair,two_stage_miller_ota,Two-stage,dc_gain_05_M6_L_increase,dc_gain,spice_small_perturbation,True,dc_gain|saturation_margin|unity_gain_bandwidth,,0.339669,0.0,3.668688
llm_full_residual_escape_postprocess_fallback__two_stage_miller_ota__seed_10,006,llm_full_residual_escape_postprocess_fallback,LLM diagnosis + repair,two_stage_miller_ota,Two-stage,dc_gain_06_M7_L_increase,dc_gain,spice_small_perturbation,False,,dc_gain|saturation_margin|unity_gain_bandwidth,0.0,0.056519,-0.562604
llm_full_residual_escape_postprocess_fallback__two_stage_miller_ota__seed_10,007,llm_full_residual_escape_postprocess_fallback,LLM diagnosis + repair,two_stage_miller_ota,Two-stage,dc_gain_01_M1_gm_id_increase,dc_gain,spice_small_perturbation,True,unity_gain_bandwidth,dc_gain|saturation_margin,0.02565,0.044586,-0.506756
llm_full_residual_escape_postprocess_fallback__two_stage_miller_ota__seed_10,007,llm_full_residual_escape_postprocess_fallback,LLM diagnosis + repair,two_stage_miller_ota,Two-stage,dc_gain_02_M6_gm_id_increase,dc_gain,spice_small_perturbation,False,,dc_gain|saturation_margin|unity_gain_bandwidth,0.0,0.622088,-5.878675
llm_full_residual_escape_postprocess_fallback__two_stage_miller_ota__seed_10,007,llm_full_residual_escape_postprocess_fallback,LLM diagnosis + repair,two_stage_miller_ota,Two-stage,unity_gain_bandwidth_02_global_Cc_decrease,unity_gain_bandwidth,spice_small_perturbation,False,,unity_gain_bandwidth,0.0,0.010747,-0.011261
llm_full_residual_escape_postprocess_fallback__two_stage_miller_ota__seed_10,007,llm_full_residual_escape_postprocess_fallback,LLM diagnosis + repair,two_stage_miller_ota,Two-stage,saturation_margin_02_global_I_tail_increase,saturation_margin,spice_small_perturbation,False,,dc_gain|saturation_margin|unity_gain_bandwidth,0.0,0.9922340000000001,-11.42845
llm_full_residual_escape_postprocess_fallback__two_stage_miller_ota__seed_10,007,llm_full_residual_escape_postprocess_fallback,LLM diagnosis + repair,two_stage_miller_ota,Two-stage,saturation_margin_03_M7_gm_id_increase,saturation_margin,spice_small_perturbation,True,dc_gain|saturation_margin|unity_gain_bandwidth,,0.066985,0.0,0.653445
llm_full_residual_escape_postprocess_fallback__two_stage_miller_ota__seed_10,007,llm_full_residual_escape_postprocess_fallback,LLM diagnosis + repair,two_stage_miller_ota,Two-stage,dc_gain_04_M3_L_increase,dc_gain,spice_small_perturbation,False,,dc_gain|saturation_margin|unity_gain_bandwidth,0.0,1.181991,-13.218422
llm_full_residual_escape_postprocess_fallback__two_stage_miller_ota__seed_10,007,llm_full_residual_escape_postprocess_fallback,LLM diagnosis + repair,two_stage_miller_ota,Two-stage,dc_gain_05_M6_L_increase,dc_gain,spice_small_perturbation,True,dc_gain|saturation_margin|unity_gain_bandwidth,,0.36320800000000003,0.0,3.909668
llm_full_residual_escape_postprocess_fallback__two_stage_miller_ota__seed_10,007,llm_full_residual_escape_postprocess_fallback,LLM diagnosis + repair,two_stage_miller_ota,Two-stage,dc_gain_06_M7_L_increase,dc_gain,spice_small_perturbation,False,,dc_gain|saturation_margin|unity_gain_bandwidth,0.0,0.077359,-0.757843
