job,case,method,family,schema,topology,topology_label,seed,spec,spec_label,metric,direction,target,measured,unit,passed,achievement,capped_achievement,normalized_margin
optimizer_only__two_stage_miller_ota__seed_2,optimizer_only,Optimizer,baseline,inputs/ota/two_stage_miller/two_stage_miller_ota.yaml,two_stage_miller_ota,Two-stage Miller,2,dc_gain,Gain,dc_gain_db,min,57.0,15.0125806,dB,False,0.26337860701754384,0.26337860701754384,-0.7366213929824561
optimizer_only__two_stage_miller_ota__seed_2,optimizer_only,Optimizer,baseline,inputs/ota/two_stage_miller/two_stage_miller_ota.yaml,two_stage_miller_ota,Two-stage Miller,2,unity_gain_bandwidth,UGBW,unity_gain_bandwidth,min,20000000.0,2657486.320616258,Hz,False,0.1328743160308129,0.1328743160308129,-0.8671256839691872
optimizer_only__two_stage_miller_ota__seed_2,optimizer_only,Optimizer,baseline,inputs/ota/two_stage_miller/two_stage_miller_ota.yaml,two_stage_miller_ota,Two-stage Miller,2,phase_margin,Phase margin,phase_margin,min,60.0,113.54977865781383,deg,True,1.892496310963564,1.5,0.8924963109635639
optimizer_only__two_stage_miller_ota__seed_2,optimizer_only,Optimizer,baseline,inputs/ota/two_stage_miller/two_stage_miller_ota.yaml,two_stage_miller_ota,Two-stage Miller,2,slew_rate,Slew rate,slew_rate,min,10000000.0,,V/s,False,,,
optimizer_only__two_stage_miller_ota__seed_2,optimizer_only,Optimizer,baseline,inputs/ota/two_stage_miller/two_stage_miller_ota.yaml,two_stage_miller_ota,Two-stage Miller,2,output_swing,Output swing,output_swing,min,0.49,0.6291088999999999,V,True,1.283895714285714,1.283895714285714,0.28389571428571403
optimizer_only__two_stage_miller_ota__seed_2,optimizer_only,Optimizer,baseline,inputs/ota/two_stage_miller/two_stage_miller_ota.yaml,two_stage_miller_ota,Two-stage Miller,2,power,Power,total_power,max,0.001,0.00042184080000000004,W,True,2.370562543973935,1.5,0.5781592
optimizer_only__two_stage_miller_ota__seed_1,optimizer_only,Optimizer,baseline,inputs/ota/two_stage_miller/two_stage_miller_ota.yaml,two_stage_miller_ota,Two-stage Miller,1,dc_gain,Gain,dc_gain_db,min,57.0,14.5309697,dB,False,0.25492929298245615,0.25492929298245615,-0.7450707070175439
optimizer_only__two_stage_miller_ota__seed_1,optimizer_only,Optimizer,baseline,inputs/ota/two_stage_miller/two_stage_miller_ota.yaml,two_stage_miller_ota,Two-stage Miller,1,unity_gain_bandwidth,UGBW,unity_gain_bandwidth,min,20000000.0,4116086.879704009,Hz,False,0.20580434398520045,0.20580434398520045,-0.7941956560147995
optimizer_only__two_stage_miller_ota__seed_1,optimizer_only,Optimizer,baseline,inputs/ota/two_stage_miller/two_stage_miller_ota.yaml,two_stage_miller_ota,Two-stage Miller,1,phase_margin,Phase margin,phase_margin,min,60.0,123.0012530264494,deg,True,2.050020883774157,1.5,1.0500208837741567
optimizer_only__two_stage_miller_ota__seed_1,optimizer_only,Optimizer,baseline,inputs/ota/two_stage_miller/two_stage_miller_ota.yaml,two_stage_miller_ota,Two-stage Miller,1,slew_rate,Slew rate,slew_rate,min,10000000.0,,V/s,False,,,
optimizer_only__two_stage_miller_ota__seed_1,optimizer_only,Optimizer,baseline,inputs/ota/two_stage_miller/two_stage_miller_ota.yaml,two_stage_miller_ota,Two-stage Miller,1,output_swing,Output swing,output_swing,min,0.49,0.65589462,V,True,1.338560448979592,1.338560448979592,0.3385604489795918
optimizer_only__two_stage_miller_ota__seed_1,optimizer_only,Optimizer,baseline,inputs/ota/two_stage_miller/two_stage_miller_ota.yaml,two_stage_miller_ota,Two-stage Miller,1,power,Power,total_power,max,0.001,0.00041332799999999997,W,True,2.419386056594279,1.5,0.5866720000000001
optimizer_only__two_stage_miller_ota__seed_3,optimizer_only,Optimizer,baseline,inputs/ota/two_stage_miller/two_stage_miller_ota.yaml,two_stage_miller_ota,Two-stage Miller,3,dc_gain,Gain,dc_gain_db,min,57.0,14.1982825,dB,False,0.24909267543859648,0.24909267543859648,-0.7509073245614035
optimizer_only__two_stage_miller_ota__seed_3,optimizer_only,Optimizer,baseline,inputs/ota/two_stage_miller/two_stage_miller_ota.yaml,two_stage_miller_ota,Two-stage Miller,3,unity_gain_bandwidth,UGBW,unity_gain_bandwidth,min,20000000.0,3850863.660757432,Hz,False,0.1925431830378716,0.1925431830378716,-0.8074568169621285
optimizer_only__two_stage_miller_ota__seed_3,optimizer_only,Optimizer,baseline,inputs/ota/two_stage_miller/two_stage_miller_ota.yaml,two_stage_miller_ota,Two-stage Miller,3,phase_margin,Phase margin,phase_margin,min,60.0,123.62643252998967,deg,True,2.0604405421664946,1.5,1.0604405421664944
optimizer_only__two_stage_miller_ota__seed_3,optimizer_only,Optimizer,baseline,inputs/ota/two_stage_miller/two_stage_miller_ota.yaml,two_stage_miller_ota,Two-stage Miller,3,slew_rate,Slew rate,slew_rate,min,10000000.0,,V/s,False,,,
optimizer_only__two_stage_miller_ota__seed_3,optimizer_only,Optimizer,baseline,inputs/ota/two_stage_miller/two_stage_miller_ota.yaml,two_stage_miller_ota,Two-stage Miller,3,output_swing,Output swing,output_swing,min,0.49,0.5902598299999999,V,True,1.2046118979591836,1.2046118979591836,0.20461189795918355
optimizer_only__two_stage_miller_ota__seed_3,optimizer_only,Optimizer,baseline,inputs/ota/two_stage_miller/two_stage_miller_ota.yaml,two_stage_miller_ota,Two-stage Miller,3,power,Power,total_power,max,0.001,0.0004891607999999999,W,True,2.044317533211983,1.5,0.5108392
optimizer_only__two_stage_miller_ota__seed_4,optimizer_only,Optimizer,baseline,inputs/ota/two_stage_miller/two_stage_miller_ota.yaml,two_stage_miller_ota,Two-stage Miller,4,dc_gain,Gain,dc_gain_db,min,57.0,15.8469935,dB,False,0.2780174298245614,0.2780174298245614,-0.7219825701754387
optimizer_only__two_stage_miller_ota__seed_4,optimizer_only,Optimizer,baseline,inputs/ota/two_stage_miller/two_stage_miller_ota.yaml,two_stage_miller_ota,Two-stage Miller,4,unity_gain_bandwidth,UGBW,unity_gain_bandwidth,min,20000000.0,4027168.3043937245,Hz,False,0.20135841521968623,0.20135841521968623,-0.7986415847803138
optimizer_only__two_stage_miller_ota__seed_4,optimizer_only,Optimizer,baseline,inputs/ota/two_stage_miller/two_stage_miller_ota.yaml,two_stage_miller_ota,Two-stage Miller,4,phase_margin,Phase margin,phase_margin,min,60.0,121.30861216804814,deg,True,2.0218102028008023,1.5,1.0218102028008025
optimizer_only__two_stage_miller_ota__seed_4,optimizer_only,Optimizer,baseline,inputs/ota/two_stage_miller/two_stage_miller_ota.yaml,two_stage_miller_ota,Two-stage Miller,4,slew_rate,Slew rate,slew_rate,min,10000000.0,,V/s,False,,,
optimizer_only__two_stage_miller_ota__seed_4,optimizer_only,Optimizer,baseline,inputs/ota/two_stage_miller/two_stage_miller_ota.yaml,two_stage_miller_ota,Two-stage Miller,4,output_swing,Output swing,output_swing,min,0.49,0.69562561,V,True,1.4196441020408164,1.4196441020408164,0.41964410204081637
optimizer_only__two_stage_miller_ota__seed_4,optimizer_only,Optimizer,baseline,inputs/ota/two_stage_miller/two_stage_miller_ota.yaml,two_stage_miller_ota,Two-stage Miller,4,power,Power,total_power,max,0.001,0.0003377136,W,True,2.961088922684784,1.5,0.6622864
optimizer_only__two_stage_miller_ota__seed_5,optimizer_only,Optimizer,baseline,inputs/ota/two_stage_miller/two_stage_miller_ota.yaml,two_stage_miller_ota,Two-stage Miller,5,dc_gain,Gain,dc_gain_db,min,57.0,15.073167,dB,False,0.2644415263157895,0.2644415263157895,-0.7355584736842106
optimizer_only__two_stage_miller_ota__seed_5,optimizer_only,Optimizer,baseline,inputs/ota/two_stage_miller/two_stage_miller_ota.yaml,two_stage_miller_ota,Two-stage Miller,5,unity_gain_bandwidth,UGBW,unity_gain_bandwidth,min,20000000.0,4168025.7290977105,Hz,False,0.2084012864548855,0.2084012864548855,-0.7915987135451145
optimizer_only__two_stage_miller_ota__seed_5,optimizer_only,Optimizer,baseline,inputs/ota/two_stage_miller/two_stage_miller_ota.yaml,two_stage_miller_ota,Two-stage Miller,5,phase_margin,Phase margin,phase_margin,min,60.0,121.72621150029364,deg,True,2.0287701916715606,1.5,1.0287701916715608
optimizer_only__two_stage_miller_ota__seed_5,optimizer_only,Optimizer,baseline,inputs/ota/two_stage_miller/two_stage_miller_ota.yaml,two_stage_miller_ota,Two-stage Miller,5,slew_rate,Slew rate,slew_rate,min,10000000.0,,V/s,False,,,
optimizer_only__two_stage_miller_ota__seed_5,optimizer_only,Optimizer,baseline,inputs/ota/two_stage_miller/two_stage_miller_ota.yaml,two_stage_miller_ota,Two-stage Miller,5,output_swing,Output swing,output_swing,min,0.49,0.6415505499999998,V,True,1.3092868367346935,1.3092868367346935,0.30928683673469354
optimizer_only__two_stage_miller_ota__seed_5,optimizer_only,Optimizer,baseline,inputs/ota/two_stage_miller/two_stage_miller_ota.yaml,two_stage_miller_ota,Two-stage Miller,5,power,Power,total_power,max,0.001,0.0004900163999999999,W,True,2.0407480239436886,1.5,0.5099836000000001
optimizer_only__two_stage_miller_ota__seed_6,optimizer_only,Optimizer,baseline,inputs/ota/two_stage_miller/two_stage_miller_ota.yaml,two_stage_miller_ota,Two-stage Miller,6,dc_gain,Gain,dc_gain_db,min,57.0,15.4729101,dB,False,0.27145456315789473,0.27145456315789473,-0.7285454368421053
optimizer_only__two_stage_miller_ota__seed_6,optimizer_only,Optimizer,baseline,inputs/ota/two_stage_miller/two_stage_miller_ota.yaml,two_stage_miller_ota,Two-stage Miller,6,unity_gain_bandwidth,UGBW,unity_gain_bandwidth,min,20000000.0,8961625.956974113,Hz,False,0.44808129784870565,0.44808129784870565,-0.5519187021512943
optimizer_only__two_stage_miller_ota__seed_6,optimizer_only,Optimizer,baseline,inputs/ota/two_stage_miller/two_stage_miller_ota.yaml,two_stage_miller_ota,Two-stage Miller,6,phase_margin,Phase margin,phase_margin,min,60.0,127.498133433034,deg,True,2.1249688905505666,1.5,1.1249688905505666
optimizer_only__two_stage_miller_ota__seed_6,optimizer_only,Optimizer,baseline,inputs/ota/two_stage_miller/two_stage_miller_ota.yaml,two_stage_miller_ota,Two-stage Miller,6,slew_rate,Slew rate,slew_rate,min,10000000.0,,V/s,False,,,
optimizer_only__two_stage_miller_ota__seed_6,optimizer_only,Optimizer,baseline,inputs/ota/two_stage_miller/two_stage_miller_ota.yaml,two_stage_miller_ota,Two-stage Miller,6,output_swing,Output swing,output_swing,min,0.49,0.6347719599999999,V,True,1.2954529795918366,1.2954529795918366,0.2954529795918366
optimizer_only__two_stage_miller_ota__seed_6,optimizer_only,Optimizer,baseline,inputs/ota/two_stage_miller/two_stage_miller_ota.yaml,two_stage_miller_ota,Two-stage Miller,6,power,Power,total_power,max,0.001,0.0004484676,W,True,2.2298154872280627,1.5,0.5515324
optimizer_only__two_stage_miller_ota__seed_8,optimizer_only,Optimizer,baseline,inputs/ota/two_stage_miller/two_stage_miller_ota.yaml,two_stage_miller_ota,Two-stage Miller,8,dc_gain,Gain,dc_gain_db,min,57.0,14.0702018,dB,False,0.24684564561403508,0.24684564561403508,-0.7531543543859649
optimizer_only__two_stage_miller_ota__seed_8,optimizer_only,Optimizer,baseline,inputs/ota/two_stage_miller/two_stage_miller_ota.yaml,two_stage_miller_ota,Two-stage Miller,8,unity_gain_bandwidth,UGBW,unity_gain_bandwidth,min,20000000.0,3448299.7573595485,Hz,False,0.17241498786797743,0.17241498786797743,-0.8275850121320225
optimizer_only__two_stage_miller_ota__seed_8,optimizer_only,Optimizer,baseline,inputs/ota/two_stage_miller/two_stage_miller_ota.yaml,two_stage_miller_ota,Two-stage Miller,8,phase_margin,Phase margin,phase_margin,min,60.0,121.35944986380127,deg,True,2.0226574977300213,1.5,1.0226574977300211
optimizer_only__two_stage_miller_ota__seed_8,optimizer_only,Optimizer,baseline,inputs/ota/two_stage_miller/two_stage_miller_ota.yaml,two_stage_miller_ota,Two-stage Miller,8,slew_rate,Slew rate,slew_rate,min,10000000.0,,V/s,False,,,
optimizer_only__two_stage_miller_ota__seed_8,optimizer_only,Optimizer,baseline,inputs/ota/two_stage_miller/two_stage_miller_ota.yaml,two_stage_miller_ota,Two-stage Miller,8,output_swing,Output swing,output_swing,min,0.49,0.6207478200000001,V,True,1.266832285714286,1.266832285714286,0.26683228571428586
optimizer_only__two_stage_miller_ota__seed_8,optimizer_only,Optimizer,baseline,inputs/ota/two_stage_miller/two_stage_miller_ota.yaml,two_stage_miller_ota,Two-stage Miller,8,power,Power,total_power,max,0.001,0.0004645344,W,True,2.1526931051823075,1.5,0.5354656
optimizer_only__two_stage_miller_ota__seed_7,optimizer_only,Optimizer,baseline,inputs/ota/two_stage_miller/two_stage_miller_ota.yaml,two_stage_miller_ota,Two-stage Miller,7,dc_gain,Gain,dc_gain_db,min,57.0,14.3110124,dB,False,0.25107039298245615,0.25107039298245615,-0.748929607017544
optimizer_only__two_stage_miller_ota__seed_7,optimizer_only,Optimizer,baseline,inputs/ota/two_stage_miller/two_stage_miller_ota.yaml,two_stage_miller_ota,Two-stage Miller,7,unity_gain_bandwidth,UGBW,unity_gain_bandwidth,min,20000000.0,2630082.838043383,Hz,False,0.13150414190216914,0.13150414190216914,-0.8684958580978308
optimizer_only__two_stage_miller_ota__seed_7,optimizer_only,Optimizer,baseline,inputs/ota/two_stage_miller/two_stage_miller_ota.yaml,two_stage_miller_ota,Two-stage Miller,7,phase_margin,Phase margin,phase_margin,min,60.0,115.85927574649752,deg,True,1.9309879291082919,1.5,0.930987929108292
optimizer_only__two_stage_miller_ota__seed_7,optimizer_only,Optimizer,baseline,inputs/ota/two_stage_miller/two_stage_miller_ota.yaml,two_stage_miller_ota,Two-stage Miller,7,slew_rate,Slew rate,slew_rate,min,10000000.0,,V/s,False,,,
optimizer_only__two_stage_miller_ota__seed_7,optimizer_only,Optimizer,baseline,inputs/ota/two_stage_miller/two_stage_miller_ota.yaml,two_stage_miller_ota,Two-stage Miller,7,output_swing,Output swing,output_swing,min,0.49,0.55229814,V,True,1.1271390612244898,1.1271390612244898,0.1271390612244898
optimizer_only__two_stage_miller_ota__seed_7,optimizer_only,Optimizer,baseline,inputs/ota/two_stage_miller/two_stage_miller_ota.yaml,two_stage_miller_ota,Two-stage Miller,7,power,Power,total_power,max,0.001,0.000643164,W,True,1.5548133912967765,1.5,0.35683600000000004
optimizer_only__two_stage_miller_ota__seed_10,optimizer_only,Optimizer,baseline,inputs/ota/two_stage_miller/two_stage_miller_ota.yaml,two_stage_miller_ota,Two-stage Miller,10,dc_gain,Gain,dc_gain_db,min,57.0,14.7616266,dB,False,0.2589759052631579,0.2589759052631579,-0.7410240947368422
optimizer_only__two_stage_miller_ota__seed_10,optimizer_only,Optimizer,baseline,inputs/ota/two_stage_miller/two_stage_miller_ota.yaml,two_stage_miller_ota,Two-stage Miller,10,unity_gain_bandwidth,UGBW,unity_gain_bandwidth,min,20000000.0,3759077.6639188044,Hz,False,0.18795388319594022,0.18795388319594022,-0.8120461168040598
optimizer_only__two_stage_miller_ota__seed_10,optimizer_only,Optimizer,baseline,inputs/ota/two_stage_miller/two_stage_miller_ota.yaml,two_stage_miller_ota,Two-stage Miller,10,phase_margin,Phase margin,phase_margin,min,60.0,120.2095153916992,deg,True,2.0034919231949866,1.5,1.0034919231949866
optimizer_only__two_stage_miller_ota__seed_10,optimizer_only,Optimizer,baseline,inputs/ota/two_stage_miller/two_stage_miller_ota.yaml,two_stage_miller_ota,Two-stage Miller,10,slew_rate,Slew rate,slew_rate,min,10000000.0,,V/s,False,,,
optimizer_only__two_stage_miller_ota__seed_10,optimizer_only,Optimizer,baseline,inputs/ota/two_stage_miller/two_stage_miller_ota.yaml,two_stage_miller_ota,Two-stage Miller,10,output_swing,Output swing,output_swing,min,0.49,0.6130403799999999,V,True,1.2511028163265305,1.2511028163265305,0.25110281632653053
optimizer_only__two_stage_miller_ota__seed_10,optimizer_only,Optimizer,baseline,inputs/ota/two_stage_miller/two_stage_miller_ota.yaml,two_stage_miller_ota,Two-stage Miller,10,power,Power,total_power,max,0.001,0.0006382067999999999,W,True,1.5668902305647638,1.5,0.3617932000000001
optimizer_only__two_stage_miller_ota__seed_9,optimizer_only,Optimizer,baseline,inputs/ota/two_stage_miller/two_stage_miller_ota.yaml,two_stage_miller_ota,Two-stage Miller,9,dc_gain,Gain,dc_gain_db,min,57.0,14.449981,dB,False,0.2535084385964912,0.2535084385964912,-0.7464915614035088
optimizer_only__two_stage_miller_ota__seed_9,optimizer_only,Optimizer,baseline,inputs/ota/two_stage_miller/two_stage_miller_ota.yaml,two_stage_miller_ota,Two-stage Miller,9,unity_gain_bandwidth,UGBW,unity_gain_bandwidth,min,20000000.0,3083260.292887872,Hz,False,0.1541630146443936,0.1541630146443936,-0.8458369853556063
optimizer_only__two_stage_miller_ota__seed_9,optimizer_only,Optimizer,baseline,inputs/ota/two_stage_miller/two_stage_miller_ota.yaml,two_stage_miller_ota,Two-stage Miller,9,phase_margin,Phase margin,phase_margin,min,60.0,116.80441634796803,deg,True,1.9467402724661338,1.5,0.9467402724661338
optimizer_only__two_stage_miller_ota__seed_9,optimizer_only,Optimizer,baseline,inputs/ota/two_stage_miller/two_stage_miller_ota.yaml,two_stage_miller_ota,Two-stage Miller,9,slew_rate,Slew rate,slew_rate,min,10000000.0,,V/s,False,,,
optimizer_only__two_stage_miller_ota__seed_9,optimizer_only,Optimizer,baseline,inputs/ota/two_stage_miller/two_stage_miller_ota.yaml,two_stage_miller_ota,Two-stage Miller,9,output_swing,Output swing,output_swing,min,0.49,0.55064857,V,True,1.1237725918367347,1.1237725918367347,0.12377259183673472
optimizer_only__two_stage_miller_ota__seed_9,optimizer_only,Optimizer,baseline,inputs/ota/two_stage_miller/two_stage_miller_ota.yaml,two_stage_miller_ota,Two-stage Miller,9,power,Power,total_power,max,0.001,0.0006830231999999999,W,True,1.4640791118076226,1.4640791118076226,0.3169768000000001
optimizer_only__current_mirror_ota_ihp130__seed_1,optimizer_only,Optimizer,baseline,inputs/ota/current_mirror/current_mirror_ota_ihp130.yaml,current_mirror_ota_ihp130,Current mirror,1,dc_gain,Gain,dc_gain_db,min,28.0,28.4652195,dB,True,1.0166149821428572,1.0166149821428572,0.01661498214285714
optimizer_only__current_mirror_ota_ihp130__seed_1,optimizer_only,Optimizer,baseline,inputs/ota/current_mirror/current_mirror_ota_ihp130.yaml,current_mirror_ota_ihp130,Current mirror,1,unity_gain_bandwidth,UGBW,unity_gain_bandwidth,min,30000000.0,9273852.975822773,Hz,False,0.3091284325274258,0.3091284325274258,-0.6908715674725743
optimizer_only__current_mirror_ota_ihp130__seed_1,optimizer_only,Optimizer,baseline,inputs/ota/current_mirror/current_mirror_ota_ihp130.yaml,current_mirror_ota_ihp130,Current mirror,1,phase_margin,Phase margin,phase_margin,min,60.0,77.99253204268584,deg,True,1.2998755340447639,1.2998755340447639,0.29987553404476397
optimizer_only__current_mirror_ota_ihp130__seed_1,optimizer_only,Optimizer,baseline,inputs/ota/current_mirror/current_mirror_ota_ihp130.yaml,current_mirror_ota_ihp130,Current mirror,1,slew_rate,Slew rate,slew_rate,min,25000000.0,,V/s,False,,,
optimizer_only__current_mirror_ota_ihp130__seed_1,optimizer_only,Optimizer,baseline,inputs/ota/current_mirror/current_mirror_ota_ihp130.yaml,current_mirror_ota_ihp130,Current mirror,1,output_swing,Output swing,output_swing,min,0.6,0.88841132,V,True,1.4806855333333333,1.4806855333333333,0.4806855333333334
optimizer_only__current_mirror_ota_ihp130__seed_1,optimizer_only,Optimizer,baseline,inputs/ota/current_mirror/current_mirror_ota_ihp130.yaml,current_mirror_ota_ihp130,Current mirror,1,power,Power,total_power,max,0.0003,6.881364e-06,W,True,43.59600800073939,1.5,0.97706212
optimizer_only__current_mirror_ota_ihp130__seed_2,optimizer_only,Optimizer,baseline,inputs/ota/current_mirror/current_mirror_ota_ihp130.yaml,current_mirror_ota_ihp130,Current mirror,2,dc_gain,Gain,dc_gain_db,min,28.0,25.141108,dB,False,0.8978967142857143,0.8978967142857143,-0.10210328571428574
optimizer_only__current_mirror_ota_ihp130__seed_2,optimizer_only,Optimizer,baseline,inputs/ota/current_mirror/current_mirror_ota_ihp130.yaml,current_mirror_ota_ihp130,Current mirror,2,unity_gain_bandwidth,UGBW,unity_gain_bandwidth,min,30000000.0,64758621.7373058,Hz,True,2.15862072457686,1.5,1.1586207245768598
optimizer_only__current_mirror_ota_ihp130__seed_2,optimizer_only,Optimizer,baseline,inputs/ota/current_mirror/current_mirror_ota_ihp130.yaml,current_mirror_ota_ihp130,Current mirror,2,phase_margin,Phase margin,phase_margin,min,60.0,88.0005757975424,deg,True,1.4666762632923733,1.4666762632923733,0.4666762632923733
optimizer_only__current_mirror_ota_ihp130__seed_2,optimizer_only,Optimizer,baseline,inputs/ota/current_mirror/current_mirror_ota_ihp130.yaml,current_mirror_ota_ihp130,Current mirror,2,slew_rate,Slew rate,slew_rate,min,25000000.0,,V/s,False,,,
optimizer_only__current_mirror_ota_ihp130__seed_2,optimizer_only,Optimizer,baseline,inputs/ota/current_mirror/current_mirror_ota_ihp130.yaml,current_mirror_ota_ihp130,Current mirror,2,output_swing,Output swing,output_swing,min,0.6,0.4662946899999999,V,False,0.7771578166666665,0.7771578166666665,-0.22284218333333347
optimizer_only__current_mirror_ota_ihp130__seed_2,optimizer_only,Optimizer,baseline,inputs/ota/current_mirror/current_mirror_ota_ihp130.yaml,current_mirror_ota_ihp130,Current mirror,2,power,Power,total_power,max,0.0003,0.0001443864,W,True,2.077758015990425,1.5,0.518712
optimizer_only__current_mirror_ota_ihp130__seed_3,optimizer_only,Optimizer,baseline,inputs/ota/current_mirror/current_mirror_ota_ihp130.yaml,current_mirror_ota_ihp130,Current mirror,3,dc_gain,Gain,dc_gain_db,min,28.0,27.9793544,dB,False,0.9992626571428571,0.9992626571428571,-0.0007373428571429182
optimizer_only__current_mirror_ota_ihp130__seed_3,optimizer_only,Optimizer,baseline,inputs/ota/current_mirror/current_mirror_ota_ihp130.yaml,current_mirror_ota_ihp130,Current mirror,3,unity_gain_bandwidth,UGBW,unity_gain_bandwidth,min,30000000.0,34242207.306782424,Hz,True,1.1414069102260809,1.1414069102260809,0.14140691022608082
optimizer_only__current_mirror_ota_ihp130__seed_3,optimizer_only,Optimizer,baseline,inputs/ota/current_mirror/current_mirror_ota_ihp130.yaml,current_mirror_ota_ihp130,Current mirror,3,phase_margin,Phase margin,phase_margin,min,60.0,78.94843636077566,deg,True,1.3158072726795944,1.3158072726795944,0.3158072726795943
optimizer_only__current_mirror_ota_ihp130__seed_3,optimizer_only,Optimizer,baseline,inputs/ota/current_mirror/current_mirror_ota_ihp130.yaml,current_mirror_ota_ihp130,Current mirror,3,slew_rate,Slew rate,slew_rate,min,25000000.0,,V/s,False,,,
optimizer_only__current_mirror_ota_ihp130__seed_3,optimizer_only,Optimizer,baseline,inputs/ota/current_mirror/current_mirror_ota_ihp130.yaml,current_mirror_ota_ihp130,Current mirror,3,output_swing,Output swing,output_swing,min,0.6,0.83912988,V,True,1.3985498,1.3985498,0.39854980000000007
optimizer_only__current_mirror_ota_ihp130__seed_3,optimizer_only,Optimizer,baseline,inputs/ota/current_mirror/current_mirror_ota_ihp130.yaml,current_mirror_ota_ihp130,Current mirror,3,power,Power,total_power,max,0.0003,3.843264e-05,W,True,7.805865014737473,1.5,0.8718912
optimizer_only__current_mirror_ota_ihp130__seed_4,optimizer_only,Optimizer,baseline,inputs/ota/current_mirror/current_mirror_ota_ihp130.yaml,current_mirror_ota_ihp130,Current mirror,4,dc_gain,Gain,dc_gain_db,min,28.0,26.5381069,dB,False,0.9477895321428571,0.9477895321428571,-0.052210467857142895
optimizer_only__current_mirror_ota_ihp130__seed_4,optimizer_only,Optimizer,baseline,inputs/ota/current_mirror/current_mirror_ota_ihp130.yaml,current_mirror_ota_ihp130,Current mirror,4,unity_gain_bandwidth,UGBW,unity_gain_bandwidth,min,30000000.0,15942329.081997218,Hz,False,0.5314109693999073,0.5314109693999073,-0.46858903060009277
optimizer_only__current_mirror_ota_ihp130__seed_4,optimizer_only,Optimizer,baseline,inputs/ota/current_mirror/current_mirror_ota_ihp130.yaml,current_mirror_ota_ihp130,Current mirror,4,phase_margin,Phase margin,phase_margin,min,60.0,83.10586834926055,deg,True,1.385097805821009,1.385097805821009,0.3850978058210091
optimizer_only__current_mirror_ota_ihp130__seed_4,optimizer_only,Optimizer,baseline,inputs/ota/current_mirror/current_mirror_ota_ihp130.yaml,current_mirror_ota_ihp130,Current mirror,4,slew_rate,Slew rate,slew_rate,min,25000000.0,,V/s,False,,,
optimizer_only__current_mirror_ota_ihp130__seed_4,optimizer_only,Optimizer,baseline,inputs/ota/current_mirror/current_mirror_ota_ihp130.yaml,current_mirror_ota_ihp130,Current mirror,4,output_swing,Output swing,output_swing,min,0.6,0.8544531099999999,V,True,1.4240885166666666,1.4240885166666666,0.4240885166666666
optimizer_only__current_mirror_ota_ihp130__seed_4,optimizer_only,Optimizer,baseline,inputs/ota/current_mirror/current_mirror_ota_ihp130.yaml,current_mirror_ota_ihp130,Current mirror,4,power,Power,total_power,max,0.0003,1.2776999999999998e-05,W,True,23.479690068091102,1.5,0.95741
optimizer_only__current_mirror_ota_ihp130__seed_5,optimizer_only,Optimizer,baseline,inputs/ota/current_mirror/current_mirror_ota_ihp130.yaml,current_mirror_ota_ihp130,Current mirror,5,dc_gain,Gain,dc_gain_db,min,28.0,27.4010616,dB,False,0.9786093428571428,0.9786093428571428,-0.0213906571428572
optimizer_only__current_mirror_ota_ihp130__seed_5,optimizer_only,Optimizer,baseline,inputs/ota/current_mirror/current_mirror_ota_ihp130.yaml,current_mirror_ota_ihp130,Current mirror,5,unity_gain_bandwidth,UGBW,unity_gain_bandwidth,min,30000000.0,9286743.7765072,Hz,False,0.30955812588357334,0.30955812588357334,-0.6904418741164267
optimizer_only__current_mirror_ota_ihp130__seed_5,optimizer_only,Optimizer,baseline,inputs/ota/current_mirror/current_mirror_ota_ihp130.yaml,current_mirror_ota_ihp130,Current mirror,5,phase_margin,Phase margin,phase_margin,min,60.0,75.09741395091369,deg,True,1.2516235658485615,1.2516235658485615,0.2516235658485615
optimizer_only__current_mirror_ota_ihp130__seed_5,optimizer_only,Optimizer,baseline,inputs/ota/current_mirror/current_mirror_ota_ihp130.yaml,current_mirror_ota_ihp130,Current mirror,5,slew_rate,Slew rate,slew_rate,min,25000000.0,4883337.558331469,V/s,False,0.19533350233325877,0.19533350233325877,-0.8046664976667414
optimizer_only__current_mirror_ota_ihp130__seed_5,optimizer_only,Optimizer,baseline,inputs/ota/current_mirror/current_mirror_ota_ihp130.yaml,current_mirror_ota_ihp130,Current mirror,5,output_swing,Output swing,output_swing,min,0.6,0.8961126500000001,V,True,1.4935210833333334,1.4935210833333334,0.4935210833333335
optimizer_only__current_mirror_ota_ihp130__seed_5,optimizer_only,Optimizer,baseline,inputs/ota/current_mirror/current_mirror_ota_ihp130.yaml,current_mirror_ota_ihp130,Current mirror,5,power,Power,total_power,max,0.0003,6.607848e-06,W,True,45.40056006130891,1.5,0.9779738399999999
optimizer_only__current_mirror_ota_ihp130__seed_6,optimizer_only,Optimizer,baseline,inputs/ota/current_mirror/current_mirror_ota_ihp130.yaml,current_mirror_ota_ihp130,Current mirror,6,dc_gain,Gain,dc_gain_db,min,28.0,24.9098187,dB,False,0.8896363821428571,0.8896363821428571,-0.1103636178571429
optimizer_only__current_mirror_ota_ihp130__seed_6,optimizer_only,Optimizer,baseline,inputs/ota/current_mirror/current_mirror_ota_ihp130.yaml,current_mirror_ota_ihp130,Current mirror,6,unity_gain_bandwidth,UGBW,unity_gain_bandwidth,min,30000000.0,133980956.01229508,Hz,True,4.466031867076503,1.5,3.4660318670765027
optimizer_only__current_mirror_ota_ihp130__seed_6,optimizer_only,Optimizer,baseline,inputs/ota/current_mirror/current_mirror_ota_ihp130.yaml,current_mirror_ota_ihp130,Current mirror,6,phase_margin,Phase margin,phase_margin,min,60.0,78.01950115025076,deg,True,1.300325019170846,1.300325019170846,0.30032501917084603
optimizer_only__current_mirror_ota_ihp130__seed_6,optimizer_only,Optimizer,baseline,inputs/ota/current_mirror/current_mirror_ota_ihp130.yaml,current_mirror_ota_ihp130,Current mirror,6,slew_rate,Slew rate,slew_rate,min,25000000.0,165405455.79727256,V/s,True,6.616218231890903,1.5,5.616218231890903
optimizer_only__current_mirror_ota_ihp130__seed_6,optimizer_only,Optimizer,baseline,inputs/ota/current_mirror/current_mirror_ota_ihp130.yaml,current_mirror_ota_ihp130,Current mirror,6,output_swing,Output swing,output_swing,min,0.6,0.4529821699999999,V,False,0.7549702833333332,0.7549702833333332,-0.24502971666666679
optimizer_only__current_mirror_ota_ihp130__seed_6,optimizer_only,Optimizer,baseline,inputs/ota/current_mirror/current_mirror_ota_ihp130.yaml,current_mirror_ota_ihp130,Current mirror,6,power,Power,total_power,max,0.0003,0.000328044,W,False,0.9145114679738083,0.9145114679738083,-0.09348000000000006
optimizer_only__current_mirror_ota_ihp130__seed_7,optimizer_only,Optimizer,baseline,inputs/ota/current_mirror/current_mirror_ota_ihp130.yaml,current_mirror_ota_ihp130,Current mirror,7,dc_gain,Gain,dc_gain_db,min,28.0,26.6923775,dB,False,0.9532991964285714,0.9532991964285714,-0.0467008035714286
optimizer_only__current_mirror_ota_ihp130__seed_7,optimizer_only,Optimizer,baseline,inputs/ota/current_mirror/current_mirror_ota_ihp130.yaml,current_mirror_ota_ihp130,Current mirror,7,unity_gain_bandwidth,UGBW,unity_gain_bandwidth,min,30000000.0,81661146.25916535,Hz,True,2.722038208638845,1.5,1.7220382086388448
optimizer_only__current_mirror_ota_ihp130__seed_7,optimizer_only,Optimizer,baseline,inputs/ota/current_mirror/current_mirror_ota_ihp130.yaml,current_mirror_ota_ihp130,Current mirror,7,phase_margin,Phase margin,phase_margin,min,60.0,68.30730086117512,deg,True,1.1384550143529186,1.1384550143529186,0.1384550143529187
optimizer_only__current_mirror_ota_ihp130__seed_7,optimizer_only,Optimizer,baseline,inputs/ota/current_mirror/current_mirror_ota_ihp130.yaml,current_mirror_ota_ihp130,Current mirror,7,slew_rate,Slew rate,slew_rate,min,25000000.0,109556750.22162516,V/s,True,4.382270008865007,1.5,3.3822700088650066
optimizer_only__current_mirror_ota_ihp130__seed_7,optimizer_only,Optimizer,baseline,inputs/ota/current_mirror/current_mirror_ota_ihp130.yaml,current_mirror_ota_ihp130,Current mirror,7,output_swing,Output swing,output_swing,min,0.6,0.6686198,V,True,1.1143663333333333,1.1143663333333333,0.11436633333333335
optimizer_only__current_mirror_ota_ihp130__seed_7,optimizer_only,Optimizer,baseline,inputs/ota/current_mirror/current_mirror_ota_ihp130.yaml,current_mirror_ota_ihp130,Current mirror,7,power,Power,total_power,max,0.0003,0.00018687359999999999,W,True,1.6053631973697728,1.5,0.377088
optimizer_only__current_mirror_ota_ihp130__seed_8,optimizer_only,Optimizer,baseline,inputs/ota/current_mirror/current_mirror_ota_ihp130.yaml,current_mirror_ota_ihp130,Current mirror,8,dc_gain,Gain,dc_gain_db,min,28.0,26.8529656,dB,False,0.9590344857142857,0.9590344857142857,-0.04096551428571425
optimizer_only__current_mirror_ota_ihp130__seed_8,optimizer_only,Optimizer,baseline,inputs/ota/current_mirror/current_mirror_ota_ihp130.yaml,current_mirror_ota_ihp130,Current mirror,8,unity_gain_bandwidth,UGBW,unity_gain_bandwidth,min,30000000.0,21375375.689438738,Hz,False,0.7125125229812913,0.7125125229812913,-0.28748747701870875
optimizer_only__current_mirror_ota_ihp130__seed_8,optimizer_only,Optimizer,baseline,inputs/ota/current_mirror/current_mirror_ota_ihp130.yaml,current_mirror_ota_ihp130,Current mirror,8,phase_margin,Phase margin,phase_margin,min,60.0,83.9677079507278,deg,True,1.3994617991787968,1.3994617991787968,0.39946179917879665
optimizer_only__current_mirror_ota_ihp130__seed_8,optimizer_only,Optimizer,baseline,inputs/ota/current_mirror/current_mirror_ota_ihp130.yaml,current_mirror_ota_ihp130,Current mirror,8,slew_rate,Slew rate,slew_rate,min,25000000.0,17527092.236453798,V/s,False,0.7010836894581519,0.7010836894581519,-0.2989163105418481
optimizer_only__current_mirror_ota_ihp130__seed_8,optimizer_only,Optimizer,baseline,inputs/ota/current_mirror/current_mirror_ota_ihp130.yaml,current_mirror_ota_ihp130,Current mirror,8,output_swing,Output swing,output_swing,min,0.6,0.8434487399999999,V,True,1.4057479,1.4057479,0.40574789999999994
optimizer_only__current_mirror_ota_ihp130__seed_8,optimizer_only,Optimizer,baseline,inputs/ota/current_mirror/current_mirror_ota_ihp130.yaml,current_mirror_ota_ihp130,Current mirror,8,power,Power,total_power,max,0.0003,2.130204e-05,W,True,14.08315823273264,1.5,0.9289932
optimizer_only__current_mirror_ota_ihp130__seed_9,optimizer_only,Optimizer,baseline,inputs/ota/current_mirror/current_mirror_ota_ihp130.yaml,current_mirror_ota_ihp130,Current mirror,9,dc_gain,Gain,dc_gain_db,min,28.0,24.5024297,dB,False,0.875086775,0.875086775,-0.12491322499999999
optimizer_only__current_mirror_ota_ihp130__seed_9,optimizer_only,Optimizer,baseline,inputs/ota/current_mirror/current_mirror_ota_ihp130.yaml,current_mirror_ota_ihp130,Current mirror,9,unity_gain_bandwidth,UGBW,unity_gain_bandwidth,min,30000000.0,76370020.73527463,Hz,True,2.5456673578424875,1.5,1.5456673578424875
optimizer_only__current_mirror_ota_ihp130__seed_9,optimizer_only,Optimizer,baseline,inputs/ota/current_mirror/current_mirror_ota_ihp130.yaml,current_mirror_ota_ihp130,Current mirror,9,phase_margin,Phase margin,phase_margin,min,60.0,75.28422148892646,deg,True,1.254737024815441,1.254737024815441,0.254737024815441
optimizer_only__current_mirror_ota_ihp130__seed_9,optimizer_only,Optimizer,baseline,inputs/ota/current_mirror/current_mirror_ota_ihp130.yaml,current_mirror_ota_ihp130,Current mirror,9,slew_rate,Slew rate,slew_rate,min,25000000.0,92880540.05973014,V/s,True,3.7152216023892057,1.5,2.7152216023892057
optimizer_only__current_mirror_ota_ihp130__seed_9,optimizer_only,Optimizer,baseline,inputs/ota/current_mirror/current_mirror_ota_ihp130.yaml,current_mirror_ota_ihp130,Current mirror,9,output_swing,Output swing,output_swing,min,0.6,0.46254470999999997,V,False,0.77090785,0.77090785,-0.22909215000000002
optimizer_only__current_mirror_ota_ihp130__seed_9,optimizer_only,Optimizer,baseline,inputs/ota/current_mirror/current_mirror_ota_ihp130.yaml,current_mirror_ota_ihp130,Current mirror,9,power,Power,total_power,max,0.0003,0.0001718796,W,True,1.7454078319940236,1.5,0.427068
optimizer_only__current_mirror_ota_ihp130__seed_10,optimizer_only,Optimizer,baseline,inputs/ota/current_mirror/current_mirror_ota_ihp130.yaml,current_mirror_ota_ihp130,Current mirror,10,dc_gain,Gain,dc_gain_db,min,28.0,26.772379,dB,False,0.9561563928571429,0.9561563928571429,-0.043843607142857115
optimizer_only__current_mirror_ota_ihp130__seed_10,optimizer_only,Optimizer,baseline,inputs/ota/current_mirror/current_mirror_ota_ihp130.yaml,current_mirror_ota_ihp130,Current mirror,10,unity_gain_bandwidth,UGBW,unity_gain_bandwidth,min,30000000.0,29708209.968339115,Hz,False,0.9902736656113038,0.9902736656113038,-0.009726334388696155
optimizer_only__current_mirror_ota_ihp130__seed_10,optimizer_only,Optimizer,baseline,inputs/ota/current_mirror/current_mirror_ota_ihp130.yaml,current_mirror_ota_ihp130,Current mirror,10,phase_margin,Phase margin,phase_margin,min,60.0,70.40707577406684,deg,True,1.173451262901114,1.173451262901114,0.17345126290111398
optimizer_only__current_mirror_ota_ihp130__seed_10,optimizer_only,Optimizer,baseline,inputs/ota/current_mirror/current_mirror_ota_ihp130.yaml,current_mirror_ota_ihp130,Current mirror,10,slew_rate,Slew rate,slew_rate,min,25000000.0,30722348.638825674,V/s,True,1.228893945553027,1.228893945553027,0.22889394555302695
optimizer_only__current_mirror_ota_ihp130__seed_10,optimizer_only,Optimizer,baseline,inputs/ota/current_mirror/current_mirror_ota_ihp130.yaml,current_mirror_ota_ihp130,Current mirror,10,output_swing,Output swing,output_swing,min,0.6,0.81081432,V,True,1.3513572,1.3513572,0.35135720000000004
optimizer_only__current_mirror_ota_ihp130__seed_10,optimizer_only,Optimizer,baseline,inputs/ota/current_mirror/current_mirror_ota_ihp130.yaml,current_mirror_ota_ihp130,Current mirror,10,power,Power,total_power,max,0.0003,4.131888e-05,W,True,7.260603385183722,1.5,0.8622704
optimizer_only__telescopic_ota_ihp130__seed_1,optimizer_only,Optimizer,baseline,inputs/ota/telescopic/telescopic_ota_ihp130.yaml,telescopic_ota_ihp130,Telescopic,1,dc_gain,Gain,dc_gain_db,min,48.0,-54.1657564,dB,False,-1.1284532583333333,-1.1284532583333333,-2.1284532583333333
optimizer_only__telescopic_ota_ihp130__seed_1,optimizer_only,Optimizer,baseline,inputs/ota/telescopic/telescopic_ota_ihp130.yaml,telescopic_ota_ihp130,Telescopic,1,unity_gain_bandwidth,UGBW,unity_gain_bandwidth,min,7000000.0,,Hz,False,,,
optimizer_only__telescopic_ota_ihp130__seed_1,optimizer_only,Optimizer,baseline,inputs/ota/telescopic/telescopic_ota_ihp130.yaml,telescopic_ota_ihp130,Telescopic,1,phase_margin,Phase margin,phase_margin,min,60.0,,deg,False,,,
optimizer_only__telescopic_ota_ihp130__seed_1,optimizer_only,Optimizer,baseline,inputs/ota/telescopic/telescopic_ota_ihp130.yaml,telescopic_ota_ihp130,Telescopic,1,slew_rate,Slew rate,slew_rate,min,6000000.0,55493.13649313646,V/s,False,0.00924885608218941,0.00924885608218941,-0.9907511439178106
optimizer_only__telescopic_ota_ihp130__seed_1,optimizer_only,Optimizer,baseline,inputs/ota/telescopic/telescopic_ota_ihp130.yaml,telescopic_ota_ihp130,Telescopic,1,output_swing,Output swing,output_swing,min,0.55,0.6751905199999999,V,True,1.227619127272727,1.227619127272727,0.227619127272727
optimizer_only__telescopic_ota_ihp130__seed_1,optimizer_only,Optimizer,baseline,inputs/ota/telescopic/telescopic_ota_ihp130.yaml,telescopic_ota_ihp130,Telescopic,1,power,Power,total_power,max,0.0003,4.6815239999999994e-07,W,True,640.8169647319976,1.5,0.9984394919999999
optimizer_only__telescopic_ota_ihp130__seed_2,optimizer_only,Optimizer,baseline,inputs/ota/telescopic/telescopic_ota_ihp130.yaml,telescopic_ota_ihp130,Telescopic,2,dc_gain,Gain,dc_gain_db,min,48.0,-49.4706217,dB,False,-1.0306379520833333,-1.0306379520833333,-2.0306379520833335
optimizer_only__telescopic_ota_ihp130__seed_2,optimizer_only,Optimizer,baseline,inputs/ota/telescopic/telescopic_ota_ihp130.yaml,telescopic_ota_ihp130,Telescopic,2,unity_gain_bandwidth,UGBW,unity_gain_bandwidth,min,7000000.0,,Hz,False,,,
optimizer_only__telescopic_ota_ihp130__seed_2,optimizer_only,Optimizer,baseline,inputs/ota/telescopic/telescopic_ota_ihp130.yaml,telescopic_ota_ihp130,Telescopic,2,phase_margin,Phase margin,phase_margin,min,60.0,,deg,False,,,
optimizer_only__telescopic_ota_ihp130__seed_2,optimizer_only,Optimizer,baseline,inputs/ota/telescopic/telescopic_ota_ihp130.yaml,telescopic_ota_ihp130,Telescopic,2,slew_rate,Slew rate,slew_rate,min,6000000.0,138867.0544670563,V/s,False,0.023144509077842716,0.023144509077842716,-0.9768554909221573
optimizer_only__telescopic_ota_ihp130__seed_2,optimizer_only,Optimizer,baseline,inputs/ota/telescopic/telescopic_ota_ihp130.yaml,telescopic_ota_ihp130,Telescopic,2,output_swing,Output swing,output_swing,min,0.55,0.43328574,V,False,0.7877922545454544,0.7877922545454544,-0.21220774545454557
optimizer_only__telescopic_ota_ihp130__seed_2,optimizer_only,Optimizer,baseline,inputs/ota/telescopic/telescopic_ota_ihp130.yaml,telescopic_ota_ihp130,Telescopic,2,power,Power,total_power,max,0.0003,2.844252e-08,W,True,10547.588610291914,1.5,0.9999051916
optimizer_only__telescopic_ota_ihp130__seed_3,optimizer_only,Optimizer,baseline,inputs/ota/telescopic/telescopic_ota_ihp130.yaml,telescopic_ota_ihp130,Telescopic,3,dc_gain,Gain,dc_gain_db,min,48.0,-36.5799584,dB,False,-0.7620824666666667,-0.7620824666666667,-1.7620824666666668
optimizer_only__telescopic_ota_ihp130__seed_3,optimizer_only,Optimizer,baseline,inputs/ota/telescopic/telescopic_ota_ihp130.yaml,telescopic_ota_ihp130,Telescopic,3,unity_gain_bandwidth,UGBW,unity_gain_bandwidth,min,7000000.0,,Hz,False,,,
optimizer_only__telescopic_ota_ihp130__seed_3,optimizer_only,Optimizer,baseline,inputs/ota/telescopic/telescopic_ota_ihp130.yaml,telescopic_ota_ihp130,Telescopic,3,phase_margin,Phase margin,phase_margin,min,60.0,,deg,False,,,
optimizer_only__telescopic_ota_ihp130__seed_3,optimizer_only,Optimizer,baseline,inputs/ota/telescopic/telescopic_ota_ihp130.yaml,telescopic_ota_ihp130,Telescopic,3,slew_rate,Slew rate,slew_rate,min,6000000.0,632275.5377755373,V/s,False,0.10537925629592289,0.10537925629592289,-0.8946207437040772
optimizer_only__telescopic_ota_ihp130__seed_3,optimizer_only,Optimizer,baseline,inputs/ota/telescopic/telescopic_ota_ihp130.yaml,telescopic_ota_ihp130,Telescopic,3,output_swing,Output swing,output_swing,min,0.55,0.4276987299999999,V,False,0.7776340545454543,0.7776340545454543,-0.22236594545454566
optimizer_only__telescopic_ota_ihp130__seed_3,optimizer_only,Optimizer,baseline,inputs/ota/telescopic/telescopic_ota_ihp130.yaml,telescopic_ota_ihp130,Telescopic,3,power,Power,total_power,max,0.0003,3.412428e-07,W,True,879.1394279967225,1.5,0.998862524
optimizer_only__telescopic_ota_ihp130__seed_4,optimizer_only,Optimizer,baseline,inputs/ota/telescopic/telescopic_ota_ihp130.yaml,telescopic_ota_ihp130,Telescopic,4,dc_gain,Gain,dc_gain_db,min,48.0,-39.6309373,dB,False,-0.8256445270833334,-0.8256445270833334,-1.8256445270833332
optimizer_only__telescopic_ota_ihp130__seed_4,optimizer_only,Optimizer,baseline,inputs/ota/telescopic/telescopic_ota_ihp130.yaml,telescopic_ota_ihp130,Telescopic,4,unity_gain_bandwidth,UGBW,unity_gain_bandwidth,min,7000000.0,,Hz,False,,,
optimizer_only__telescopic_ota_ihp130__seed_4,optimizer_only,Optimizer,baseline,inputs/ota/telescopic/telescopic_ota_ihp130.yaml,telescopic_ota_ihp130,Telescopic,4,phase_margin,Phase margin,phase_margin,min,60.0,,deg,False,,,
optimizer_only__telescopic_ota_ihp130__seed_4,optimizer_only,Optimizer,baseline,inputs/ota/telescopic/telescopic_ota_ihp130.yaml,telescopic_ota_ihp130,Telescopic,4,slew_rate,Slew rate,slew_rate,min,6000000.0,417088.0928869637,V/s,False,0.06951468214782729,0.06951468214782729,-0.9304853178521727
optimizer_only__telescopic_ota_ihp130__seed_4,optimizer_only,Optimizer,baseline,inputs/ota/telescopic/telescopic_ota_ihp130.yaml,telescopic_ota_ihp130,Telescopic,4,output_swing,Output swing,output_swing,min,0.55,0.5670661399999999,V,True,1.0310293454545452,1.0310293454545452,0.031029345454545162
optimizer_only__telescopic_ota_ihp130__seed_4,optimizer_only,Optimizer,baseline,inputs/ota/telescopic/telescopic_ota_ihp130.yaml,telescopic_ota_ihp130,Telescopic,4,power,Power,total_power,max,0.0003,4.857684e-08,W,True,6175.7825334048075,1.5,0.9998380772
optimizer_only__telescopic_ota_ihp130__seed_5,optimizer_only,Optimizer,baseline,inputs/ota/telescopic/telescopic_ota_ihp130.yaml,telescopic_ota_ihp130,Telescopic,5,dc_gain,Gain,dc_gain_db,min,48.0,-29.2447618,dB,False,-0.6092658708333333,-0.6092658708333333,-1.6092658708333332
optimizer_only__telescopic_ota_ihp130__seed_5,optimizer_only,Optimizer,baseline,inputs/ota/telescopic/telescopic_ota_ihp130.yaml,telescopic_ota_ihp130,Telescopic,5,unity_gain_bandwidth,UGBW,unity_gain_bandwidth,min,7000000.0,,Hz,False,,,
optimizer_only__telescopic_ota_ihp130__seed_5,optimizer_only,Optimizer,baseline,inputs/ota/telescopic/telescopic_ota_ihp130.yaml,telescopic_ota_ihp130,Telescopic,5,phase_margin,Phase margin,phase_margin,min,60.0,,deg,False,,,
optimizer_only__telescopic_ota_ihp130__seed_5,optimizer_only,Optimizer,baseline,inputs/ota/telescopic/telescopic_ota_ihp130.yaml,telescopic_ota_ihp130,Telescopic,5,slew_rate,Slew rate,slew_rate,min,6000000.0,1487250.2692890596,V/s,False,0.24787504488150994,0.24787504488150994,-0.7521249551184901
optimizer_only__telescopic_ota_ihp130__seed_5,optimizer_only,Optimizer,baseline,inputs/ota/telescopic/telescopic_ota_ihp130.yaml,telescopic_ota_ihp130,Telescopic,5,output_swing,Output swing,output_swing,min,0.55,0.5704107799999999,V,True,1.0371105090909087,1.0371105090909087,0.037110509090908815
optimizer_only__telescopic_ota_ihp130__seed_5,optimizer_only,Optimizer,baseline,inputs/ota/telescopic/telescopic_ota_ihp130.yaml,telescopic_ota_ihp130,Telescopic,5,power,Power,total_power,max,0.0003,6.026088e-08,W,True,4978.354116302317,1.5,0.9997991303999999
optimizer_only__telescopic_ota_ihp130__seed_6,optimizer_only,Optimizer,baseline,inputs/ota/telescopic/telescopic_ota_ihp130.yaml,telescopic_ota_ihp130,Telescopic,6,dc_gain,Gain,dc_gain_db,min,48.0,-53.3974075,dB,False,-1.1124459895833334,-1.1124459895833334,-2.112445989583333
optimizer_only__telescopic_ota_ihp130__seed_6,optimizer_only,Optimizer,baseline,inputs/ota/telescopic/telescopic_ota_ihp130.yaml,telescopic_ota_ihp130,Telescopic,6,unity_gain_bandwidth,UGBW,unity_gain_bandwidth,min,7000000.0,,Hz,False,,,
optimizer_only__telescopic_ota_ihp130__seed_6,optimizer_only,Optimizer,baseline,inputs/ota/telescopic/telescopic_ota_ihp130.yaml,telescopic_ota_ihp130,Telescopic,6,phase_margin,Phase margin,phase_margin,min,60.0,,deg,False,,,
optimizer_only__telescopic_ota_ihp130__seed_6,optimizer_only,Optimizer,baseline,inputs/ota/telescopic/telescopic_ota_ihp130.yaml,telescopic_ota_ihp130,Telescopic,6,slew_rate,Slew rate,slew_rate,min,6000000.0,86569.10355123489,V/s,False,0.014428183925205815,0.014428183925205815,-0.9855718160747942
optimizer_only__telescopic_ota_ihp130__seed_6,optimizer_only,Optimizer,baseline,inputs/ota/telescopic/telescopic_ota_ihp130.yaml,telescopic_ota_ihp130,Telescopic,6,output_swing,Output swing,output_swing,min,0.55,0.8215040899999999,V,True,1.4936437999999996,1.4936437999999996,0.4936437999999997
optimizer_only__telescopic_ota_ihp130__seed_6,optimizer_only,Optimizer,baseline,inputs/ota/telescopic/telescopic_ota_ihp130.yaml,telescopic_ota_ihp130,Telescopic,6,power,Power,total_power,max,0.0003,5.758271999999999e-07,W,True,520.9896302224,1.5,0.998080576
optimizer_only__telescopic_ota_ihp130__seed_7,optimizer_only,Optimizer,baseline,inputs/ota/telescopic/telescopic_ota_ihp130.yaml,telescopic_ota_ihp130,Telescopic,7,dc_gain,Gain,dc_gain_db,min,48.0,-39.3415289,dB,False,-0.8196151854166667,-0.8196151854166667,-1.8196151854166667
optimizer_only__telescopic_ota_ihp130__seed_7,optimizer_only,Optimizer,baseline,inputs/ota/telescopic/telescopic_ota_ihp130.yaml,telescopic_ota_ihp130,Telescopic,7,unity_gain_bandwidth,UGBW,unity_gain_bandwidth,min,7000000.0,,Hz,False,,,
optimizer_only__telescopic_ota_ihp130__seed_7,optimizer_only,Optimizer,baseline,inputs/ota/telescopic/telescopic_ota_ihp130.yaml,telescopic_ota_ihp130,Telescopic,7,phase_margin,Phase margin,phase_margin,min,60.0,,deg,False,,,
optimizer_only__telescopic_ota_ihp130__seed_7,optimizer_only,Optimizer,baseline,inputs/ota/telescopic/telescopic_ota_ihp130.yaml,telescopic_ota_ihp130,Telescopic,7,slew_rate,Slew rate,slew_rate,min,6000000.0,565754.7812070686,V/s,False,0.09429246353451143,0.09429246353451143,-0.9057075364654885
optimizer_only__telescopic_ota_ihp130__seed_7,optimizer_only,Optimizer,baseline,inputs/ota/telescopic/telescopic_ota_ihp130.yaml,telescopic_ota_ihp130,Telescopic,7,output_swing,Output swing,output_swing,min,0.55,0.48026956,V,False,0.8732173818181818,0.8732173818181818,-0.12678261818181827
optimizer_only__telescopic_ota_ihp130__seed_7,optimizer_only,Optimizer,baseline,inputs/ota/telescopic/telescopic_ota_ihp130.yaml,telescopic_ota_ihp130,Telescopic,7,power,Power,total_power,max,0.0003,4.740336e-08,W,True,6328.665309800824,1.5,0.9998419888
optimizer_only__telescopic_ota_ihp130__seed_8,optimizer_only,Optimizer,baseline,inputs/ota/telescopic/telescopic_ota_ihp130.yaml,telescopic_ota_ihp130,Telescopic,8,dc_gain,Gain,dc_gain_db,min,48.0,-45.677964,dB,False,-0.9516242500000001,-0.9516242500000001,-1.95162425
optimizer_only__telescopic_ota_ihp130__seed_8,optimizer_only,Optimizer,baseline,inputs/ota/telescopic/telescopic_ota_ihp130.yaml,telescopic_ota_ihp130,Telescopic,8,unity_gain_bandwidth,UGBW,unity_gain_bandwidth,min,7000000.0,,Hz,False,,,
optimizer_only__telescopic_ota_ihp130__seed_8,optimizer_only,Optimizer,baseline,inputs/ota/telescopic/telescopic_ota_ihp130.yaml,telescopic_ota_ihp130,Telescopic,8,phase_margin,Phase margin,phase_margin,min,60.0,,deg,False,,,
optimizer_only__telescopic_ota_ihp130__seed_8,optimizer_only,Optimizer,baseline,inputs/ota/telescopic/telescopic_ota_ihp130.yaml,telescopic_ota_ihp130,Telescopic,8,slew_rate,Slew rate,slew_rate,min,6000000.0,285424.8945900501,V/s,False,0.04757081576500835,0.04757081576500835,-0.9524291842349917
optimizer_only__telescopic_ota_ihp130__seed_8,optimizer_only,Optimizer,baseline,inputs/ota/telescopic/telescopic_ota_ihp130.yaml,telescopic_ota_ihp130,Telescopic,8,output_swing,Output swing,output_swing,min,0.55,0.5160052599999999,V,False,0.9381913818181816,0.9381913818181816,-0.061808618181818424
optimizer_only__telescopic_ota_ihp130__seed_8,optimizer_only,Optimizer,baseline,inputs/ota/telescopic/telescopic_ota_ihp130.yaml,telescopic_ota_ihp130,Telescopic,8,power,Power,total_power,max,0.0003,6.98724e-08,W,True,4293.540797224655,1.5,0.999767092
optimizer_only__telescopic_ota_ihp130__seed_9,optimizer_only,Optimizer,baseline,inputs/ota/telescopic/telescopic_ota_ihp130.yaml,telescopic_ota_ihp130,Telescopic,9,dc_gain,Gain,dc_gain_db,min,48.0,-48.2815792,dB,False,-1.0058662333333335,-1.0058662333333335,-2.0058662333333337
optimizer_only__telescopic_ota_ihp130__seed_9,optimizer_only,Optimizer,baseline,inputs/ota/telescopic/telescopic_ota_ihp130.yaml,telescopic_ota_ihp130,Telescopic,9,unity_gain_bandwidth,UGBW,unity_gain_bandwidth,min,7000000.0,,Hz,False,,,
optimizer_only__telescopic_ota_ihp130__seed_9,optimizer_only,Optimizer,baseline,inputs/ota/telescopic/telescopic_ota_ihp130.yaml,telescopic_ota_ihp130,Telescopic,9,phase_margin,Phase margin,phase_margin,min,60.0,,deg,False,,,
optimizer_only__telescopic_ota_ihp130__seed_9,optimizer_only,Optimizer,baseline,inputs/ota/telescopic/telescopic_ota_ihp130.yaml,telescopic_ota_ihp130,Telescopic,9,slew_rate,Slew rate,slew_rate,min,6000000.0,198045.40629562418,V/s,False,0.033007567715937366,0.033007567715937366,-0.9669924322840626
optimizer_only__telescopic_ota_ihp130__seed_9,optimizer_only,Optimizer,baseline,inputs/ota/telescopic/telescopic_ota_ihp130.yaml,telescopic_ota_ihp130,Telescopic,9,output_swing,Output swing,output_swing,min,0.55,0.41577226999999994,V,False,0.7559495818181816,0.7559495818181816,-0.24405041818181836
optimizer_only__telescopic_ota_ihp130__seed_9,optimizer_only,Optimizer,baseline,inputs/ota/telescopic/telescopic_ota_ihp130.yaml,telescopic_ota_ihp130,Telescopic,9,power,Power,total_power,max,0.0003,1.5786479999999999e-06,W,True,190.03603083144563,1.5,0.9947378400000001
optimizer_only__telescopic_ota_ihp130__seed_10,optimizer_only,Optimizer,baseline,inputs/ota/telescopic/telescopic_ota_ihp130.yaml,telescopic_ota_ihp130,Telescopic,10,dc_gain,Gain,dc_gain_db,min,48.0,-49.6751762,dB,False,-1.0348995041666667,-1.0348995041666667,-2.034899504166667
optimizer_only__telescopic_ota_ihp130__seed_10,optimizer_only,Optimizer,baseline,inputs/ota/telescopic/telescopic_ota_ihp130.yaml,telescopic_ota_ihp130,Telescopic,10,unity_gain_bandwidth,UGBW,unity_gain_bandwidth,min,7000000.0,,Hz,False,,,
optimizer_only__telescopic_ota_ihp130__seed_10,optimizer_only,Optimizer,baseline,inputs/ota/telescopic/telescopic_ota_ihp130.yaml,telescopic_ota_ihp130,Telescopic,10,phase_margin,Phase margin,phase_margin,min,60.0,,deg,False,,,
optimizer_only__telescopic_ota_ihp130__seed_10,optimizer_only,Optimizer,baseline,inputs/ota/telescopic/telescopic_ota_ihp130.yaml,telescopic_ota_ihp130,Telescopic,10,slew_rate,Slew rate,slew_rate,min,6000000.0,112548.87124887273,V/s,False,0.018758145208145456,0.018758145208145456,-0.9812418547918546
optimizer_only__telescopic_ota_ihp130__seed_10,optimizer_only,Optimizer,baseline,inputs/ota/telescopic/telescopic_ota_ihp130.yaml,telescopic_ota_ihp130,Telescopic,10,output_swing,Output swing,output_swing,min,0.55,0.7069165,V,True,1.285302727272727,1.285302727272727,0.2853027272727271
optimizer_only__telescopic_ota_ihp130__seed_10,optimizer_only,Optimizer,baseline,inputs/ota/telescopic/telescopic_ota_ihp130.yaml,telescopic_ota_ihp130,Telescopic,10,power,Power,total_power,max,0.0003,1.1233572e-07,W,True,2670.5664057701324,1.5,0.9996255476
optimizer_only__folded_cascode_ota_ihp130__seed_1,optimizer_only,Optimizer,baseline,inputs/ota/folded_cascode/folded_cascode_ota_ihp130.yaml,folded_cascode_ota_ihp130,Folded cascode,1,dc_gain,Gain,dc_gain_db,min,45.0,41.9396001,dB,False,0.9319911133333333,0.9319911133333333,-0.06800888666666667
optimizer_only__folded_cascode_ota_ihp130__seed_1,optimizer_only,Optimizer,baseline,inputs/ota/folded_cascode/folded_cascode_ota_ihp130.yaml,folded_cascode_ota_ihp130,Folded cascode,1,unity_gain_bandwidth,UGBW,unity_gain_bandwidth,min,20000000.0,80022187.70693134,Hz,True,4.001109385346567,1.5,3.0011093853465667
optimizer_only__folded_cascode_ota_ihp130__seed_1,optimizer_only,Optimizer,baseline,inputs/ota/folded_cascode/folded_cascode_ota_ihp130.yaml,folded_cascode_ota_ihp130,Folded cascode,1,phase_margin,Phase margin,phase_margin,min,60.0,73.92513386237158,deg,True,1.2320855643728597,1.2320855643728597,0.23208556437285968
optimizer_only__folded_cascode_ota_ihp130__seed_1,optimizer_only,Optimizer,baseline,inputs/ota/folded_cascode/folded_cascode_ota_ihp130.yaml,folded_cascode_ota_ihp130,Folded cascode,1,slew_rate,Slew rate,slew_rate,min,12000000.0,49874090.000000305,V/s,True,4.156174166666692,1.5,3.156174166666692
optimizer_only__folded_cascode_ota_ihp130__seed_1,optimizer_only,Optimizer,baseline,inputs/ota/folded_cascode/folded_cascode_ota_ihp130.yaml,folded_cascode_ota_ihp130,Folded cascode,1,output_swing,Output swing,output_swing,min,0.6,0.8357454599999998,V,True,1.3929090999999998,1.3929090999999998,0.3929090999999998
optimizer_only__folded_cascode_ota_ihp130__seed_1,optimizer_only,Optimizer,baseline,inputs/ota/folded_cascode/folded_cascode_ota_ihp130.yaml,folded_cascode_ota_ihp130,Folded cascode,1,power,Power,total_power,max,0.0006,6.499836e-05,W,True,9.231002136053894,1.5,0.8916694
optimizer_only__folded_cascode_ota_ihp130__seed_2,optimizer_only,Optimizer,baseline,inputs/ota/folded_cascode/folded_cascode_ota_ihp130.yaml,folded_cascode_ota_ihp130,Folded cascode,2,dc_gain,Gain,dc_gain_db,min,45.0,43.2282244,dB,False,0.960627208888889,0.960627208888889,-0.03937279111111107
optimizer_only__folded_cascode_ota_ihp130__seed_2,optimizer_only,Optimizer,baseline,inputs/ota/folded_cascode/folded_cascode_ota_ihp130.yaml,folded_cascode_ota_ihp130,Folded cascode,2,unity_gain_bandwidth,UGBW,unity_gain_bandwidth,min,20000000.0,78442080.0003297,Hz,True,3.922104000016485,1.5,2.922104000016485
optimizer_only__folded_cascode_ota_ihp130__seed_2,optimizer_only,Optimizer,baseline,inputs/ota/folded_cascode/folded_cascode_ota_ihp130.yaml,folded_cascode_ota_ihp130,Folded cascode,2,phase_margin,Phase margin,phase_margin,min,60.0,76.37132806880508,deg,True,1.272855467813418,1.272855467813418,0.2728554678134181
optimizer_only__folded_cascode_ota_ihp130__seed_2,optimizer_only,Optimizer,baseline,inputs/ota/folded_cascode/folded_cascode_ota_ihp130.yaml,folded_cascode_ota_ihp130,Folded cascode,2,slew_rate,Slew rate,slew_rate,min,12000000.0,47665856.00000021,V/s,True,3.9721546666666843,1.5,2.9721546666666843
optimizer_only__folded_cascode_ota_ihp130__seed_2,optimizer_only,Optimizer,baseline,inputs/ota/folded_cascode/folded_cascode_ota_ihp130.yaml,folded_cascode_ota_ihp130,Folded cascode,2,output_swing,Output swing,output_swing,min,0.6,0.84055091,V,True,1.4009181833333335,1.4009181833333335,0.40091818333333346
optimizer_only__folded_cascode_ota_ihp130__seed_2,optimizer_only,Optimizer,baseline,inputs/ota/folded_cascode/folded_cascode_ota_ihp130.yaml,folded_cascode_ota_ihp130,Folded cascode,2,power,Power,total_power,max,0.0006,6.147731999999999e-05,W,True,9.759696746702687,1.5,0.8975377999999999
optimizer_only__folded_cascode_ota_ihp130__seed_3,optimizer_only,Optimizer,baseline,inputs/ota/folded_cascode/folded_cascode_ota_ihp130.yaml,folded_cascode_ota_ihp130,Folded cascode,3,dc_gain,Gain,dc_gain_db,min,45.0,-13.2789433,dB,False,-0.2950876288888889,-0.2950876288888889,-1.2950876288888888
optimizer_only__folded_cascode_ota_ihp130__seed_3,optimizer_only,Optimizer,baseline,inputs/ota/folded_cascode/folded_cascode_ota_ihp130.yaml,folded_cascode_ota_ihp130,Folded cascode,3,unity_gain_bandwidth,UGBW,unity_gain_bandwidth,min,20000000.0,,Hz,False,,,
optimizer_only__folded_cascode_ota_ihp130__seed_3,optimizer_only,Optimizer,baseline,inputs/ota/folded_cascode/folded_cascode_ota_ihp130.yaml,folded_cascode_ota_ihp130,Folded cascode,3,phase_margin,Phase margin,phase_margin,min,60.0,,deg,False,,,
optimizer_only__folded_cascode_ota_ihp130__seed_3,optimizer_only,Optimizer,baseline,inputs/ota/folded_cascode/folded_cascode_ota_ihp130.yaml,folded_cascode_ota_ihp130,Folded cascode,3,slew_rate,Slew rate,slew_rate,min,12000000.0,24616609.99999992,V/s,True,2.05138416666666,1.5,1.0513841666666601
optimizer_only__folded_cascode_ota_ihp130__seed_3,optimizer_only,Optimizer,baseline,inputs/ota/folded_cascode/folded_cascode_ota_ihp130.yaml,folded_cascode_ota_ihp130,Folded cascode,3,output_swing,Output swing,output_swing,min,0.6,0.74135038,V,True,1.2355839666666666,1.2355839666666666,0.23558396666666667
optimizer_only__folded_cascode_ota_ihp130__seed_3,optimizer_only,Optimizer,baseline,inputs/ota/folded_cascode/folded_cascode_ota_ihp130.yaml,folded_cascode_ota_ihp130,Folded cascode,3,power,Power,total_power,max,0.0006,6.868415999999999e-05,W,True,8.735638610124955,1.5,0.8855264
optimizer_only__folded_cascode_ota_ihp130__seed_4,optimizer_only,Optimizer,baseline,inputs/ota/folded_cascode/folded_cascode_ota_ihp130.yaml,folded_cascode_ota_ihp130,Folded cascode,4,dc_gain,Gain,dc_gain_db,min,45.0,34.4235952,dB,False,0.7649687822222222,0.7649687822222222,-0.23503121777777775
optimizer_only__folded_cascode_ota_ihp130__seed_4,optimizer_only,Optimizer,baseline,inputs/ota/folded_cascode/folded_cascode_ota_ihp130.yaml,folded_cascode_ota_ihp130,Folded cascode,4,unity_gain_bandwidth,UGBW,unity_gain_bandwidth,min,20000000.0,35151139.90810926,Hz,True,1.757556995405463,1.5,0.7575569954054632
optimizer_only__folded_cascode_ota_ihp130__seed_4,optimizer_only,Optimizer,baseline,inputs/ota/folded_cascode/folded_cascode_ota_ihp130.yaml,folded_cascode_ota_ihp130,Folded cascode,4,phase_margin,Phase margin,phase_margin,min,60.0,64.69969157382086,deg,True,1.0783281928970143,1.0783281928970143,0.07832819289701429
optimizer_only__folded_cascode_ota_ihp130__seed_4,optimizer_only,Optimizer,baseline,inputs/ota/folded_cascode/folded_cascode_ota_ihp130.yaml,folded_cascode_ota_ihp130,Folded cascode,4,slew_rate,Slew rate,slew_rate,min,12000000.0,33678589.999999985,V/s,True,2.8065491666666653,1.5,1.8065491666666653
optimizer_only__folded_cascode_ota_ihp130__seed_4,optimizer_only,Optimizer,baseline,inputs/ota/folded_cascode/folded_cascode_ota_ihp130.yaml,folded_cascode_ota_ihp130,Folded cascode,4,output_swing,Output swing,output_swing,min,0.6,0.84893435,V,True,1.4148905833333334,1.4148905833333334,0.4148905833333333
optimizer_only__folded_cascode_ota_ihp130__seed_4,optimizer_only,Optimizer,baseline,inputs/ota/folded_cascode/folded_cascode_ota_ihp130.yaml,folded_cascode_ota_ihp130,Folded cascode,4,power,Power,total_power,max,0.0006,4.9035479999999994e-05,W,True,12.23603806876164,1.5,0.9182741999999999
optimizer_only__folded_cascode_ota_ihp130__seed_6,optimizer_only,Optimizer,baseline,inputs/ota/folded_cascode/folded_cascode_ota_ihp130.yaml,folded_cascode_ota_ihp130,Folded cascode,6,dc_gain,Gain,dc_gain_db,min,45.0,42.6120565,dB,False,0.9469345888888889,0.9469345888888889,-0.05306541111111108
optimizer_only__folded_cascode_ota_ihp130__seed_6,optimizer_only,Optimizer,baseline,inputs/ota/folded_cascode/folded_cascode_ota_ihp130.yaml,folded_cascode_ota_ihp130,Folded cascode,6,unity_gain_bandwidth,UGBW,unity_gain_bandwidth,min,20000000.0,98593773.62319507,Hz,True,4.929688681159753,1.5,3.9296886811597536
optimizer_only__folded_cascode_ota_ihp130__seed_6,optimizer_only,Optimizer,baseline,inputs/ota/folded_cascode/folded_cascode_ota_ihp130.yaml,folded_cascode_ota_ihp130,Folded cascode,6,phase_margin,Phase margin,phase_margin,min,60.0,68.70983983948784,deg,True,1.1451639973247973,1.1451639973247973,0.14516399732479737
optimizer_only__folded_cascode_ota_ihp130__seed_6,optimizer_only,Optimizer,baseline,inputs/ota/folded_cascode/folded_cascode_ota_ihp130.yaml,folded_cascode_ota_ihp130,Folded cascode,6,slew_rate,Slew rate,slew_rate,min,12000000.0,,V/s,False,,,
optimizer_only__folded_cascode_ota_ihp130__seed_6,optimizer_only,Optimizer,baseline,inputs/ota/folded_cascode/folded_cascode_ota_ihp130.yaml,folded_cascode_ota_ihp130,Folded cascode,6,output_swing,Output swing,output_swing,min,0.6,0.8128832699999999,V,True,1.35480545,1.35480545,0.35480544999999997
optimizer_only__folded_cascode_ota_ihp130__seed_6,optimizer_only,Optimizer,baseline,inputs/ota/folded_cascode/folded_cascode_ota_ihp130.yaml,folded_cascode_ota_ihp130,Folded cascode,6,power,Power,total_power,max,0.0006,8.795436e-05,W,True,6.8217198101378935,1.5,0.8534094
optimizer_only__folded_cascode_ota_ihp130__seed_5,optimizer_only,Optimizer,baseline,inputs/ota/folded_cascode/folded_cascode_ota_ihp130.yaml,folded_cascode_ota_ihp130,Folded cascode,5,dc_gain,Gain,dc_gain_db,min,45.0,26.9431689,dB,False,0.5987370866666667,0.5987370866666667,-0.40126291333333336
optimizer_only__folded_cascode_ota_ihp130__seed_5,optimizer_only,Optimizer,baseline,inputs/ota/folded_cascode/folded_cascode_ota_ihp130.yaml,folded_cascode_ota_ihp130,Folded cascode,5,unity_gain_bandwidth,UGBW,unity_gain_bandwidth,min,20000000.0,5182519.107471315,Hz,False,0.25912595537356575,0.25912595537356575,-0.7408740446264342
optimizer_only__folded_cascode_ota_ihp130__seed_5,optimizer_only,Optimizer,baseline,inputs/ota/folded_cascode/folded_cascode_ota_ihp130.yaml,folded_cascode_ota_ihp130,Folded cascode,5,phase_margin,Phase margin,phase_margin,min,60.0,87.39893258213986,deg,True,1.4566488763689978,1.4566488763689978,0.4566488763689977
optimizer_only__folded_cascode_ota_ihp130__seed_5,optimizer_only,Optimizer,baseline,inputs/ota/folded_cascode/folded_cascode_ota_ihp130.yaml,folded_cascode_ota_ihp130,Folded cascode,5,slew_rate,Slew rate,slew_rate,min,12000000.0,,V/s,False,,,
optimizer_only__folded_cascode_ota_ihp130__seed_5,optimizer_only,Optimizer,baseline,inputs/ota/folded_cascode/folded_cascode_ota_ihp130.yaml,folded_cascode_ota_ihp130,Folded cascode,5,output_swing,Output swing,output_swing,min,0.6,0.8879851799999999,V,True,1.4799753,1.4799753,0.47997529999999994
optimizer_only__folded_cascode_ota_ihp130__seed_5,optimizer_only,Optimizer,baseline,inputs/ota/folded_cascode/folded_cascode_ota_ihp130.yaml,folded_cascode_ota_ihp130,Folded cascode,5,power,Power,total_power,max,0.0006,2.7934079999999996e-06,W,True,214.79139459756686,1.5,0.9953443200000001
optimizer_only__folded_cascode_ota_ihp130__seed_7,optimizer_only,Optimizer,baseline,inputs/ota/folded_cascode/folded_cascode_ota_ihp130.yaml,folded_cascode_ota_ihp130,Folded cascode,7,dc_gain,Gain,dc_gain_db,min,45.0,25.465551,dB,False,0.5659011333333334,0.5659011333333334,-0.43409886666666664
optimizer_only__folded_cascode_ota_ihp130__seed_7,optimizer_only,Optimizer,baseline,inputs/ota/folded_cascode/folded_cascode_ota_ihp130.yaml,folded_cascode_ota_ihp130,Folded cascode,7,unity_gain_bandwidth,UGBW,unity_gain_bandwidth,min,20000000.0,307818.0070106409,Hz,False,0.015390900350532047,0.015390900350532047,-0.9846090996494679
optimizer_only__folded_cascode_ota_ihp130__seed_7,optimizer_only,Optimizer,baseline,inputs/ota/folded_cascode/folded_cascode_ota_ihp130.yaml,folded_cascode_ota_ihp130,Folded cascode,7,phase_margin,Phase margin,phase_margin,min,60.0,89.28238930053357,deg,True,1.4880398216755595,1.4880398216755595,0.4880398216755594
optimizer_only__folded_cascode_ota_ihp130__seed_7,optimizer_only,Optimizer,baseline,inputs/ota/folded_cascode/folded_cascode_ota_ihp130.yaml,folded_cascode_ota_ihp130,Folded cascode,7,slew_rate,Slew rate,slew_rate,min,12000000.0,,V/s,False,,,
optimizer_only__folded_cascode_ota_ihp130__seed_7,optimizer_only,Optimizer,baseline,inputs/ota/folded_cascode/folded_cascode_ota_ihp130.yaml,folded_cascode_ota_ihp130,Folded cascode,7,output_swing,Output swing,output_swing,min,0.6,0.8039314699999998,V,True,1.339885783333333,1.339885783333333,0.33988578333333297
optimizer_only__folded_cascode_ota_ihp130__seed_7,optimizer_only,Optimizer,baseline,inputs/ota/folded_cascode/folded_cascode_ota_ihp130.yaml,folded_cascode_ota_ihp130,Folded cascode,7,power,Power,total_power,max,0.0006,1.590552e-07,W,True,3772.275285561239,1.5,0.9997349080000001
optimizer_only__folded_cascode_ota_ihp130__seed_8,optimizer_only,Optimizer,baseline,inputs/ota/folded_cascode/folded_cascode_ota_ihp130.yaml,folded_cascode_ota_ihp130,Folded cascode,8,dc_gain,Gain,dc_gain_db,min,45.0,23.0240384,dB,False,0.5116452977777778,0.5116452977777778,-0.48835470222222227
optimizer_only__folded_cascode_ota_ihp130__seed_8,optimizer_only,Optimizer,baseline,inputs/ota/folded_cascode/folded_cascode_ota_ihp130.yaml,folded_cascode_ota_ihp130,Folded cascode,8,unity_gain_bandwidth,UGBW,unity_gain_bandwidth,min,20000000.0,71126.29166783071,Hz,False,0.0035563145833915353,0.0035563145833915353,-0.9964436854166084
optimizer_only__folded_cascode_ota_ihp130__seed_8,optimizer_only,Optimizer,baseline,inputs/ota/folded_cascode/folded_cascode_ota_ihp130.yaml,folded_cascode_ota_ihp130,Folded cascode,8,phase_margin,Phase margin,phase_margin,min,60.0,88.97596470601484,deg,True,1.4829327451002472,1.4829327451002472,0.48293274510024725
optimizer_only__folded_cascode_ota_ihp130__seed_8,optimizer_only,Optimizer,baseline,inputs/ota/folded_cascode/folded_cascode_ota_ihp130.yaml,folded_cascode_ota_ihp130,Folded cascode,8,slew_rate,Slew rate,slew_rate,min,12000000.0,,V/s,False,,,
optimizer_only__folded_cascode_ota_ihp130__seed_8,optimizer_only,Optimizer,baseline,inputs/ota/folded_cascode/folded_cascode_ota_ihp130.yaml,folded_cascode_ota_ihp130,Folded cascode,8,output_swing,Output swing,output_swing,min,0.6,0.7926431799999998,V,True,1.3210719666666664,1.3210719666666664,0.3210719666666664
optimizer_only__folded_cascode_ota_ihp130__seed_8,optimizer_only,Optimizer,baseline,inputs/ota/folded_cascode/folded_cascode_ota_ihp130.yaml,folded_cascode_ota_ihp130,Folded cascode,8,power,Power,total_power,max,0.0006,3.762732e-08,W,True,15945.8606140432,1.5,0.9999372877999999
optimizer_only__folded_cascode_ota_ihp130__seed_10,optimizer_only,Optimizer,baseline,inputs/ota/folded_cascode/folded_cascode_ota_ihp130.yaml,folded_cascode_ota_ihp130,Folded cascode,10,dc_gain,Gain,dc_gain_db,min,45.0,19.1003824,dB,False,0.42445294222222224,0.42445294222222224,-0.5755470577777777
optimizer_only__folded_cascode_ota_ihp130__seed_10,optimizer_only,Optimizer,baseline,inputs/ota/folded_cascode/folded_cascode_ota_ihp130.yaml,folded_cascode_ota_ihp130,Folded cascode,10,unity_gain_bandwidth,UGBW,unity_gain_bandwidth,min,20000000.0,20734.69525612612,Hz,False,0.001036734762806306,0.001036734762806306,-0.9989632652371937
optimizer_only__folded_cascode_ota_ihp130__seed_10,optimizer_only,Optimizer,baseline,inputs/ota/folded_cascode/folded_cascode_ota_ihp130.yaml,folded_cascode_ota_ihp130,Folded cascode,10,phase_margin,Phase margin,phase_margin,min,60.0,93.1210213718149,deg,True,1.5520170228635817,1.5,0.5520170228635818
optimizer_only__folded_cascode_ota_ihp130__seed_10,optimizer_only,Optimizer,baseline,inputs/ota/folded_cascode/folded_cascode_ota_ihp130.yaml,folded_cascode_ota_ihp130,Folded cascode,10,slew_rate,Slew rate,slew_rate,min,12000000.0,,V/s,False,,,
optimizer_only__folded_cascode_ota_ihp130__seed_10,optimizer_only,Optimizer,baseline,inputs/ota/folded_cascode/folded_cascode_ota_ihp130.yaml,folded_cascode_ota_ihp130,Folded cascode,10,output_swing,Output swing,output_swing,min,0.6,0.85205929,V,True,1.4200988166666668,1.4200988166666668,0.42009881666666676
optimizer_only__folded_cascode_ota_ihp130__seed_10,optimizer_only,Optimizer,baseline,inputs/ota/folded_cascode/folded_cascode_ota_ihp130.yaml,folded_cascode_ota_ihp130,Folded cascode,10,power,Power,total_power,max,0.0006,1.0998336e-08,W,True,54553.70703350034,1.5,0.9999816694400001
optimizer_only__folded_cascode_ota_ihp130__seed_9,optimizer_only,Optimizer,baseline,inputs/ota/folded_cascode/folded_cascode_ota_ihp130.yaml,folded_cascode_ota_ihp130,Folded cascode,9,dc_gain,Gain,dc_gain_db,min,45.0,27.4416439,dB,False,0.6098143088888889,0.6098143088888889,-0.3901856911111111
optimizer_only__folded_cascode_ota_ihp130__seed_9,optimizer_only,Optimizer,baseline,inputs/ota/folded_cascode/folded_cascode_ota_ihp130.yaml,folded_cascode_ota_ihp130,Folded cascode,9,unity_gain_bandwidth,UGBW,unity_gain_bandwidth,min,20000000.0,9368421.450552706,Hz,False,0.46842107252763526,0.46842107252763526,-0.5315789274723647
optimizer_only__folded_cascode_ota_ihp130__seed_9,optimizer_only,Optimizer,baseline,inputs/ota/folded_cascode/folded_cascode_ota_ihp130.yaml,folded_cascode_ota_ihp130,Folded cascode,9,phase_margin,Phase margin,phase_margin,min,60.0,86.23771443053755,deg,True,1.4372952405089592,1.4372952405089592,0.4372952405089592
optimizer_only__folded_cascode_ota_ihp130__seed_9,optimizer_only,Optimizer,baseline,inputs/ota/folded_cascode/folded_cascode_ota_ihp130.yaml,folded_cascode_ota_ihp130,Folded cascode,9,slew_rate,Slew rate,slew_rate,min,12000000.0,,V/s,False,,,
optimizer_only__folded_cascode_ota_ihp130__seed_9,optimizer_only,Optimizer,baseline,inputs/ota/folded_cascode/folded_cascode_ota_ihp130.yaml,folded_cascode_ota_ihp130,Folded cascode,9,output_swing,Output swing,output_swing,min,0.6,0.8673027,V,True,1.4455045,1.4455045,0.4455045
optimizer_only__folded_cascode_ota_ihp130__seed_9,optimizer_only,Optimizer,baseline,inputs/ota/folded_cascode/folded_cascode_ota_ihp130.yaml,folded_cascode_ota_ihp130,Folded cascode,9,power,Power,total_power,max,0.0006,5.243904e-06,W,True,114.4185705916813,1.5,0.99126016
optimizer_only__five_transistor_ota__seed_2,optimizer_only,Optimizer,baseline,inputs/ota/five_transistor/five_transistor_ota.yaml,five_transistor_ota,Five transistor,2,dc_gain,Gain,dc_gain_db,min,25.0,25.0664002,dB,True,1.002656008,1.002656008,0.002656008000000014
optimizer_only__five_transistor_ota__seed_2,optimizer_only,Optimizer,baseline,inputs/ota/five_transistor/five_transistor_ota.yaml,five_transistor_ota,Five transistor,2,unity_gain_bandwidth,UGBW,unity_gain_bandwidth,min,25000000.0,136833471.79024625,Hz,True,5.47333887160985,1.5,4.47333887160985
optimizer_only__five_transistor_ota__seed_2,optimizer_only,Optimizer,baseline,inputs/ota/five_transistor/five_transistor_ota.yaml,five_transistor_ota,Five transistor,2,phase_margin,Phase margin,phase_margin,min,60.0,85.38359774855614,deg,True,1.4230599624759357,1.4230599624759357,0.4230599624759357
optimizer_only__five_transistor_ota__seed_2,optimizer_only,Optimizer,baseline,inputs/ota/five_transistor/five_transistor_ota.yaml,five_transistor_ota,Five transistor,2,slew_rate,Slew rate,slew_rate,min,15000000.0,138487353.74999982,V/s,True,9.232490249999987,1.5,8.232490249999987
optimizer_only__five_transistor_ota__seed_2,optimizer_only,Optimizer,baseline,inputs/ota/five_transistor/five_transistor_ota.yaml,five_transistor_ota,Five transistor,2,output_swing,Output swing,output_swing,min,0.65,0.7252942099999999,V,True,1.115837246153846,1.115837246153846,0.11583724615384602
optimizer_only__five_transistor_ota__seed_2,optimizer_only,Optimizer,baseline,inputs/ota/five_transistor/five_transistor_ota.yaml,five_transistor_ota,Five transistor,2,power,Power,total_power,max,0.0002,0.0001792416,W,True,1.1158124006926964,1.1158124006926964,0.10379200000000004
optimizer_only__five_transistor_ota__seed_1,optimizer_only,Optimizer,baseline,inputs/ota/five_transistor/five_transistor_ota.yaml,five_transistor_ota,Five transistor,1,dc_gain,Gain,dc_gain_db,min,25.0,25.1806929,dB,True,1.007227716,1.007227716,0.007227716000000015
optimizer_only__five_transistor_ota__seed_1,optimizer_only,Optimizer,baseline,inputs/ota/five_transistor/five_transistor_ota.yaml,five_transistor_ota,Five transistor,1,unity_gain_bandwidth,UGBW,unity_gain_bandwidth,min,25000000.0,154215254.27806428,Hz,True,6.168610171122571,1.5,5.168610171122571
optimizer_only__five_transistor_ota__seed_1,optimizer_only,Optimizer,baseline,inputs/ota/five_transistor/five_transistor_ota.yaml,five_transistor_ota,Five transistor,1,phase_margin,Phase margin,phase_margin,min,60.0,82.73880368428394,deg,True,1.3789800614047323,1.3789800614047323,0.3789800614047323
optimizer_only__five_transistor_ota__seed_1,optimizer_only,Optimizer,baseline,inputs/ota/five_transistor/five_transistor_ota.yaml,five_transistor_ota,Five transistor,1,slew_rate,Slew rate,slew_rate,min,15000000.0,152543971.24999988,V/s,True,10.169598083333325,1.5,9.169598083333325
optimizer_only__five_transistor_ota__seed_1,optimizer_only,Optimizer,baseline,inputs/ota/five_transistor/five_transistor_ota.yaml,five_transistor_ota,Five transistor,1,output_swing,Output swing,output_swing,min,0.65,0.7633796599999999,V,True,1.174430246153846,1.174430246153846,0.17443024615384597
optimizer_only__five_transistor_ota__seed_1,optimizer_only,Optimizer,baseline,inputs/ota/five_transistor/five_transistor_ota.yaml,five_transistor_ota,Five transistor,1,power,Power,total_power,max,0.0002,0.0002038524,W,False,0.9811020130251104,0.9811020130251104,-0.019261999999999953
optimizer_only__five_transistor_ota__seed_3,optimizer_only,Optimizer,baseline,inputs/ota/five_transistor/five_transistor_ota.yaml,five_transistor_ota,Five transistor,3,dc_gain,Gain,dc_gain_db,min,25.0,25.4311052,dB,True,1.0172442080000001,1.0172442080000001,0.017244208000000042
optimizer_only__five_transistor_ota__seed_3,optimizer_only,Optimizer,baseline,inputs/ota/five_transistor/five_transistor_ota.yaml,five_transistor_ota,Five transistor,3,unity_gain_bandwidth,UGBW,unity_gain_bandwidth,min,25000000.0,50928320.53683241,Hz,True,2.037132821473296,1.5,1.0371328214732962
optimizer_only__five_transistor_ota__seed_3,optimizer_only,Optimizer,baseline,inputs/ota/five_transistor/five_transistor_ota.yaml,five_transistor_ota,Five transistor,3,phase_margin,Phase margin,phase_margin,min,60.0,89.93096767105925,deg,True,1.4988494611843208,1.4988494611843208,0.49884946118432083
optimizer_only__five_transistor_ota__seed_3,optimizer_only,Optimizer,baseline,inputs/ota/five_transistor/five_transistor_ota.yaml,five_transistor_ota,Five transistor,3,slew_rate,Slew rate,slew_rate,min,15000000.0,,V/s,False,,,
optimizer_only__five_transistor_ota__seed_3,optimizer_only,Optimizer,baseline,inputs/ota/five_transistor/five_transistor_ota.yaml,five_transistor_ota,Five transistor,3,output_swing,Output swing,output_swing,min,0.65,0.7302030099999999,V,True,1.123389246153846,1.123389246153846,0.12338924615384592
optimizer_only__five_transistor_ota__seed_3,optimizer_only,Optimizer,baseline,inputs/ota/five_transistor/five_transistor_ota.yaml,five_transistor_ota,Five transistor,3,power,Power,total_power,max,0.0002,6.470808e-05,W,True,3.0908041159620256,1.5,0.6764596
optimizer_only__five_transistor_ota__seed_4,optimizer_only,Optimizer,baseline,inputs/ota/five_transistor/five_transistor_ota.yaml,five_transistor_ota,Five transistor,4,dc_gain,Gain,dc_gain_db,min,25.0,25.5491761,dB,True,1.021967044,1.021967044,0.021967044000000015
optimizer_only__five_transistor_ota__seed_4,optimizer_only,Optimizer,baseline,inputs/ota/five_transistor/five_transistor_ota.yaml,five_transistor_ota,Five transistor,4,unity_gain_bandwidth,UGBW,unity_gain_bandwidth,min,25000000.0,99193509.22202393,Hz,True,3.9677403688809574,1.5,2.9677403688809574
optimizer_only__five_transistor_ota__seed_4,optimizer_only,Optimizer,baseline,inputs/ota/five_transistor/five_transistor_ota.yaml,five_transistor_ota,Five transistor,4,phase_margin,Phase margin,phase_margin,min,60.0,86.95786061226367,deg,True,1.4492976768710613,1.4492976768710613,0.4492976768710612
optimizer_only__five_transistor_ota__seed_4,optimizer_only,Optimizer,baseline,inputs/ota/five_transistor/five_transistor_ota.yaml,five_transistor_ota,Five transistor,4,slew_rate,Slew rate,slew_rate,min,15000000.0,,V/s,False,,,
optimizer_only__five_transistor_ota__seed_4,optimizer_only,Optimizer,baseline,inputs/ota/five_transistor/five_transistor_ota.yaml,five_transistor_ota,Five transistor,4,output_swing,Output swing,output_swing,min,0.65,0.70949908,V,True,1.091537046153846,1.091537046153846,0.09153704615384604
optimizer_only__five_transistor_ota__seed_4,optimizer_only,Optimizer,baseline,inputs/ota/five_transistor/five_transistor_ota.yaml,five_transistor_ota,Five transistor,4,power,Power,total_power,max,0.0002,0.0001362336,W,True,1.468066614990722,1.468066614990722,0.31883200000000006
optimizer_only__five_transistor_ota__seed_6,optimizer_only,Optimizer,baseline,inputs/ota/five_transistor/five_transistor_ota.yaml,five_transistor_ota,Five transistor,6,dc_gain,Gain,dc_gain_db,min,25.0,23.1823798,dB,False,0.927295192,0.927295192,-0.07270480800000001
optimizer_only__five_transistor_ota__seed_6,optimizer_only,Optimizer,baseline,inputs/ota/five_transistor/five_transistor_ota.yaml,five_transistor_ota,Five transistor,6,unity_gain_bandwidth,UGBW,unity_gain_bandwidth,min,25000000.0,53975970.985770255,Hz,True,2.1590388394308104,1.5,1.1590388394308102
optimizer_only__five_transistor_ota__seed_6,optimizer_only,Optimizer,baseline,inputs/ota/five_transistor/five_transistor_ota.yaml,five_transistor_ota,Five transistor,6,phase_margin,Phase margin,phase_margin,min,60.0,91.7957684285582,deg,True,1.5299294738093034,1.5,0.5299294738093034
optimizer_only__five_transistor_ota__seed_6,optimizer_only,Optimizer,baseline,inputs/ota/five_transistor/five_transistor_ota.yaml,five_transistor_ota,Five transistor,6,slew_rate,Slew rate,slew_rate,min,15000000.0,45708921.25,V/s,True,3.0472614166666667,1.5,2.0472614166666667
optimizer_only__five_transistor_ota__seed_6,optimizer_only,Optimizer,baseline,inputs/ota/five_transistor/five_transistor_ota.yaml,five_transistor_ota,Five transistor,6,output_swing,Output swing,output_swing,min,0.65,0.7420126,V,True,1.1415578461538463,1.1415578461538463,0.14155784615384615
optimizer_only__five_transistor_ota__seed_6,optimizer_only,Optimizer,baseline,inputs/ota/five_transistor/five_transistor_ota.yaml,five_transistor_ota,Five transistor,6,power,Power,total_power,max,0.0002,5.34318e-05,W,True,3.7430893213404755,1.5,0.732841
optimizer_only__five_transistor_ota__seed_5,optimizer_only,Optimizer,baseline,inputs/ota/five_transistor/five_transistor_ota.yaml,five_transistor_ota,Five transistor,5,dc_gain,Gain,dc_gain_db,min,25.0,25.5790824,dB,True,1.023163296,1.023163296,0.02316329600000003
optimizer_only__five_transistor_ota__seed_5,optimizer_only,Optimizer,baseline,inputs/ota/five_transistor/five_transistor_ota.yaml,five_transistor_ota,Five transistor,5,unity_gain_bandwidth,UGBW,unity_gain_bandwidth,min,25000000.0,145844216.34984374,Hz,True,5.83376865399375,1.5,4.83376865399375
optimizer_only__five_transistor_ota__seed_5,optimizer_only,Optimizer,baseline,inputs/ota/five_transistor/five_transistor_ota.yaml,five_transistor_ota,Five transistor,5,phase_margin,Phase margin,phase_margin,min,60.0,82.85181794359782,deg,True,1.380863632393297,1.380863632393297,0.38086363239329707
optimizer_only__five_transistor_ota__seed_5,optimizer_only,Optimizer,baseline,inputs/ota/five_transistor/five_transistor_ota.yaml,five_transistor_ota,Five transistor,5,slew_rate,Slew rate,slew_rate,min,15000000.0,148442272.49999985,V/s,True,9.89615149999999,1.5,8.89615149999999
optimizer_only__five_transistor_ota__seed_5,optimizer_only,Optimizer,baseline,inputs/ota/five_transistor/five_transistor_ota.yaml,five_transistor_ota,Five transistor,5,output_swing,Output swing,output_swing,min,0.65,0.7605054899999999,V,True,1.170008446153846,1.170008446153846,0.17000844615384594
optimizer_only__five_transistor_ota__seed_5,optimizer_only,Optimizer,baseline,inputs/ota/five_transistor/five_transistor_ota.yaml,five_transistor_ota,Five transistor,5,power,Power,total_power,max,0.0002,0.0002027376,W,False,0.9864968313721777,0.9864968313721777,-0.013687999999999926
optimizer_only__five_transistor_ota__seed_7,optimizer_only,Optimizer,baseline,inputs/ota/five_transistor/five_transistor_ota.yaml,five_transistor_ota,Five transistor,7,dc_gain,Gain,dc_gain_db,min,25.0,25.6777929,dB,True,1.027111716,1.027111716,0.027111716
optimizer_only__five_transistor_ota__seed_7,optimizer_only,Optimizer,baseline,inputs/ota/five_transistor/five_transistor_ota.yaml,five_transistor_ota,Five transistor,7,unity_gain_bandwidth,UGBW,unity_gain_bandwidth,min,25000000.0,163644580.39507866,Hz,True,6.545783215803146,1.5,5.545783215803146
optimizer_only__five_transistor_ota__seed_7,optimizer_only,Optimizer,baseline,inputs/ota/five_transistor/five_transistor_ota.yaml,five_transistor_ota,Five transistor,7,phase_margin,Phase margin,phase_margin,min,60.0,80.79363994706227,deg,True,1.3465606657843712,1.3465606657843712,0.3465606657843712
optimizer_only__five_transistor_ota__seed_7,optimizer_only,Optimizer,baseline,inputs/ota/five_transistor/five_transistor_ota.yaml,five_transistor_ota,Five transistor,7,slew_rate,Slew rate,slew_rate,min,15000000.0,,V/s,False,,,
optimizer_only__five_transistor_ota__seed_7,optimizer_only,Optimizer,baseline,inputs/ota/five_transistor/five_transistor_ota.yaml,five_transistor_ota,Five transistor,7,output_swing,Output swing,output_swing,min,0.65,0.75934602,V,True,1.1682246461538461,1.1682246461538461,0.16822464615384605
optimizer_only__five_transistor_ota__seed_7,optimizer_only,Optimizer,baseline,inputs/ota/five_transistor/five_transistor_ota.yaml,five_transistor_ota,Five transistor,7,power,Power,total_power,max,0.0002,0.0002361756,W,False,0.8468275300242701,0.8468275300242701,-0.18087799999999993
optimizer_only__five_transistor_ota__seed_8,optimizer_only,Optimizer,baseline,inputs/ota/five_transistor/five_transistor_ota.yaml,five_transistor_ota,Five transistor,8,dc_gain,Gain,dc_gain_db,min,25.0,23.1536455,dB,False,0.92614582,0.92614582,-0.07385418000000002
optimizer_only__five_transistor_ota__seed_8,optimizer_only,Optimizer,baseline,inputs/ota/five_transistor/five_transistor_ota.yaml,five_transistor_ota,Five transistor,8,unity_gain_bandwidth,UGBW,unity_gain_bandwidth,min,25000000.0,51953087.72808425,Hz,True,2.07812350912337,1.5,1.07812350912337
optimizer_only__five_transistor_ota__seed_8,optimizer_only,Optimizer,baseline,inputs/ota/five_transistor/five_transistor_ota.yaml,five_transistor_ota,Five transistor,8,phase_margin,Phase margin,phase_margin,min,60.0,91.32329096423403,deg,True,1.5220548494039006,1.5,0.5220548494039006
optimizer_only__five_transistor_ota__seed_8,optimizer_only,Optimizer,baseline,inputs/ota/five_transistor/five_transistor_ota.yaml,five_transistor_ota,Five transistor,8,slew_rate,Slew rate,slew_rate,min,15000000.0,,V/s,False,,,
optimizer_only__five_transistor_ota__seed_8,optimizer_only,Optimizer,baseline,inputs/ota/five_transistor/five_transistor_ota.yaml,five_transistor_ota,Five transistor,8,output_swing,Output swing,output_swing,min,0.65,0.74527378,V,True,1.1465750461538462,1.1465750461538462,0.14657504615384612
optimizer_only__five_transistor_ota__seed_8,optimizer_only,Optimizer,baseline,inputs/ota/five_transistor/five_transistor_ota.yaml,five_transistor_ota,Five transistor,8,power,Power,total_power,max,0.0002,4.98336e-05,W,True,4.013356450266487,1.5,0.7508319999999999
optimizer_only__five_transistor_ota__seed_9,optimizer_only,Optimizer,baseline,inputs/ota/five_transistor/five_transistor_ota.yaml,five_transistor_ota,Five transistor,9,dc_gain,Gain,dc_gain_db,min,25.0,24.631956,dB,False,0.98527824,0.98527824,-0.014721760000000046
optimizer_only__five_transistor_ota__seed_9,optimizer_only,Optimizer,baseline,inputs/ota/five_transistor/five_transistor_ota.yaml,five_transistor_ota,Five transistor,9,unity_gain_bandwidth,UGBW,unity_gain_bandwidth,min,25000000.0,145532118.95496574,Hz,True,5.82128475819863,1.5,4.82128475819863
optimizer_only__five_transistor_ota__seed_9,optimizer_only,Optimizer,baseline,inputs/ota/five_transistor/five_transistor_ota.yaml,five_transistor_ota,Five transistor,9,phase_margin,Phase margin,phase_margin,min,60.0,88.3143610619874,deg,True,1.47190601769979,1.47190601769979,0.47190601769978996
optimizer_only__five_transistor_ota__seed_9,optimizer_only,Optimizer,baseline,inputs/ota/five_transistor/five_transistor_ota.yaml,five_transistor_ota,Five transistor,9,slew_rate,Slew rate,slew_rate,min,15000000.0,,V/s,False,,,
optimizer_only__five_transistor_ota__seed_9,optimizer_only,Optimizer,baseline,inputs/ota/five_transistor/five_transistor_ota.yaml,five_transistor_ota,Five transistor,9,output_swing,Output swing,output_swing,min,0.65,0.69082757,V,True,1.062811646153846,1.062811646153846,0.06281164615384603
optimizer_only__five_transistor_ota__seed_9,optimizer_only,Optimizer,baseline,inputs/ota/five_transistor/five_transistor_ota.yaml,five_transistor_ota,Five transistor,9,power,Power,total_power,max,0.0002,0.0001887936,W,True,1.0593579443370962,1.0593579443370962,0.056032000000000075
optimizer_only__five_transistor_ota__seed_10,optimizer_only,Optimizer,baseline,inputs/ota/five_transistor/five_transistor_ota.yaml,five_transistor_ota,Five transistor,10,dc_gain,Gain,dc_gain_db,min,25.0,24.5196267,dB,False,0.980785068,0.980785068,-0.019214932000000004
optimizer_only__five_transistor_ota__seed_10,optimizer_only,Optimizer,baseline,inputs/ota/five_transistor/five_transistor_ota.yaml,five_transistor_ota,Five transistor,10,unity_gain_bandwidth,UGBW,unity_gain_bandwidth,min,25000000.0,128566292.43506315,Hz,True,5.142651697402526,1.5,4.142651697402526
optimizer_only__five_transistor_ota__seed_10,optimizer_only,Optimizer,baseline,inputs/ota/five_transistor/five_transistor_ota.yaml,five_transistor_ota,Five transistor,10,phase_margin,Phase margin,phase_margin,min,60.0,88.92989379997267,deg,True,1.4821648966662113,1.4821648966662113,0.48216489666621126
optimizer_only__five_transistor_ota__seed_10,optimizer_only,Optimizer,baseline,inputs/ota/five_transistor/five_transistor_ota.yaml,five_transistor_ota,Five transistor,10,slew_rate,Slew rate,slew_rate,min,15000000.0,,V/s,False,,,
optimizer_only__five_transistor_ota__seed_10,optimizer_only,Optimizer,baseline,inputs/ota/five_transistor/five_transistor_ota.yaml,five_transistor_ota,Five transistor,10,output_swing,Output swing,output_swing,min,0.65,0.7283678,V,True,1.1205658461538461,1.1205658461538461,0.12056584615384613
optimizer_only__five_transistor_ota__seed_10,optimizer_only,Optimizer,baseline,inputs/ota/five_transistor/five_transistor_ota.yaml,five_transistor_ota,Five transistor,10,power,Power,total_power,max,0.0002,0.0001681884,W,True,1.189142651930811,1.189142651930811,0.15905800000000006
optimizer_postprocess_fallback__two_stage_miller_ota__seed_1,optimizer_postprocess_fallback,Optimizer + repair,postprocess_control,inputs/ota/two_stage_miller/two_stage_miller_ota.yaml,two_stage_miller_ota,Two-stage Miller,1,dc_gain,Gain,dc_gain_db,min,57.0,14.5309697,dB,False,0.25492929298245615,0.25492929298245615,-0.7450707070175439
optimizer_postprocess_fallback__two_stage_miller_ota__seed_1,optimizer_postprocess_fallback,Optimizer + repair,postprocess_control,inputs/ota/two_stage_miller/two_stage_miller_ota.yaml,two_stage_miller_ota,Two-stage Miller,1,unity_gain_bandwidth,UGBW,unity_gain_bandwidth,min,20000000.0,4116086.879704009,Hz,False,0.20580434398520045,0.20580434398520045,-0.7941956560147995
optimizer_postprocess_fallback__two_stage_miller_ota__seed_1,optimizer_postprocess_fallback,Optimizer + repair,postprocess_control,inputs/ota/two_stage_miller/two_stage_miller_ota.yaml,two_stage_miller_ota,Two-stage Miller,1,phase_margin,Phase margin,phase_margin,min,60.0,123.0012530264494,deg,True,2.050020883774157,1.5,1.0500208837741567
optimizer_postprocess_fallback__two_stage_miller_ota__seed_1,optimizer_postprocess_fallback,Optimizer + repair,postprocess_control,inputs/ota/two_stage_miller/two_stage_miller_ota.yaml,two_stage_miller_ota,Two-stage Miller,1,slew_rate,Slew rate,slew_rate,min,10000000.0,96885336.00000046,V/s,True,9.688533600000046,1.5,8.688533600000046
optimizer_postprocess_fallback__two_stage_miller_ota__seed_1,optimizer_postprocess_fallback,Optimizer + repair,postprocess_control,inputs/ota/two_stage_miller/two_stage_miller_ota.yaml,two_stage_miller_ota,Two-stage Miller,1,output_swing,Output swing,output_swing,min,0.49,0.65589462,V,True,1.338560448979592,1.338560448979592,0.3385604489795918
optimizer_postprocess_fallback__two_stage_miller_ota__seed_1,optimizer_postprocess_fallback,Optimizer + repair,postprocess_control,inputs/ota/two_stage_miller/two_stage_miller_ota.yaml,two_stage_miller_ota,Two-stage Miller,1,power,Power,total_power,max,0.001,0.00041332799999999997,W,True,2.419386056594279,1.5,0.5866720000000001
optimizer_postprocess_fallback__two_stage_miller_ota__seed_3,optimizer_postprocess_fallback,Optimizer + repair,postprocess_control,inputs/ota/two_stage_miller/two_stage_miller_ota.yaml,two_stage_miller_ota,Two-stage Miller,3,dc_gain,Gain,dc_gain_db,min,57.0,14.1982825,dB,False,0.24909267543859648,0.24909267543859648,-0.7509073245614035
optimizer_postprocess_fallback__two_stage_miller_ota__seed_3,optimizer_postprocess_fallback,Optimizer + repair,postprocess_control,inputs/ota/two_stage_miller/two_stage_miller_ota.yaml,two_stage_miller_ota,Two-stage Miller,3,unity_gain_bandwidth,UGBW,unity_gain_bandwidth,min,20000000.0,3850863.660757432,Hz,False,0.1925431830378716,0.1925431830378716,-0.8074568169621285
optimizer_postprocess_fallback__two_stage_miller_ota__seed_3,optimizer_postprocess_fallback,Optimizer + repair,postprocess_control,inputs/ota/two_stage_miller/two_stage_miller_ota.yaml,two_stage_miller_ota,Two-stage Miller,3,phase_margin,Phase margin,phase_margin,min,60.0,123.62643252998967,deg,True,2.0604405421664946,1.5,1.0604405421664944
optimizer_postprocess_fallback__two_stage_miller_ota__seed_3,optimizer_postprocess_fallback,Optimizer + repair,postprocess_control,inputs/ota/two_stage_miller/two_stage_miller_ota.yaml,two_stage_miller_ota,Two-stage Miller,3,slew_rate,Slew rate,slew_rate,min,10000000.0,112746409.9999997,V/s,True,11.27464099999997,1.5,10.27464099999997
optimizer_postprocess_fallback__two_stage_miller_ota__seed_3,optimizer_postprocess_fallback,Optimizer + repair,postprocess_control,inputs/ota/two_stage_miller/two_stage_miller_ota.yaml,two_stage_miller_ota,Two-stage Miller,3,output_swing,Output swing,output_swing,min,0.49,0.5902598299999999,V,True,1.2046118979591836,1.2046118979591836,0.20461189795918355
optimizer_postprocess_fallback__two_stage_miller_ota__seed_3,optimizer_postprocess_fallback,Optimizer + repair,postprocess_control,inputs/ota/two_stage_miller/two_stage_miller_ota.yaml,two_stage_miller_ota,Two-stage Miller,3,power,Power,total_power,max,0.001,0.0004891607999999999,W,True,2.044317533211983,1.5,0.5108392
optimizer_postprocess_fallback__two_stage_miller_ota__seed_2,optimizer_postprocess_fallback,Optimizer + repair,postprocess_control,inputs/ota/two_stage_miller/two_stage_miller_ota.yaml,two_stage_miller_ota,Two-stage Miller,2,dc_gain,Gain,dc_gain_db,min,57.0,57.6536941,dB,True,1.0114683175438597,1.0114683175438597,0.011468317543859697
optimizer_postprocess_fallback__two_stage_miller_ota__seed_2,optimizer_postprocess_fallback,Optimizer + repair,postprocess_control,inputs/ota/two_stage_miller/two_stage_miller_ota.yaml,two_stage_miller_ota,Two-stage Miller,2,unity_gain_bandwidth,UGBW,unity_gain_bandwidth,min,20000000.0,32424813.709072445,Hz,True,1.6212406854536223,1.5,0.6212406854536222
optimizer_postprocess_fallback__two_stage_miller_ota__seed_2,optimizer_postprocess_fallback,Optimizer + repair,postprocess_control,inputs/ota/two_stage_miller/two_stage_miller_ota.yaml,two_stage_miller_ota,Two-stage Miller,2,phase_margin,Phase margin,phase_margin,min,60.0,60.37810518097905,deg,True,1.0063017530163174,1.0063017530163174,0.006301753016317472
optimizer_postprocess_fallback__two_stage_miller_ota__seed_2,optimizer_postprocess_fallback,Optimizer + repair,postprocess_control,inputs/ota/two_stage_miller/two_stage_miller_ota.yaml,two_stage_miller_ota,Two-stage Miller,2,slew_rate,Slew rate,slew_rate,min,10000000.0,21635974.999999836,V/s,True,2.1635974999999834,1.5,1.1635974999999836
optimizer_postprocess_fallback__two_stage_miller_ota__seed_2,optimizer_postprocess_fallback,Optimizer + repair,postprocess_control,inputs/ota/two_stage_miller/two_stage_miller_ota.yaml,two_stage_miller_ota,Two-stage Miller,2,output_swing,Output swing,output_swing,min,0.49,0.6287370999999999,V,True,1.28313693877551,1.28313693877551,0.2831369387755101
optimizer_postprocess_fallback__two_stage_miller_ota__seed_2,optimizer_postprocess_fallback,Optimizer + repair,postprocess_control,inputs/ota/two_stage_miller/two_stage_miller_ota.yaml,two_stage_miller_ota,Two-stage Miller,2,power,Power,total_power,max,0.001,0.0004042104,W,True,2.4739591064455544,1.5,0.5957895999999999
optimizer_postprocess_fallback__two_stage_miller_ota__seed_4,optimizer_postprocess_fallback,Optimizer + repair,postprocess_control,inputs/ota/two_stage_miller/two_stage_miller_ota.yaml,two_stage_miller_ota,Two-stage Miller,4,dc_gain,Gain,dc_gain_db,min,57.0,15.8469935,dB,False,0.2780174298245614,0.2780174298245614,-0.7219825701754387
optimizer_postprocess_fallback__two_stage_miller_ota__seed_4,optimizer_postprocess_fallback,Optimizer + repair,postprocess_control,inputs/ota/two_stage_miller/two_stage_miller_ota.yaml,two_stage_miller_ota,Two-stage Miller,4,unity_gain_bandwidth,UGBW,unity_gain_bandwidth,min,20000000.0,4027168.3043937245,Hz,False,0.20135841521968623,0.20135841521968623,-0.7986415847803138
optimizer_postprocess_fallback__two_stage_miller_ota__seed_4,optimizer_postprocess_fallback,Optimizer + repair,postprocess_control,inputs/ota/two_stage_miller/two_stage_miller_ota.yaml,two_stage_miller_ota,Two-stage Miller,4,phase_margin,Phase margin,phase_margin,min,60.0,121.30861216804814,deg,True,2.0218102028008023,1.5,1.0218102028008025
optimizer_postprocess_fallback__two_stage_miller_ota__seed_4,optimizer_postprocess_fallback,Optimizer + repair,postprocess_control,inputs/ota/two_stage_miller/two_stage_miller_ota.yaml,two_stage_miller_ota,Two-stage Miller,4,slew_rate,Slew rate,slew_rate,min,10000000.0,43406646.999999866,V/s,True,4.340664699999986,1.5,3.3406646999999867
optimizer_postprocess_fallback__two_stage_miller_ota__seed_4,optimizer_postprocess_fallback,Optimizer + repair,postprocess_control,inputs/ota/two_stage_miller/two_stage_miller_ota.yaml,two_stage_miller_ota,Two-stage Miller,4,output_swing,Output swing,output_swing,min,0.49,0.69562561,V,True,1.4196441020408164,1.4196441020408164,0.41964410204081637
optimizer_postprocess_fallback__two_stage_miller_ota__seed_4,optimizer_postprocess_fallback,Optimizer + repair,postprocess_control,inputs/ota/two_stage_miller/two_stage_miller_ota.yaml,two_stage_miller_ota,Two-stage Miller,4,power,Power,total_power,max,0.001,0.0003377136,W,True,2.961088922684784,1.5,0.6622864
optimizer_postprocess_fallback__two_stage_miller_ota__seed_5,optimizer_postprocess_fallback,Optimizer + repair,postprocess_control,inputs/ota/two_stage_miller/two_stage_miller_ota.yaml,two_stage_miller_ota,Two-stage Miller,5,dc_gain,Gain,dc_gain_db,min,57.0,15.073167,dB,False,0.2644415263157895,0.2644415263157895,-0.7355584736842106
optimizer_postprocess_fallback__two_stage_miller_ota__seed_5,optimizer_postprocess_fallback,Optimizer + repair,postprocess_control,inputs/ota/two_stage_miller/two_stage_miller_ota.yaml,two_stage_miller_ota,Two-stage Miller,5,unity_gain_bandwidth,UGBW,unity_gain_bandwidth,min,20000000.0,4168025.7290977105,Hz,False,0.2084012864548855,0.2084012864548855,-0.7915987135451145
optimizer_postprocess_fallback__two_stage_miller_ota__seed_5,optimizer_postprocess_fallback,Optimizer + repair,postprocess_control,inputs/ota/two_stage_miller/two_stage_miller_ota.yaml,two_stage_miller_ota,Two-stage Miller,5,phase_margin,Phase margin,phase_margin,min,60.0,121.72621150029364,deg,True,2.0287701916715606,1.5,1.0287701916715608
optimizer_postprocess_fallback__two_stage_miller_ota__seed_5,optimizer_postprocess_fallback,Optimizer + repair,postprocess_control,inputs/ota/two_stage_miller/two_stage_miller_ota.yaml,two_stage_miller_ota,Two-stage Miller,5,slew_rate,Slew rate,slew_rate,min,10000000.0,110993677.00000054,V/s,True,11.099367700000053,1.5,10.099367700000053
optimizer_postprocess_fallback__two_stage_miller_ota__seed_5,optimizer_postprocess_fallback,Optimizer + repair,postprocess_control,inputs/ota/two_stage_miller/two_stage_miller_ota.yaml,two_stage_miller_ota,Two-stage Miller,5,output_swing,Output swing,output_swing,min,0.49,0.6415505499999998,V,True,1.3092868367346935,1.3092868367346935,0.30928683673469354
optimizer_postprocess_fallback__two_stage_miller_ota__seed_5,optimizer_postprocess_fallback,Optimizer + repair,postprocess_control,inputs/ota/two_stage_miller/two_stage_miller_ota.yaml,two_stage_miller_ota,Two-stage Miller,5,power,Power,total_power,max,0.001,0.0004900163999999999,W,True,2.0407480239436886,1.5,0.5099836000000001
optimizer_postprocess_fallback__two_stage_miller_ota__seed_6,optimizer_postprocess_fallback,Optimizer + repair,postprocess_control,inputs/ota/two_stage_miller/two_stage_miller_ota.yaml,two_stage_miller_ota,Two-stage Miller,6,dc_gain,Gain,dc_gain_db,min,57.0,15.4729101,dB,False,0.27145456315789473,0.27145456315789473,-0.7285454368421053
optimizer_postprocess_fallback__two_stage_miller_ota__seed_6,optimizer_postprocess_fallback,Optimizer + repair,postprocess_control,inputs/ota/two_stage_miller/two_stage_miller_ota.yaml,two_stage_miller_ota,Two-stage Miller,6,unity_gain_bandwidth,UGBW,unity_gain_bandwidth,min,20000000.0,8961625.956974113,Hz,False,0.44808129784870565,0.44808129784870565,-0.5519187021512943
optimizer_postprocess_fallback__two_stage_miller_ota__seed_6,optimizer_postprocess_fallback,Optimizer + repair,postprocess_control,inputs/ota/two_stage_miller/two_stage_miller_ota.yaml,two_stage_miller_ota,Two-stage Miller,6,phase_margin,Phase margin,phase_margin,min,60.0,127.498133433034,deg,True,2.1249688905505666,1.5,1.1249688905505666
optimizer_postprocess_fallback__two_stage_miller_ota__seed_6,optimizer_postprocess_fallback,Optimizer + repair,postprocess_control,inputs/ota/two_stage_miller/two_stage_miller_ota.yaml,two_stage_miller_ota,Two-stage Miller,6,slew_rate,Slew rate,slew_rate,min,10000000.0,106572649.99999969,V/s,True,10.657264999999969,1.5,9.657264999999969
optimizer_postprocess_fallback__two_stage_miller_ota__seed_6,optimizer_postprocess_fallback,Optimizer + repair,postprocess_control,inputs/ota/two_stage_miller/two_stage_miller_ota.yaml,two_stage_miller_ota,Two-stage Miller,6,output_swing,Output swing,output_swing,min,0.49,0.6347719599999999,V,True,1.2954529795918366,1.2954529795918366,0.2954529795918366
optimizer_postprocess_fallback__two_stage_miller_ota__seed_6,optimizer_postprocess_fallback,Optimizer + repair,postprocess_control,inputs/ota/two_stage_miller/two_stage_miller_ota.yaml,two_stage_miller_ota,Two-stage Miller,6,power,Power,total_power,max,0.001,0.0004484676,W,True,2.2298154872280627,1.5,0.5515324
optimizer_postprocess_fallback__two_stage_miller_ota__seed_7,optimizer_postprocess_fallback,Optimizer + repair,postprocess_control,inputs/ota/two_stage_miller/two_stage_miller_ota.yaml,two_stage_miller_ota,Two-stage Miller,7,dc_gain,Gain,dc_gain_db,min,57.0,14.3110124,dB,False,0.25107039298245615,0.25107039298245615,-0.748929607017544
optimizer_postprocess_fallback__two_stage_miller_ota__seed_7,optimizer_postprocess_fallback,Optimizer + repair,postprocess_control,inputs/ota/two_stage_miller/two_stage_miller_ota.yaml,two_stage_miller_ota,Two-stage Miller,7,unity_gain_bandwidth,UGBW,unity_gain_bandwidth,min,20000000.0,2630082.838043383,Hz,False,0.13150414190216914,0.13150414190216914,-0.8684958580978308
optimizer_postprocess_fallback__two_stage_miller_ota__seed_7,optimizer_postprocess_fallback,Optimizer + repair,postprocess_control,inputs/ota/two_stage_miller/two_stage_miller_ota.yaml,two_stage_miller_ota,Two-stage Miller,7,phase_margin,Phase margin,phase_margin,min,60.0,115.85927574649752,deg,True,1.9309879291082919,1.5,0.930987929108292
optimizer_postprocess_fallback__two_stage_miller_ota__seed_7,optimizer_postprocess_fallback,Optimizer + repair,postprocess_control,inputs/ota/two_stage_miller/two_stage_miller_ota.yaml,two_stage_miller_ota,Two-stage Miller,7,slew_rate,Slew rate,slew_rate,min,10000000.0,58650819.99999991,V/s,True,5.865081999999991,1.5,4.865081999999991
optimizer_postprocess_fallback__two_stage_miller_ota__seed_7,optimizer_postprocess_fallback,Optimizer + repair,postprocess_control,inputs/ota/two_stage_miller/two_stage_miller_ota.yaml,two_stage_miller_ota,Two-stage Miller,7,output_swing,Output swing,output_swing,min,0.49,0.55229814,V,True,1.1271390612244898,1.1271390612244898,0.1271390612244898
optimizer_postprocess_fallback__two_stage_miller_ota__seed_7,optimizer_postprocess_fallback,Optimizer + repair,postprocess_control,inputs/ota/two_stage_miller/two_stage_miller_ota.yaml,two_stage_miller_ota,Two-stage Miller,7,power,Power,total_power,max,0.001,0.000643164,W,True,1.5548133912967765,1.5,0.35683600000000004
optimizer_postprocess_fallback__two_stage_miller_ota__seed_8,optimizer_postprocess_fallback,Optimizer + repair,postprocess_control,inputs/ota/two_stage_miller/two_stage_miller_ota.yaml,two_stage_miller_ota,Two-stage Miller,8,dc_gain,Gain,dc_gain_db,min,57.0,14.0702018,dB,False,0.24684564561403508,0.24684564561403508,-0.7531543543859649
optimizer_postprocess_fallback__two_stage_miller_ota__seed_8,optimizer_postprocess_fallback,Optimizer + repair,postprocess_control,inputs/ota/two_stage_miller/two_stage_miller_ota.yaml,two_stage_miller_ota,Two-stage Miller,8,unity_gain_bandwidth,UGBW,unity_gain_bandwidth,min,20000000.0,3448299.7573595485,Hz,False,0.17241498786797743,0.17241498786797743,-0.8275850121320225
optimizer_postprocess_fallback__two_stage_miller_ota__seed_8,optimizer_postprocess_fallback,Optimizer + repair,postprocess_control,inputs/ota/two_stage_miller/two_stage_miller_ota.yaml,two_stage_miller_ota,Two-stage Miller,8,phase_margin,Phase margin,phase_margin,min,60.0,121.35944986380127,deg,True,2.0226574977300213,1.5,1.0226574977300211
optimizer_postprocess_fallback__two_stage_miller_ota__seed_8,optimizer_postprocess_fallback,Optimizer + repair,postprocess_control,inputs/ota/two_stage_miller/two_stage_miller_ota.yaml,two_stage_miller_ota,Two-stage Miller,8,slew_rate,Slew rate,slew_rate,min,10000000.0,45951486.9999999,V/s,True,4.59514869999999,1.5,3.5951486999999904
optimizer_postprocess_fallback__two_stage_miller_ota__seed_8,optimizer_postprocess_fallback,Optimizer + repair,postprocess_control,inputs/ota/two_stage_miller/two_stage_miller_ota.yaml,two_stage_miller_ota,Two-stage Miller,8,output_swing,Output swing,output_swing,min,0.49,0.6207478200000001,V,True,1.266832285714286,1.266832285714286,0.26683228571428586
optimizer_postprocess_fallback__two_stage_miller_ota__seed_8,optimizer_postprocess_fallback,Optimizer + repair,postprocess_control,inputs/ota/two_stage_miller/two_stage_miller_ota.yaml,two_stage_miller_ota,Two-stage Miller,8,power,Power,total_power,max,0.001,0.0004645344,W,True,2.1526931051823075,1.5,0.5354656
optimizer_postprocess_fallback__two_stage_miller_ota__seed_9,optimizer_postprocess_fallback,Optimizer + repair,postprocess_control,inputs/ota/two_stage_miller/two_stage_miller_ota.yaml,two_stage_miller_ota,Two-stage Miller,9,dc_gain,Gain,dc_gain_db,min,57.0,14.449981,dB,False,0.2535084385964912,0.2535084385964912,-0.7464915614035088
optimizer_postprocess_fallback__two_stage_miller_ota__seed_9,optimizer_postprocess_fallback,Optimizer + repair,postprocess_control,inputs/ota/two_stage_miller/two_stage_miller_ota.yaml,two_stage_miller_ota,Two-stage Miller,9,unity_gain_bandwidth,UGBW,unity_gain_bandwidth,min,20000000.0,3083260.292887872,Hz,False,0.1541630146443936,0.1541630146443936,-0.8458369853556063
optimizer_postprocess_fallback__two_stage_miller_ota__seed_9,optimizer_postprocess_fallback,Optimizer + repair,postprocess_control,inputs/ota/two_stage_miller/two_stage_miller_ota.yaml,two_stage_miller_ota,Two-stage Miller,9,phase_margin,Phase margin,phase_margin,min,60.0,116.80441634796803,deg,True,1.9467402724661338,1.5,0.9467402724661338
optimizer_postprocess_fallback__two_stage_miller_ota__seed_9,optimizer_postprocess_fallback,Optimizer + repair,postprocess_control,inputs/ota/two_stage_miller/two_stage_miller_ota.yaml,two_stage_miller_ota,Two-stage Miller,9,slew_rate,Slew rate,slew_rate,min,10000000.0,52018069.9999999,V/s,True,5.201806999999991,1.5,4.201806999999991
optimizer_postprocess_fallback__two_stage_miller_ota__seed_9,optimizer_postprocess_fallback,Optimizer + repair,postprocess_control,inputs/ota/two_stage_miller/two_stage_miller_ota.yaml,two_stage_miller_ota,Two-stage Miller,9,output_swing,Output swing,output_swing,min,0.49,0.55064857,V,True,1.1237725918367347,1.1237725918367347,0.12377259183673472
optimizer_postprocess_fallback__two_stage_miller_ota__seed_9,optimizer_postprocess_fallback,Optimizer + repair,postprocess_control,inputs/ota/two_stage_miller/two_stage_miller_ota.yaml,two_stage_miller_ota,Two-stage Miller,9,power,Power,total_power,max,0.001,0.0006830231999999999,W,True,1.4640791118076226,1.4640791118076226,0.3169768000000001
optimizer_postprocess_fallback__two_stage_miller_ota__seed_10,optimizer_postprocess_fallback,Optimizer + repair,postprocess_control,inputs/ota/two_stage_miller/two_stage_miller_ota.yaml,two_stage_miller_ota,Two-stage Miller,10,dc_gain,Gain,dc_gain_db,min,57.0,14.7616266,dB,False,0.2589759052631579,0.2589759052631579,-0.7410240947368422
optimizer_postprocess_fallback__two_stage_miller_ota__seed_10,optimizer_postprocess_fallback,Optimizer + repair,postprocess_control,inputs/ota/two_stage_miller/two_stage_miller_ota.yaml,two_stage_miller_ota,Two-stage Miller,10,unity_gain_bandwidth,UGBW,unity_gain_bandwidth,min,20000000.0,3759077.6639188044,Hz,False,0.18795388319594022,0.18795388319594022,-0.8120461168040598
optimizer_postprocess_fallback__two_stage_miller_ota__seed_10,optimizer_postprocess_fallback,Optimizer + repair,postprocess_control,inputs/ota/two_stage_miller/two_stage_miller_ota.yaml,two_stage_miller_ota,Two-stage Miller,10,phase_margin,Phase margin,phase_margin,min,60.0,120.2095153916992,deg,True,2.0034919231949866,1.5,1.0034919231949866
optimizer_postprocess_fallback__two_stage_miller_ota__seed_10,optimizer_postprocess_fallback,Optimizer + repair,postprocess_control,inputs/ota/two_stage_miller/two_stage_miller_ota.yaml,two_stage_miller_ota,Two-stage Miller,10,slew_rate,Slew rate,slew_rate,min,10000000.0,92187683.9999998,V/s,True,9.21876839999998,1.5,8.21876839999998
optimizer_postprocess_fallback__two_stage_miller_ota__seed_10,optimizer_postprocess_fallback,Optimizer + repair,postprocess_control,inputs/ota/two_stage_miller/two_stage_miller_ota.yaml,two_stage_miller_ota,Two-stage Miller,10,output_swing,Output swing,output_swing,min,0.49,0.6130403799999999,V,True,1.2511028163265305,1.2511028163265305,0.25110281632653053
optimizer_postprocess_fallback__two_stage_miller_ota__seed_10,optimizer_postprocess_fallback,Optimizer + repair,postprocess_control,inputs/ota/two_stage_miller/two_stage_miller_ota.yaml,two_stage_miller_ota,Two-stage Miller,10,power,Power,total_power,max,0.001,0.0006382067999999999,W,True,1.5668902305647638,1.5,0.3617932000000001
optimizer_postprocess_fallback__current_mirror_ota_ihp130__seed_1,optimizer_postprocess_fallback,Optimizer + repair,postprocess_control,inputs/ota/current_mirror/current_mirror_ota_ihp130.yaml,current_mirror_ota_ihp130,Current mirror,1,dc_gain,Gain,dc_gain_db,min,28.0,28.4652195,dB,True,1.0166149821428572,1.0166149821428572,0.01661498214285714
optimizer_postprocess_fallback__current_mirror_ota_ihp130__seed_1,optimizer_postprocess_fallback,Optimizer + repair,postprocess_control,inputs/ota/current_mirror/current_mirror_ota_ihp130.yaml,current_mirror_ota_ihp130,Current mirror,1,unity_gain_bandwidth,UGBW,unity_gain_bandwidth,min,30000000.0,9273852.975822773,Hz,False,0.3091284325274258,0.3091284325274258,-0.6908715674725743
optimizer_postprocess_fallback__current_mirror_ota_ihp130__seed_1,optimizer_postprocess_fallback,Optimizer + repair,postprocess_control,inputs/ota/current_mirror/current_mirror_ota_ihp130.yaml,current_mirror_ota_ihp130,Current mirror,1,phase_margin,Phase margin,phase_margin,min,60.0,77.99253204268584,deg,True,1.2998755340447639,1.2998755340447639,0.29987553404476397
optimizer_postprocess_fallback__current_mirror_ota_ihp130__seed_1,optimizer_postprocess_fallback,Optimizer + repair,postprocess_control,inputs/ota/current_mirror/current_mirror_ota_ihp130.yaml,current_mirror_ota_ihp130,Current mirror,1,slew_rate,Slew rate,slew_rate,min,25000000.0,5464827.267586133,V/s,False,0.21859309070344535,0.21859309070344535,-0.7814069092965547
optimizer_postprocess_fallback__current_mirror_ota_ihp130__seed_1,optimizer_postprocess_fallback,Optimizer + repair,postprocess_control,inputs/ota/current_mirror/current_mirror_ota_ihp130.yaml,current_mirror_ota_ihp130,Current mirror,1,output_swing,Output swing,output_swing,min,0.6,0.88841132,V,True,1.4806855333333333,1.4806855333333333,0.4806855333333334
optimizer_postprocess_fallback__current_mirror_ota_ihp130__seed_1,optimizer_postprocess_fallback,Optimizer + repair,postprocess_control,inputs/ota/current_mirror/current_mirror_ota_ihp130.yaml,current_mirror_ota_ihp130,Current mirror,1,power,Power,total_power,max,0.0003,6.881364e-06,W,True,43.59600800073939,1.5,0.97706212
optimizer_postprocess_fallback__current_mirror_ota_ihp130__seed_2,optimizer_postprocess_fallback,Optimizer + repair,postprocess_control,inputs/ota/current_mirror/current_mirror_ota_ihp130.yaml,current_mirror_ota_ihp130,Current mirror,2,dc_gain,Gain,dc_gain_db,min,28.0,25.141108,dB,False,0.8978967142857143,0.8978967142857143,-0.10210328571428574
optimizer_postprocess_fallback__current_mirror_ota_ihp130__seed_2,optimizer_postprocess_fallback,Optimizer + repair,postprocess_control,inputs/ota/current_mirror/current_mirror_ota_ihp130.yaml,current_mirror_ota_ihp130,Current mirror,2,unity_gain_bandwidth,UGBW,unity_gain_bandwidth,min,30000000.0,64758621.7373058,Hz,True,2.15862072457686,1.5,1.1586207245768598
optimizer_postprocess_fallback__current_mirror_ota_ihp130__seed_2,optimizer_postprocess_fallback,Optimizer + repair,postprocess_control,inputs/ota/current_mirror/current_mirror_ota_ihp130.yaml,current_mirror_ota_ihp130,Current mirror,2,phase_margin,Phase margin,phase_margin,min,60.0,88.0005757975424,deg,True,1.4666762632923733,1.4666762632923733,0.4666762632923733
optimizer_postprocess_fallback__current_mirror_ota_ihp130__seed_2,optimizer_postprocess_fallback,Optimizer + repair,postprocess_control,inputs/ota/current_mirror/current_mirror_ota_ihp130.yaml,current_mirror_ota_ihp130,Current mirror,2,slew_rate,Slew rate,slew_rate,min,25000000.0,80594310.20284511,V/s,True,3.2237724081138044,1.5,2.2237724081138044
optimizer_postprocess_fallback__current_mirror_ota_ihp130__seed_2,optimizer_postprocess_fallback,Optimizer + repair,postprocess_control,inputs/ota/current_mirror/current_mirror_ota_ihp130.yaml,current_mirror_ota_ihp130,Current mirror,2,output_swing,Output swing,output_swing,min,0.6,0.4662946899999999,V,False,0.7771578166666665,0.7771578166666665,-0.22284218333333347
optimizer_postprocess_fallback__current_mirror_ota_ihp130__seed_2,optimizer_postprocess_fallback,Optimizer + repair,postprocess_control,inputs/ota/current_mirror/current_mirror_ota_ihp130.yaml,current_mirror_ota_ihp130,Current mirror,2,power,Power,total_power,max,0.0003,0.0001443864,W,True,2.077758015990425,1.5,0.518712
optimizer_postprocess_fallback__current_mirror_ota_ihp130__seed_3,optimizer_postprocess_fallback,Optimizer + repair,postprocess_control,inputs/ota/current_mirror/current_mirror_ota_ihp130.yaml,current_mirror_ota_ihp130,Current mirror,3,dc_gain,Gain,dc_gain_db,min,28.0,27.9793544,dB,False,0.9992626571428571,0.9992626571428571,-0.0007373428571429182
optimizer_postprocess_fallback__current_mirror_ota_ihp130__seed_3,optimizer_postprocess_fallback,Optimizer + repair,postprocess_control,inputs/ota/current_mirror/current_mirror_ota_ihp130.yaml,current_mirror_ota_ihp130,Current mirror,3,unity_gain_bandwidth,UGBW,unity_gain_bandwidth,min,30000000.0,34242207.306782424,Hz,True,1.1414069102260809,1.1414069102260809,0.14140691022608082
optimizer_postprocess_fallback__current_mirror_ota_ihp130__seed_3,optimizer_postprocess_fallback,Optimizer + repair,postprocess_control,inputs/ota/current_mirror/current_mirror_ota_ihp130.yaml,current_mirror_ota_ihp130,Current mirror,3,phase_margin,Phase margin,phase_margin,min,60.0,78.94843636077566,deg,True,1.3158072726795944,1.3158072726795944,0.3158072726795943
optimizer_postprocess_fallback__current_mirror_ota_ihp130__seed_3,optimizer_postprocess_fallback,Optimizer + repair,postprocess_control,inputs/ota/current_mirror/current_mirror_ota_ihp130.yaml,current_mirror_ota_ihp130,Current mirror,3,slew_rate,Slew rate,slew_rate,min,25000000.0,30120908.939545598,V/s,True,1.204836357581824,1.204836357581824,0.20483635758182392
optimizer_postprocess_fallback__current_mirror_ota_ihp130__seed_3,optimizer_postprocess_fallback,Optimizer + repair,postprocess_control,inputs/ota/current_mirror/current_mirror_ota_ihp130.yaml,current_mirror_ota_ihp130,Current mirror,3,output_swing,Output swing,output_swing,min,0.6,0.83912988,V,True,1.3985498,1.3985498,0.39854980000000007
optimizer_postprocess_fallback__current_mirror_ota_ihp130__seed_3,optimizer_postprocess_fallback,Optimizer + repair,postprocess_control,inputs/ota/current_mirror/current_mirror_ota_ihp130.yaml,current_mirror_ota_ihp130,Current mirror,3,power,Power,total_power,max,0.0003,3.843264e-05,W,True,7.805865014737473,1.5,0.8718912
optimizer_postprocess_fallback__current_mirror_ota_ihp130__seed_4,optimizer_postprocess_fallback,Optimizer + repair,postprocess_control,inputs/ota/current_mirror/current_mirror_ota_ihp130.yaml,current_mirror_ota_ihp130,Current mirror,4,dc_gain,Gain,dc_gain_db,min,28.0,26.5381069,dB,False,0.9477895321428571,0.9477895321428571,-0.052210467857142895
optimizer_postprocess_fallback__current_mirror_ota_ihp130__seed_4,optimizer_postprocess_fallback,Optimizer + repair,postprocess_control,inputs/ota/current_mirror/current_mirror_ota_ihp130.yaml,current_mirror_ota_ihp130,Current mirror,4,unity_gain_bandwidth,UGBW,unity_gain_bandwidth,min,30000000.0,15942329.081997218,Hz,False,0.5314109693999073,0.5314109693999073,-0.46858903060009277
optimizer_postprocess_fallback__current_mirror_ota_ihp130__seed_4,optimizer_postprocess_fallback,Optimizer + repair,postprocess_control,inputs/ota/current_mirror/current_mirror_ota_ihp130.yaml,current_mirror_ota_ihp130,Current mirror,4,phase_margin,Phase margin,phase_margin,min,60.0,83.10586834926055,deg,True,1.385097805821009,1.385097805821009,0.3850978058210091
optimizer_postprocess_fallback__current_mirror_ota_ihp130__seed_4,optimizer_postprocess_fallback,Optimizer + repair,postprocess_control,inputs/ota/current_mirror/current_mirror_ota_ihp130.yaml,current_mirror_ota_ihp130,Current mirror,4,slew_rate,Slew rate,slew_rate,min,25000000.0,10869462.565268792,V/s,False,0.4347785026107517,0.4347785026107517,-0.5652214973892483
optimizer_postprocess_fallback__current_mirror_ota_ihp130__seed_4,optimizer_postprocess_fallback,Optimizer + repair,postprocess_control,inputs/ota/current_mirror/current_mirror_ota_ihp130.yaml,current_mirror_ota_ihp130,Current mirror,4,output_swing,Output swing,output_swing,min,0.6,0.8544531099999999,V,True,1.4240885166666666,1.4240885166666666,0.4240885166666666
optimizer_postprocess_fallback__current_mirror_ota_ihp130__seed_4,optimizer_postprocess_fallback,Optimizer + repair,postprocess_control,inputs/ota/current_mirror/current_mirror_ota_ihp130.yaml,current_mirror_ota_ihp130,Current mirror,4,power,Power,total_power,max,0.0003,1.2776999999999998e-05,W,True,23.479690068091102,1.5,0.95741
optimizer_postprocess_fallback__current_mirror_ota_ihp130__seed_5,optimizer_postprocess_fallback,Optimizer + repair,postprocess_control,inputs/ota/current_mirror/current_mirror_ota_ihp130.yaml,current_mirror_ota_ihp130,Current mirror,5,dc_gain,Gain,dc_gain_db,min,28.0,27.4010616,dB,False,0.9786093428571428,0.9786093428571428,-0.0213906571428572
optimizer_postprocess_fallback__current_mirror_ota_ihp130__seed_5,optimizer_postprocess_fallback,Optimizer + repair,postprocess_control,inputs/ota/current_mirror/current_mirror_ota_ihp130.yaml,current_mirror_ota_ihp130,Current mirror,5,unity_gain_bandwidth,UGBW,unity_gain_bandwidth,min,30000000.0,9286743.7765072,Hz,False,0.30955812588357334,0.30955812588357334,-0.6904418741164267
optimizer_postprocess_fallback__current_mirror_ota_ihp130__seed_5,optimizer_postprocess_fallback,Optimizer + repair,postprocess_control,inputs/ota/current_mirror/current_mirror_ota_ihp130.yaml,current_mirror_ota_ihp130,Current mirror,5,phase_margin,Phase margin,phase_margin,min,60.0,75.09741395091369,deg,True,1.2516235658485615,1.2516235658485615,0.2516235658485615
optimizer_postprocess_fallback__current_mirror_ota_ihp130__seed_5,optimizer_postprocess_fallback,Optimizer + repair,postprocess_control,inputs/ota/current_mirror/current_mirror_ota_ihp130.yaml,current_mirror_ota_ihp130,Current mirror,5,slew_rate,Slew rate,slew_rate,min,25000000.0,4883337.558331469,V/s,False,0.19533350233325877,0.19533350233325877,-0.8046664976667414
optimizer_postprocess_fallback__current_mirror_ota_ihp130__seed_5,optimizer_postprocess_fallback,Optimizer + repair,postprocess_control,inputs/ota/current_mirror/current_mirror_ota_ihp130.yaml,current_mirror_ota_ihp130,Current mirror,5,output_swing,Output swing,output_swing,min,0.6,0.8961126500000001,V,True,1.4935210833333334,1.4935210833333334,0.4935210833333335
optimizer_postprocess_fallback__current_mirror_ota_ihp130__seed_5,optimizer_postprocess_fallback,Optimizer + repair,postprocess_control,inputs/ota/current_mirror/current_mirror_ota_ihp130.yaml,current_mirror_ota_ihp130,Current mirror,5,power,Power,total_power,max,0.0003,6.607848e-06,W,True,45.40056006130891,1.5,0.9779738399999999
optimizer_postprocess_fallback__current_mirror_ota_ihp130__seed_6,optimizer_postprocess_fallback,Optimizer + repair,postprocess_control,inputs/ota/current_mirror/current_mirror_ota_ihp130.yaml,current_mirror_ota_ihp130,Current mirror,6,dc_gain,Gain,dc_gain_db,min,28.0,24.9098187,dB,False,0.8896363821428571,0.8896363821428571,-0.1103636178571429
optimizer_postprocess_fallback__current_mirror_ota_ihp130__seed_6,optimizer_postprocess_fallback,Optimizer + repair,postprocess_control,inputs/ota/current_mirror/current_mirror_ota_ihp130.yaml,current_mirror_ota_ihp130,Current mirror,6,unity_gain_bandwidth,UGBW,unity_gain_bandwidth,min,30000000.0,133980956.01229508,Hz,True,4.466031867076503,1.5,3.4660318670765027
optimizer_postprocess_fallback__current_mirror_ota_ihp130__seed_6,optimizer_postprocess_fallback,Optimizer + repair,postprocess_control,inputs/ota/current_mirror/current_mirror_ota_ihp130.yaml,current_mirror_ota_ihp130,Current mirror,6,phase_margin,Phase margin,phase_margin,min,60.0,78.01950115025076,deg,True,1.300325019170846,1.300325019170846,0.30032501917084603
optimizer_postprocess_fallback__current_mirror_ota_ihp130__seed_6,optimizer_postprocess_fallback,Optimizer + repair,postprocess_control,inputs/ota/current_mirror/current_mirror_ota_ihp130.yaml,current_mirror_ota_ihp130,Current mirror,6,slew_rate,Slew rate,slew_rate,min,25000000.0,165405455.79727256,V/s,True,6.616218231890903,1.5,5.616218231890903
optimizer_postprocess_fallback__current_mirror_ota_ihp130__seed_6,optimizer_postprocess_fallback,Optimizer + repair,postprocess_control,inputs/ota/current_mirror/current_mirror_ota_ihp130.yaml,current_mirror_ota_ihp130,Current mirror,6,output_swing,Output swing,output_swing,min,0.6,0.4529821699999999,V,False,0.7549702833333332,0.7549702833333332,-0.24502971666666679
optimizer_postprocess_fallback__current_mirror_ota_ihp130__seed_6,optimizer_postprocess_fallback,Optimizer + repair,postprocess_control,inputs/ota/current_mirror/current_mirror_ota_ihp130.yaml,current_mirror_ota_ihp130,Current mirror,6,power,Power,total_power,max,0.0003,0.000328044,W,False,0.9145114679738083,0.9145114679738083,-0.09348000000000006
optimizer_postprocess_fallback__current_mirror_ota_ihp130__seed_7,optimizer_postprocess_fallback,Optimizer + repair,postprocess_control,inputs/ota/current_mirror/current_mirror_ota_ihp130.yaml,current_mirror_ota_ihp130,Current mirror,7,dc_gain,Gain,dc_gain_db,min,28.0,26.6923775,dB,False,0.9532991964285714,0.9532991964285714,-0.0467008035714286
optimizer_postprocess_fallback__current_mirror_ota_ihp130__seed_7,optimizer_postprocess_fallback,Optimizer + repair,postprocess_control,inputs/ota/current_mirror/current_mirror_ota_ihp130.yaml,current_mirror_ota_ihp130,Current mirror,7,unity_gain_bandwidth,UGBW,unity_gain_bandwidth,min,30000000.0,81661146.25916535,Hz,True,2.722038208638845,1.5,1.7220382086388448
optimizer_postprocess_fallback__current_mirror_ota_ihp130__seed_7,optimizer_postprocess_fallback,Optimizer + repair,postprocess_control,inputs/ota/current_mirror/current_mirror_ota_ihp130.yaml,current_mirror_ota_ihp130,Current mirror,7,phase_margin,Phase margin,phase_margin,min,60.0,68.30730086117512,deg,True,1.1384550143529186,1.1384550143529186,0.1384550143529187
optimizer_postprocess_fallback__current_mirror_ota_ihp130__seed_7,optimizer_postprocess_fallback,Optimizer + repair,postprocess_control,inputs/ota/current_mirror/current_mirror_ota_ihp130.yaml,current_mirror_ota_ihp130,Current mirror,7,slew_rate,Slew rate,slew_rate,min,25000000.0,109556750.22162516,V/s,True,4.382270008865007,1.5,3.3822700088650066
optimizer_postprocess_fallback__current_mirror_ota_ihp130__seed_7,optimizer_postprocess_fallback,Optimizer + repair,postprocess_control,inputs/ota/current_mirror/current_mirror_ota_ihp130.yaml,current_mirror_ota_ihp130,Current mirror,7,output_swing,Output swing,output_swing,min,0.6,0.6686198,V,True,1.1143663333333333,1.1143663333333333,0.11436633333333335
optimizer_postprocess_fallback__current_mirror_ota_ihp130__seed_7,optimizer_postprocess_fallback,Optimizer + repair,postprocess_control,inputs/ota/current_mirror/current_mirror_ota_ihp130.yaml,current_mirror_ota_ihp130,Current mirror,7,power,Power,total_power,max,0.0003,0.00018687359999999999,W,True,1.6053631973697728,1.5,0.377088
optimizer_postprocess_fallback__current_mirror_ota_ihp130__seed_9,optimizer_postprocess_fallback,Optimizer + repair,postprocess_control,inputs/ota/current_mirror/current_mirror_ota_ihp130.yaml,current_mirror_ota_ihp130,Current mirror,9,dc_gain,Gain,dc_gain_db,min,28.0,24.5024297,dB,False,0.875086775,0.875086775,-0.12491322499999999
optimizer_postprocess_fallback__current_mirror_ota_ihp130__seed_9,optimizer_postprocess_fallback,Optimizer + repair,postprocess_control,inputs/ota/current_mirror/current_mirror_ota_ihp130.yaml,current_mirror_ota_ihp130,Current mirror,9,unity_gain_bandwidth,UGBW,unity_gain_bandwidth,min,30000000.0,76370020.73527463,Hz,True,2.5456673578424875,1.5,1.5456673578424875
optimizer_postprocess_fallback__current_mirror_ota_ihp130__seed_9,optimizer_postprocess_fallback,Optimizer + repair,postprocess_control,inputs/ota/current_mirror/current_mirror_ota_ihp130.yaml,current_mirror_ota_ihp130,Current mirror,9,phase_margin,Phase margin,phase_margin,min,60.0,75.28422148892646,deg,True,1.254737024815441,1.254737024815441,0.254737024815441
optimizer_postprocess_fallback__current_mirror_ota_ihp130__seed_9,optimizer_postprocess_fallback,Optimizer + repair,postprocess_control,inputs/ota/current_mirror/current_mirror_ota_ihp130.yaml,current_mirror_ota_ihp130,Current mirror,9,slew_rate,Slew rate,slew_rate,min,25000000.0,92880540.05973014,V/s,True,3.7152216023892057,1.5,2.7152216023892057
optimizer_postprocess_fallback__current_mirror_ota_ihp130__seed_9,optimizer_postprocess_fallback,Optimizer + repair,postprocess_control,inputs/ota/current_mirror/current_mirror_ota_ihp130.yaml,current_mirror_ota_ihp130,Current mirror,9,output_swing,Output swing,output_swing,min,0.6,0.46254470999999997,V,False,0.77090785,0.77090785,-0.22909215000000002
optimizer_postprocess_fallback__current_mirror_ota_ihp130__seed_9,optimizer_postprocess_fallback,Optimizer + repair,postprocess_control,inputs/ota/current_mirror/current_mirror_ota_ihp130.yaml,current_mirror_ota_ihp130,Current mirror,9,power,Power,total_power,max,0.0003,0.0001718796,W,True,1.7454078319940236,1.5,0.427068
optimizer_postprocess_fallback__current_mirror_ota_ihp130__seed_10,optimizer_postprocess_fallback,Optimizer + repair,postprocess_control,inputs/ota/current_mirror/current_mirror_ota_ihp130.yaml,current_mirror_ota_ihp130,Current mirror,10,dc_gain,Gain,dc_gain_db,min,28.0,26.772379,dB,False,0.9561563928571429,0.9561563928571429,-0.043843607142857115
optimizer_postprocess_fallback__current_mirror_ota_ihp130__seed_10,optimizer_postprocess_fallback,Optimizer + repair,postprocess_control,inputs/ota/current_mirror/current_mirror_ota_ihp130.yaml,current_mirror_ota_ihp130,Current mirror,10,unity_gain_bandwidth,UGBW,unity_gain_bandwidth,min,30000000.0,29708209.968339115,Hz,False,0.9902736656113038,0.9902736656113038,-0.009726334388696155
optimizer_postprocess_fallback__current_mirror_ota_ihp130__seed_10,optimizer_postprocess_fallback,Optimizer + repair,postprocess_control,inputs/ota/current_mirror/current_mirror_ota_ihp130.yaml,current_mirror_ota_ihp130,Current mirror,10,phase_margin,Phase margin,phase_margin,min,60.0,70.40707577406684,deg,True,1.173451262901114,1.173451262901114,0.17345126290111398
optimizer_postprocess_fallback__current_mirror_ota_ihp130__seed_10,optimizer_postprocess_fallback,Optimizer + repair,postprocess_control,inputs/ota/current_mirror/current_mirror_ota_ihp130.yaml,current_mirror_ota_ihp130,Current mirror,10,slew_rate,Slew rate,slew_rate,min,25000000.0,30722348.638825674,V/s,True,1.228893945553027,1.228893945553027,0.22889394555302695
optimizer_postprocess_fallback__current_mirror_ota_ihp130__seed_10,optimizer_postprocess_fallback,Optimizer + repair,postprocess_control,inputs/ota/current_mirror/current_mirror_ota_ihp130.yaml,current_mirror_ota_ihp130,Current mirror,10,output_swing,Output swing,output_swing,min,0.6,0.81081432,V,True,1.3513572,1.3513572,0.35135720000000004
optimizer_postprocess_fallback__current_mirror_ota_ihp130__seed_10,optimizer_postprocess_fallback,Optimizer + repair,postprocess_control,inputs/ota/current_mirror/current_mirror_ota_ihp130.yaml,current_mirror_ota_ihp130,Current mirror,10,power,Power,total_power,max,0.0003,4.131888e-05,W,True,7.260603385183722,1.5,0.8622704
optimizer_postprocess_fallback__current_mirror_ota_ihp130__seed_8,optimizer_postprocess_fallback,Optimizer + repair,postprocess_control,inputs/ota/current_mirror/current_mirror_ota_ihp130.yaml,current_mirror_ota_ihp130,Current mirror,8,dc_gain,Gain,dc_gain_db,min,28.0,28.7783362,dB,True,1.0277977214285714,1.0277977214285714,0.027797721428571367
optimizer_postprocess_fallback__current_mirror_ota_ihp130__seed_8,optimizer_postprocess_fallback,Optimizer + repair,postprocess_control,inputs/ota/current_mirror/current_mirror_ota_ihp130.yaml,current_mirror_ota_ihp130,Current mirror,8,unity_gain_bandwidth,UGBW,unity_gain_bandwidth,min,30000000.0,35698557.54564005,Hz,True,1.1899519181880016,1.1899519181880016,0.18995191818800172
optimizer_postprocess_fallback__current_mirror_ota_ihp130__seed_8,optimizer_postprocess_fallback,Optimizer + repair,postprocess_control,inputs/ota/current_mirror/current_mirror_ota_ihp130.yaml,current_mirror_ota_ihp130,Current mirror,8,phase_margin,Phase margin,phase_margin,min,60.0,72.08575073125718,deg,True,1.2014291788542864,1.2014291788542864,0.2014291788542863
optimizer_postprocess_fallback__current_mirror_ota_ihp130__seed_8,optimizer_postprocess_fallback,Optimizer + repair,postprocess_control,inputs/ota/current_mirror/current_mirror_ota_ihp130.yaml,current_mirror_ota_ihp130,Current mirror,8,slew_rate,Slew rate,slew_rate,min,25000000.0,43114925.442537345,V/s,True,1.7245970177014938,1.5,0.7245970177014938
optimizer_postprocess_fallback__current_mirror_ota_ihp130__seed_8,optimizer_postprocess_fallback,Optimizer + repair,postprocess_control,inputs/ota/current_mirror/current_mirror_ota_ihp130.yaml,current_mirror_ota_ihp130,Current mirror,8,output_swing,Output swing,output_swing,min,0.6,0.64157057,V,True,1.0692842833333334,1.0692842833333334,0.0692842833333333
optimizer_postprocess_fallback__current_mirror_ota_ihp130__seed_8,optimizer_postprocess_fallback,Optimizer + repair,postprocess_control,inputs/ota/current_mirror/current_mirror_ota_ihp130.yaml,current_mirror_ota_ihp130,Current mirror,8,power,Power,total_power,max,0.0003,6.657876e-05,W,True,4.505941534507401,1.5,0.7780708
optimizer_postprocess_fallback__telescopic_ota_ihp130__seed_1,optimizer_postprocess_fallback,Optimizer + repair,postprocess_control,inputs/ota/telescopic/telescopic_ota_ihp130.yaml,telescopic_ota_ihp130,Telescopic,1,dc_gain,Gain,dc_gain_db,min,48.0,48.2686742,dB,True,1.0055973791666666,1.0055973791666666,0.005597379166666657
optimizer_postprocess_fallback__telescopic_ota_ihp130__seed_1,optimizer_postprocess_fallback,Optimizer + repair,postprocess_control,inputs/ota/telescopic/telescopic_ota_ihp130.yaml,telescopic_ota_ihp130,Telescopic,1,unity_gain_bandwidth,UGBW,unity_gain_bandwidth,min,7000000.0,14476445.53217772,Hz,True,2.06806364745396,1.5,1.06806364745396
optimizer_postprocess_fallback__telescopic_ota_ihp130__seed_1,optimizer_postprocess_fallback,Optimizer + repair,postprocess_control,inputs/ota/telescopic/telescopic_ota_ihp130.yaml,telescopic_ota_ihp130,Telescopic,1,phase_margin,Phase margin,phase_margin,min,60.0,62.08503419381172,deg,True,1.034750569896862,1.034750569896862,0.034750569896862045
optimizer_postprocess_fallback__telescopic_ota_ihp130__seed_1,optimizer_postprocess_fallback,Optimizer + repair,postprocess_control,inputs/ota/telescopic/telescopic_ota_ihp130.yaml,telescopic_ota_ihp130,Telescopic,1,slew_rate,Slew rate,slew_rate,min,6000000.0,6349355.649355721,V/s,True,1.0582259415592867,1.0582259415592867,0.05822594155928679
optimizer_postprocess_fallback__telescopic_ota_ihp130__seed_1,optimizer_postprocess_fallback,Optimizer + repair,postprocess_control,inputs/ota/telescopic/telescopic_ota_ihp130.yaml,telescopic_ota_ihp130,Telescopic,1,output_swing,Output swing,output_swing,min,0.55,0.8683281399999998,V,True,1.578778436363636,1.5,0.5787784363636359
optimizer_postprocess_fallback__telescopic_ota_ihp130__seed_1,optimizer_postprocess_fallback,Optimizer + repair,postprocess_control,inputs/ota/telescopic/telescopic_ota_ihp130.yaml,telescopic_ota_ihp130,Telescopic,1,power,Power,total_power,max,0.0003,1.937484e-05,W,True,15.483998835603288,1.5,0.9354172
optimizer_postprocess_fallback__telescopic_ota_ihp130__seed_2,optimizer_postprocess_fallback,Optimizer + repair,postprocess_control,inputs/ota/telescopic/telescopic_ota_ihp130.yaml,telescopic_ota_ihp130,Telescopic,2,dc_gain,Gain,dc_gain_db,min,48.0,48.1029466,dB,True,1.0021447208333334,1.0021447208333334,0.002144720833333391
optimizer_postprocess_fallback__telescopic_ota_ihp130__seed_2,optimizer_postprocess_fallback,Optimizer + repair,postprocess_control,inputs/ota/telescopic/telescopic_ota_ihp130.yaml,telescopic_ota_ihp130,Telescopic,2,unity_gain_bandwidth,UGBW,unity_gain_bandwidth,min,7000000.0,14572296.290788546,Hz,True,2.081756612969792,1.5,1.0817566129697924
optimizer_postprocess_fallback__telescopic_ota_ihp130__seed_2,optimizer_postprocess_fallback,Optimizer + repair,postprocess_control,inputs/ota/telescopic/telescopic_ota_ihp130.yaml,telescopic_ota_ihp130,Telescopic,2,phase_margin,Phase margin,phase_margin,min,60.0,64.06574852587343,deg,True,1.0677624754312238,1.0677624754312238,0.06776247543122385
optimizer_postprocess_fallback__telescopic_ota_ihp130__seed_2,optimizer_postprocess_fallback,Optimizer + repair,postprocess_control,inputs/ota/telescopic/telescopic_ota_ihp130.yaml,telescopic_ota_ihp130,Telescopic,2,slew_rate,Slew rate,slew_rate,min,6000000.0,7111305.011305107,V/s,True,1.1852175018841844,1.1852175018841844,0.18521750188418445
optimizer_postprocess_fallback__telescopic_ota_ihp130__seed_2,optimizer_postprocess_fallback,Optimizer + repair,postprocess_control,inputs/ota/telescopic/telescopic_ota_ihp130.yaml,telescopic_ota_ihp130,Telescopic,2,output_swing,Output swing,output_swing,min,0.55,0.8781099899999999,V,True,1.596563618181818,1.5,0.5965636181818179
optimizer_postprocess_fallback__telescopic_ota_ihp130__seed_2,optimizer_postprocess_fallback,Optimizer + repair,postprocess_control,inputs/ota/telescopic/telescopic_ota_ihp130.yaml,telescopic_ota_ihp130,Telescopic,2,power,Power,total_power,max,0.0003,2.20344e-05,W,True,13.615074610608865,1.5,0.9265519999999999
optimizer_postprocess_fallback__telescopic_ota_ihp130__seed_3,optimizer_postprocess_fallback,Optimizer + repair,postprocess_control,inputs/ota/telescopic/telescopic_ota_ihp130.yaml,telescopic_ota_ihp130,Telescopic,3,dc_gain,Gain,dc_gain_db,min,48.0,48.1524663,dB,True,1.00317638125,1.00317638125,0.003176381250000008
optimizer_postprocess_fallback__telescopic_ota_ihp130__seed_3,optimizer_postprocess_fallback,Optimizer + repair,postprocess_control,inputs/ota/telescopic/telescopic_ota_ihp130.yaml,telescopic_ota_ihp130,Telescopic,3,unity_gain_bandwidth,UGBW,unity_gain_bandwidth,min,7000000.0,6510917.199209923,Hz,False,0.9301310284585604,0.9301310284585604,-0.06986897154143958
optimizer_postprocess_fallback__telescopic_ota_ihp130__seed_3,optimizer_postprocess_fallback,Optimizer + repair,postprocess_control,inputs/ota/telescopic/telescopic_ota_ihp130.yaml,telescopic_ota_ihp130,Telescopic,3,phase_margin,Phase margin,phase_margin,min,60.0,67.64609475438905,deg,True,1.1274349125731509,1.1274349125731509,0.1274349125731509
optimizer_postprocess_fallback__telescopic_ota_ihp130__seed_3,optimizer_postprocess_fallback,Optimizer + repair,postprocess_control,inputs/ota/telescopic/telescopic_ota_ihp130.yaml,telescopic_ota_ihp130,Telescopic,3,slew_rate,Slew rate,slew_rate,min,6000000.0,2296740.7967407685,V/s,False,0.3827901327901281,0.3827901327901281,-0.6172098672098719
optimizer_postprocess_fallback__telescopic_ota_ihp130__seed_3,optimizer_postprocess_fallback,Optimizer + repair,postprocess_control,inputs/ota/telescopic/telescopic_ota_ihp130.yaml,telescopic_ota_ihp130,Telescopic,3,output_swing,Output swing,output_swing,min,0.55,0.8839803999999999,V,True,1.6072370909090905,1.5,0.6072370909090906
optimizer_postprocess_fallback__telescopic_ota_ihp130__seed_3,optimizer_postprocess_fallback,Optimizer + repair,postprocess_control,inputs/ota/telescopic/telescopic_ota_ihp130.yaml,telescopic_ota_ihp130,Telescopic,3,power,Power,total_power,max,0.0003,4.74972e-06,W,True,63.16161794800535,1.5,0.9841675999999999
optimizer_postprocess_fallback__telescopic_ota_ihp130__seed_4,optimizer_postprocess_fallback,Optimizer + repair,postprocess_control,inputs/ota/telescopic/telescopic_ota_ihp130.yaml,telescopic_ota_ihp130,Telescopic,4,dc_gain,Gain,dc_gain_db,min,48.0,47.9164576,dB,False,0.9982595333333334,0.9982595333333334,-0.001740466666666644
optimizer_postprocess_fallback__telescopic_ota_ihp130__seed_4,optimizer_postprocess_fallback,Optimizer + repair,postprocess_control,inputs/ota/telescopic/telescopic_ota_ihp130.yaml,telescopic_ota_ihp130,Telescopic,4,unity_gain_bandwidth,UGBW,unity_gain_bandwidth,min,7000000.0,12588805.520964697,Hz,True,1.7984007887092424,1.5,0.7984007887092425
optimizer_postprocess_fallback__telescopic_ota_ihp130__seed_4,optimizer_postprocess_fallback,Optimizer + repair,postprocess_control,inputs/ota/telescopic/telescopic_ota_ihp130.yaml,telescopic_ota_ihp130,Telescopic,4,phase_margin,Phase margin,phase_margin,min,60.0,63.511356769197135,deg,True,1.0585226128199523,1.0585226128199523,0.05852261281995226
optimizer_postprocess_fallback__telescopic_ota_ihp130__seed_4,optimizer_postprocess_fallback,Optimizer + repair,postprocess_control,inputs/ota/telescopic/telescopic_ota_ihp130.yaml,telescopic_ota_ihp130,Telescopic,4,slew_rate,Slew rate,slew_rate,min,6000000.0,6689482.839482791,V/s,True,1.1149138065804651,1.1149138065804651,0.11491380658046513
optimizer_postprocess_fallback__telescopic_ota_ihp130__seed_4,optimizer_postprocess_fallback,Optimizer + repair,postprocess_control,inputs/ota/telescopic/telescopic_ota_ihp130.yaml,telescopic_ota_ihp130,Telescopic,4,output_swing,Output swing,output_swing,min,0.55,0.8753951999999998,V,True,1.591627636363636,1.5,0.5916276363636359
optimizer_postprocess_fallback__telescopic_ota_ihp130__seed_4,optimizer_postprocess_fallback,Optimizer + repair,postprocess_control,inputs/ota/telescopic/telescopic_ota_ihp130.yaml,telescopic_ota_ihp130,Telescopic,4,power,Power,total_power,max,0.0003,1.837884e-05,W,True,16.32311941341238,1.5,0.9387372
optimizer_postprocess_fallback__telescopic_ota_ihp130__seed_5,optimizer_postprocess_fallback,Optimizer + repair,postprocess_control,inputs/ota/telescopic/telescopic_ota_ihp130.yaml,telescopic_ota_ihp130,Telescopic,5,dc_gain,Gain,dc_gain_db,min,48.0,48.4878711,dB,True,1.01016398125,1.01016398125,0.01016398124999999
optimizer_postprocess_fallback__telescopic_ota_ihp130__seed_5,optimizer_postprocess_fallback,Optimizer + repair,postprocess_control,inputs/ota/telescopic/telescopic_ota_ihp130.yaml,telescopic_ota_ihp130,Telescopic,5,unity_gain_bandwidth,UGBW,unity_gain_bandwidth,min,7000000.0,6250125.584277154,Hz,False,0.8928750834681648,0.8928750834681648,-0.10712491653183515
optimizer_postprocess_fallback__telescopic_ota_ihp130__seed_5,optimizer_postprocess_fallback,Optimizer + repair,postprocess_control,inputs/ota/telescopic/telescopic_ota_ihp130.yaml,telescopic_ota_ihp130,Telescopic,5,phase_margin,Phase margin,phase_margin,min,60.0,69.12523729710391,deg,True,1.1520872882850652,1.1520872882850652,0.15208728828506513
optimizer_postprocess_fallback__telescopic_ota_ihp130__seed_5,optimizer_postprocess_fallback,Optimizer + repair,postprocess_control,inputs/ota/telescopic/telescopic_ota_ihp130.yaml,telescopic_ota_ihp130,Telescopic,5,slew_rate,Slew rate,slew_rate,min,6000000.0,2268093.6180936014,V/s,False,0.3780156030156002,0.3780156030156002,-0.6219843969843998
optimizer_postprocess_fallback__telescopic_ota_ihp130__seed_5,optimizer_postprocess_fallback,Optimizer + repair,postprocess_control,inputs/ota/telescopic/telescopic_ota_ihp130.yaml,telescopic_ota_ihp130,Telescopic,5,output_swing,Output swing,output_swing,min,0.55,0.8853819299999999,V,True,1.609785327272727,1.5,0.6097853272727269
optimizer_postprocess_fallback__telescopic_ota_ihp130__seed_5,optimizer_postprocess_fallback,Optimizer + repair,postprocess_control,inputs/ota/telescopic/telescopic_ota_ihp130.yaml,telescopic_ota_ihp130,Telescopic,5,power,Power,total_power,max,0.0003,4.395288e-06,W,True,68.25491298863692,1.5,0.9853490399999999
optimizer_postprocess_fallback__telescopic_ota_ihp130__seed_6,optimizer_postprocess_fallback,Optimizer + repair,postprocess_control,inputs/ota/telescopic/telescopic_ota_ihp130.yaml,telescopic_ota_ihp130,Telescopic,6,dc_gain,Gain,dc_gain_db,min,48.0,46.4622406,dB,False,0.9679633458333333,0.9679633458333333,-0.032036654166666644
optimizer_postprocess_fallback__telescopic_ota_ihp130__seed_6,optimizer_postprocess_fallback,Optimizer + repair,postprocess_control,inputs/ota/telescopic/telescopic_ota_ihp130.yaml,telescopic_ota_ihp130,Telescopic,6,unity_gain_bandwidth,UGBW,unity_gain_bandwidth,min,7000000.0,11923463.868456762,Hz,True,1.7033519812081088,1.5,0.7033519812081089
optimizer_postprocess_fallback__telescopic_ota_ihp130__seed_6,optimizer_postprocess_fallback,Optimizer + repair,postprocess_control,inputs/ota/telescopic/telescopic_ota_ihp130.yaml,telescopic_ota_ihp130,Telescopic,6,phase_margin,Phase margin,phase_margin,min,60.0,64.12875726836691,deg,True,1.0688126211394484,1.0688126211394484,0.06881262113944851
optimizer_postprocess_fallback__telescopic_ota_ihp130__seed_6,optimizer_postprocess_fallback,Optimizer + repair,postprocess_control,inputs/ota/telescopic/telescopic_ota_ihp130.yaml,telescopic_ota_ihp130,Telescopic,6,slew_rate,Slew rate,slew_rate,min,6000000.0,7208010.458010415,V/s,True,1.2013350763350692,1.2013350763350692,0.2013350763350691
optimizer_postprocess_fallback__telescopic_ota_ihp130__seed_6,optimizer_postprocess_fallback,Optimizer + repair,postprocess_control,inputs/ota/telescopic/telescopic_ota_ihp130.yaml,telescopic_ota_ihp130,Telescopic,6,output_swing,Output swing,output_swing,min,0.55,0.8794589999999999,V,True,1.5990163636363632,1.5,0.5990163636363632
optimizer_postprocess_fallback__telescopic_ota_ihp130__seed_6,optimizer_postprocess_fallback,Optimizer + repair,postprocess_control,inputs/ota/telescopic/telescopic_ota_ihp130.yaml,telescopic_ota_ihp130,Telescopic,6,power,Power,total_power,max,0.0003,1.839204e-05,W,True,16.311404281417396,1.5,0.9386932
optimizer_postprocess_fallback__telescopic_ota_ihp130__seed_7,optimizer_postprocess_fallback,Optimizer + repair,postprocess_control,inputs/ota/telescopic/telescopic_ota_ihp130.yaml,telescopic_ota_ihp130,Telescopic,7,dc_gain,Gain,dc_gain_db,min,48.0,53.0591228,dB,True,1.1053983916666665,1.1053983916666665,0.1053983916666666
optimizer_postprocess_fallback__telescopic_ota_ihp130__seed_7,optimizer_postprocess_fallback,Optimizer + repair,postprocess_control,inputs/ota/telescopic/telescopic_ota_ihp130.yaml,telescopic_ota_ihp130,Telescopic,7,unity_gain_bandwidth,UGBW,unity_gain_bandwidth,min,7000000.0,4957420.636301049,Hz,False,0.708202948043007,0.708202948043007,-0.291797051956993
optimizer_postprocess_fallback__telescopic_ota_ihp130__seed_7,optimizer_postprocess_fallback,Optimizer + repair,postprocess_control,inputs/ota/telescopic/telescopic_ota_ihp130.yaml,telescopic_ota_ihp130,Telescopic,7,phase_margin,Phase margin,phase_margin,min,60.0,60.72864074132579,deg,True,1.01214401235543,1.01214401235543,0.012144012355429841
optimizer_postprocess_fallback__telescopic_ota_ihp130__seed_7,optimizer_postprocess_fallback,Optimizer + repair,postprocess_control,inputs/ota/telescopic/telescopic_ota_ihp130.yaml,telescopic_ota_ihp130,Telescopic,7,slew_rate,Slew rate,slew_rate,min,6000000.0,1750944.300944325,V/s,False,0.2918240501573875,0.2918240501573875,-0.7081759498426126
optimizer_postprocess_fallback__telescopic_ota_ihp130__seed_7,optimizer_postprocess_fallback,Optimizer + repair,postprocess_control,inputs/ota/telescopic/telescopic_ota_ihp130.yaml,telescopic_ota_ihp130,Telescopic,7,output_swing,Output swing,output_swing,min,0.55,0.8855513199999998,V,True,1.6100933090909086,1.5,0.6100933090909086
optimizer_postprocess_fallback__telescopic_ota_ihp130__seed_7,optimizer_postprocess_fallback,Optimizer + repair,postprocess_control,inputs/ota/telescopic/telescopic_ota_ihp130.yaml,telescopic_ota_ihp130,Telescopic,7,power,Power,total_power,max,0.0003,4.67964e-06,W,True,64.10749544836781,1.5,0.9844012
optimizer_postprocess_fallback__telescopic_ota_ihp130__seed_8,optimizer_postprocess_fallback,Optimizer + repair,postprocess_control,inputs/ota/telescopic/telescopic_ota_ihp130.yaml,telescopic_ota_ihp130,Telescopic,8,dc_gain,Gain,dc_gain_db,min,48.0,48.5636912,dB,True,1.0117435666666668,1.0117435666666668,0.011743566666666686
optimizer_postprocess_fallback__telescopic_ota_ihp130__seed_8,optimizer_postprocess_fallback,Optimizer + repair,postprocess_control,inputs/ota/telescopic/telescopic_ota_ihp130.yaml,telescopic_ota_ihp130,Telescopic,8,unity_gain_bandwidth,UGBW,unity_gain_bandwidth,min,7000000.0,5953129.907661864,Hz,False,0.8504471296659805,0.8504471296659805,-0.14955287033401948
optimizer_postprocess_fallback__telescopic_ota_ihp130__seed_8,optimizer_postprocess_fallback,Optimizer + repair,postprocess_control,inputs/ota/telescopic/telescopic_ota_ihp130.yaml,telescopic_ota_ihp130,Telescopic,8,phase_margin,Phase margin,phase_margin,min,60.0,65.37118186091753,deg,True,1.0895196976819588,1.0895196976819588,0.08951969768195885
optimizer_postprocess_fallback__telescopic_ota_ihp130__seed_8,optimizer_postprocess_fallback,Optimizer + repair,postprocess_control,inputs/ota/telescopic/telescopic_ota_ihp130.yaml,telescopic_ota_ihp130,Telescopic,8,slew_rate,Slew rate,slew_rate,min,6000000.0,,V/s,False,,,
optimizer_postprocess_fallback__telescopic_ota_ihp130__seed_8,optimizer_postprocess_fallback,Optimizer + repair,postprocess_control,inputs/ota/telescopic/telescopic_ota_ihp130.yaml,telescopic_ota_ihp130,Telescopic,8,output_swing,Output swing,output_swing,min,0.55,0.87141109,V,True,1.5843838,1.5,0.5843838
optimizer_postprocess_fallback__telescopic_ota_ihp130__seed_8,optimizer_postprocess_fallback,Optimizer + repair,postprocess_control,inputs/ota/telescopic/telescopic_ota_ihp130.yaml,telescopic_ota_ihp130,Telescopic,8,power,Power,total_power,max,0.0003,4.983048e-06,W,True,60.20411603500508,1.5,0.9833898400000001
optimizer_postprocess_fallback__telescopic_ota_ihp130__seed_9,optimizer_postprocess_fallback,Optimizer + repair,postprocess_control,inputs/ota/telescopic/telescopic_ota_ihp130.yaml,telescopic_ota_ihp130,Telescopic,9,dc_gain,Gain,dc_gain_db,min,48.0,47.1692596,dB,False,0.9826929083333332,0.9826929083333332,-0.017307091666666736
optimizer_postprocess_fallback__telescopic_ota_ihp130__seed_9,optimizer_postprocess_fallback,Optimizer + repair,postprocess_control,inputs/ota/telescopic/telescopic_ota_ihp130.yaml,telescopic_ota_ihp130,Telescopic,9,unity_gain_bandwidth,UGBW,unity_gain_bandwidth,min,7000000.0,5187438.369502231,Hz,False,0.7410626242146043,0.7410626242146043,-0.25893737578539566
optimizer_postprocess_fallback__telescopic_ota_ihp130__seed_9,optimizer_postprocess_fallback,Optimizer + repair,postprocess_control,inputs/ota/telescopic/telescopic_ota_ihp130.yaml,telescopic_ota_ihp130,Telescopic,9,phase_margin,Phase margin,phase_margin,min,60.0,66.27770767924704,deg,True,1.104628461320784,1.104628461320784,0.10462846132078406
optimizer_postprocess_fallback__telescopic_ota_ihp130__seed_9,optimizer_postprocess_fallback,Optimizer + repair,postprocess_control,inputs/ota/telescopic/telescopic_ota_ihp130.yaml,telescopic_ota_ihp130,Telescopic,9,slew_rate,Slew rate,slew_rate,min,6000000.0,,V/s,False,,,
optimizer_postprocess_fallback__telescopic_ota_ihp130__seed_9,optimizer_postprocess_fallback,Optimizer + repair,postprocess_control,inputs/ota/telescopic/telescopic_ota_ihp130.yaml,telescopic_ota_ihp130,Telescopic,9,output_swing,Output swing,output_swing,min,0.55,0.8849947899999999,V,True,1.609081436363636,1.5,0.6090814363636361
optimizer_postprocess_fallback__telescopic_ota_ihp130__seed_9,optimizer_postprocess_fallback,Optimizer + repair,postprocess_control,inputs/ota/telescopic/telescopic_ota_ihp130.yaml,telescopic_ota_ihp130,Telescopic,9,power,Power,total_power,max,0.0003,4.744092e-06,W,True,63.23654768921007,1.5,0.9841863599999999
optimizer_postprocess_fallback__folded_cascode_ota_ihp130__seed_1,optimizer_postprocess_fallback,Optimizer + repair,postprocess_control,inputs/ota/folded_cascode/folded_cascode_ota_ihp130.yaml,folded_cascode_ota_ihp130,Folded cascode,1,dc_gain,Gain,dc_gain_db,min,45.0,41.9396001,dB,False,0.9319911133333333,0.9319911133333333,-0.06800888666666667
optimizer_postprocess_fallback__folded_cascode_ota_ihp130__seed_1,optimizer_postprocess_fallback,Optimizer + repair,postprocess_control,inputs/ota/folded_cascode/folded_cascode_ota_ihp130.yaml,folded_cascode_ota_ihp130,Folded cascode,1,unity_gain_bandwidth,UGBW,unity_gain_bandwidth,min,20000000.0,80022187.70693134,Hz,True,4.001109385346567,1.5,3.0011093853465667
optimizer_postprocess_fallback__folded_cascode_ota_ihp130__seed_1,optimizer_postprocess_fallback,Optimizer + repair,postprocess_control,inputs/ota/folded_cascode/folded_cascode_ota_ihp130.yaml,folded_cascode_ota_ihp130,Folded cascode,1,phase_margin,Phase margin,phase_margin,min,60.0,73.92513386237158,deg,True,1.2320855643728597,1.2320855643728597,0.23208556437285968
optimizer_postprocess_fallback__folded_cascode_ota_ihp130__seed_1,optimizer_postprocess_fallback,Optimizer + repair,postprocess_control,inputs/ota/folded_cascode/folded_cascode_ota_ihp130.yaml,folded_cascode_ota_ihp130,Folded cascode,1,slew_rate,Slew rate,slew_rate,min,12000000.0,49874090.000000305,V/s,True,4.156174166666692,1.5,3.156174166666692
optimizer_postprocess_fallback__folded_cascode_ota_ihp130__seed_1,optimizer_postprocess_fallback,Optimizer + repair,postprocess_control,inputs/ota/folded_cascode/folded_cascode_ota_ihp130.yaml,folded_cascode_ota_ihp130,Folded cascode,1,output_swing,Output swing,output_swing,min,0.6,0.8357454599999998,V,True,1.3929090999999998,1.3929090999999998,0.3929090999999998
optimizer_postprocess_fallback__folded_cascode_ota_ihp130__seed_1,optimizer_postprocess_fallback,Optimizer + repair,postprocess_control,inputs/ota/folded_cascode/folded_cascode_ota_ihp130.yaml,folded_cascode_ota_ihp130,Folded cascode,1,power,Power,total_power,max,0.0006,6.499836e-05,W,True,9.231002136053894,1.5,0.8916694
optimizer_postprocess_fallback__folded_cascode_ota_ihp130__seed_2,optimizer_postprocess_fallback,Optimizer + repair,postprocess_control,inputs/ota/folded_cascode/folded_cascode_ota_ihp130.yaml,folded_cascode_ota_ihp130,Folded cascode,2,dc_gain,Gain,dc_gain_db,min,45.0,43.2282244,dB,False,0.960627208888889,0.960627208888889,-0.03937279111111107
optimizer_postprocess_fallback__folded_cascode_ota_ihp130__seed_2,optimizer_postprocess_fallback,Optimizer + repair,postprocess_control,inputs/ota/folded_cascode/folded_cascode_ota_ihp130.yaml,folded_cascode_ota_ihp130,Folded cascode,2,unity_gain_bandwidth,UGBW,unity_gain_bandwidth,min,20000000.0,78442080.0003297,Hz,True,3.922104000016485,1.5,2.922104000016485
optimizer_postprocess_fallback__folded_cascode_ota_ihp130__seed_2,optimizer_postprocess_fallback,Optimizer + repair,postprocess_control,inputs/ota/folded_cascode/folded_cascode_ota_ihp130.yaml,folded_cascode_ota_ihp130,Folded cascode,2,phase_margin,Phase margin,phase_margin,min,60.0,76.37132806880508,deg,True,1.272855467813418,1.272855467813418,0.2728554678134181
optimizer_postprocess_fallback__folded_cascode_ota_ihp130__seed_2,optimizer_postprocess_fallback,Optimizer + repair,postprocess_control,inputs/ota/folded_cascode/folded_cascode_ota_ihp130.yaml,folded_cascode_ota_ihp130,Folded cascode,2,slew_rate,Slew rate,slew_rate,min,12000000.0,47665856.00000021,V/s,True,3.9721546666666843,1.5,2.9721546666666843
optimizer_postprocess_fallback__folded_cascode_ota_ihp130__seed_2,optimizer_postprocess_fallback,Optimizer + repair,postprocess_control,inputs/ota/folded_cascode/folded_cascode_ota_ihp130.yaml,folded_cascode_ota_ihp130,Folded cascode,2,output_swing,Output swing,output_swing,min,0.6,0.84055091,V,True,1.4009181833333335,1.4009181833333335,0.40091818333333346
optimizer_postprocess_fallback__folded_cascode_ota_ihp130__seed_2,optimizer_postprocess_fallback,Optimizer + repair,postprocess_control,inputs/ota/folded_cascode/folded_cascode_ota_ihp130.yaml,folded_cascode_ota_ihp130,Folded cascode,2,power,Power,total_power,max,0.0006,6.147731999999999e-05,W,True,9.759696746702687,1.5,0.8975377999999999
optimizer_postprocess_fallback__telescopic_ota_ihp130__seed_10,optimizer_postprocess_fallback,Optimizer + repair,postprocess_control,inputs/ota/telescopic/telescopic_ota_ihp130.yaml,telescopic_ota_ihp130,Telescopic,10,dc_gain,Gain,dc_gain_db,min,48.0,48.7165842,dB,True,1.0149288375,1.0149288375,0.014928837499999995
optimizer_postprocess_fallback__telescopic_ota_ihp130__seed_10,optimizer_postprocess_fallback,Optimizer + repair,postprocess_control,inputs/ota/telescopic/telescopic_ota_ihp130.yaml,telescopic_ota_ihp130,Telescopic,10,unity_gain_bandwidth,UGBW,unity_gain_bandwidth,min,7000000.0,13303428.085709061,Hz,True,1.900489726529866,1.5,0.9004897265298659
optimizer_postprocess_fallback__telescopic_ota_ihp130__seed_10,optimizer_postprocess_fallback,Optimizer + repair,postprocess_control,inputs/ota/telescopic/telescopic_ota_ihp130.yaml,telescopic_ota_ihp130,Telescopic,10,phase_margin,Phase margin,phase_margin,min,60.0,63.82162600124482,deg,True,1.0636937666874138,1.0636937666874138,0.06369376668741372
optimizer_postprocess_fallback__telescopic_ota_ihp130__seed_10,optimizer_postprocess_fallback,Optimizer + repair,postprocess_control,inputs/ota/telescopic/telescopic_ota_ihp130.yaml,telescopic_ota_ihp130,Telescopic,10,slew_rate,Slew rate,slew_rate,min,6000000.0,6208083.608083586,V/s,True,1.0346806013472645,1.0346806013472645,0.03468060134726437
optimizer_postprocess_fallback__telescopic_ota_ihp130__seed_10,optimizer_postprocess_fallback,Optimizer + repair,postprocess_control,inputs/ota/telescopic/telescopic_ota_ihp130.yaml,telescopic_ota_ihp130,Telescopic,10,output_swing,Output swing,output_swing,min,0.55,0.8690894199999999,V,True,1.5801625818181815,1.5,0.5801625818181815
optimizer_postprocess_fallback__telescopic_ota_ihp130__seed_10,optimizer_postprocess_fallback,Optimizer + repair,postprocess_control,inputs/ota/telescopic/telescopic_ota_ihp130.yaml,telescopic_ota_ihp130,Telescopic,10,power,Power,total_power,max,0.0003,1.809132e-05,W,True,16.582537924264233,1.5,0.9396956
optimizer_postprocess_fallback__folded_cascode_ota_ihp130__seed_3,optimizer_postprocess_fallback,Optimizer + repair,postprocess_control,inputs/ota/folded_cascode/folded_cascode_ota_ihp130.yaml,folded_cascode_ota_ihp130,Folded cascode,3,dc_gain,Gain,dc_gain_db,min,45.0,-13.2789433,dB,False,-0.2950876288888889,-0.2950876288888889,-1.2950876288888888
optimizer_postprocess_fallback__folded_cascode_ota_ihp130__seed_3,optimizer_postprocess_fallback,Optimizer + repair,postprocess_control,inputs/ota/folded_cascode/folded_cascode_ota_ihp130.yaml,folded_cascode_ota_ihp130,Folded cascode,3,unity_gain_bandwidth,UGBW,unity_gain_bandwidth,min,20000000.0,,Hz,False,,,
optimizer_postprocess_fallback__folded_cascode_ota_ihp130__seed_3,optimizer_postprocess_fallback,Optimizer + repair,postprocess_control,inputs/ota/folded_cascode/folded_cascode_ota_ihp130.yaml,folded_cascode_ota_ihp130,Folded cascode,3,phase_margin,Phase margin,phase_margin,min,60.0,,deg,False,,,
optimizer_postprocess_fallback__folded_cascode_ota_ihp130__seed_3,optimizer_postprocess_fallback,Optimizer + repair,postprocess_control,inputs/ota/folded_cascode/folded_cascode_ota_ihp130.yaml,folded_cascode_ota_ihp130,Folded cascode,3,slew_rate,Slew rate,slew_rate,min,12000000.0,24616609.99999992,V/s,True,2.05138416666666,1.5,1.0513841666666601
optimizer_postprocess_fallback__folded_cascode_ota_ihp130__seed_3,optimizer_postprocess_fallback,Optimizer + repair,postprocess_control,inputs/ota/folded_cascode/folded_cascode_ota_ihp130.yaml,folded_cascode_ota_ihp130,Folded cascode,3,output_swing,Output swing,output_swing,min,0.6,0.74135038,V,True,1.2355839666666666,1.2355839666666666,0.23558396666666667
optimizer_postprocess_fallback__folded_cascode_ota_ihp130__seed_3,optimizer_postprocess_fallback,Optimizer + repair,postprocess_control,inputs/ota/folded_cascode/folded_cascode_ota_ihp130.yaml,folded_cascode_ota_ihp130,Folded cascode,3,power,Power,total_power,max,0.0006,6.868415999999999e-05,W,True,8.735638610124955,1.5,0.8855264
optimizer_postprocess_fallback__folded_cascode_ota_ihp130__seed_5,optimizer_postprocess_fallback,Optimizer + repair,postprocess_control,inputs/ota/folded_cascode/folded_cascode_ota_ihp130.yaml,folded_cascode_ota_ihp130,Folded cascode,5,dc_gain,Gain,dc_gain_db,min,45.0,26.9431689,dB,False,0.5987370866666667,0.5987370866666667,-0.40126291333333336
optimizer_postprocess_fallback__folded_cascode_ota_ihp130__seed_5,optimizer_postprocess_fallback,Optimizer + repair,postprocess_control,inputs/ota/folded_cascode/folded_cascode_ota_ihp130.yaml,folded_cascode_ota_ihp130,Folded cascode,5,unity_gain_bandwidth,UGBW,unity_gain_bandwidth,min,20000000.0,5182519.107471315,Hz,False,0.25912595537356575,0.25912595537356575,-0.7408740446264342
optimizer_postprocess_fallback__folded_cascode_ota_ihp130__seed_5,optimizer_postprocess_fallback,Optimizer + repair,postprocess_control,inputs/ota/folded_cascode/folded_cascode_ota_ihp130.yaml,folded_cascode_ota_ihp130,Folded cascode,5,phase_margin,Phase margin,phase_margin,min,60.0,87.39893258213986,deg,True,1.4566488763689978,1.4566488763689978,0.4566488763689977
optimizer_postprocess_fallback__folded_cascode_ota_ihp130__seed_5,optimizer_postprocess_fallback,Optimizer + repair,postprocess_control,inputs/ota/folded_cascode/folded_cascode_ota_ihp130.yaml,folded_cascode_ota_ihp130,Folded cascode,5,slew_rate,Slew rate,slew_rate,min,12000000.0,1810992.9999999907,V/s,False,0.15091608333333256,0.15091608333333256,-0.8490839166666675
optimizer_postprocess_fallback__folded_cascode_ota_ihp130__seed_5,optimizer_postprocess_fallback,Optimizer + repair,postprocess_control,inputs/ota/folded_cascode/folded_cascode_ota_ihp130.yaml,folded_cascode_ota_ihp130,Folded cascode,5,output_swing,Output swing,output_swing,min,0.6,0.8879851799999999,V,True,1.4799753,1.4799753,0.47997529999999994
optimizer_postprocess_fallback__folded_cascode_ota_ihp130__seed_5,optimizer_postprocess_fallback,Optimizer + repair,postprocess_control,inputs/ota/folded_cascode/folded_cascode_ota_ihp130.yaml,folded_cascode_ota_ihp130,Folded cascode,5,power,Power,total_power,max,0.0006,2.7934079999999996e-06,W,True,214.79139459756686,1.5,0.9953443200000001
optimizer_postprocess_fallback__folded_cascode_ota_ihp130__seed_6,optimizer_postprocess_fallback,Optimizer + repair,postprocess_control,inputs/ota/folded_cascode/folded_cascode_ota_ihp130.yaml,folded_cascode_ota_ihp130,Folded cascode,6,dc_gain,Gain,dc_gain_db,min,45.0,42.6120565,dB,False,0.9469345888888889,0.9469345888888889,-0.05306541111111108
optimizer_postprocess_fallback__folded_cascode_ota_ihp130__seed_6,optimizer_postprocess_fallback,Optimizer + repair,postprocess_control,inputs/ota/folded_cascode/folded_cascode_ota_ihp130.yaml,folded_cascode_ota_ihp130,Folded cascode,6,unity_gain_bandwidth,UGBW,unity_gain_bandwidth,min,20000000.0,98593773.62319507,Hz,True,4.929688681159753,1.5,3.9296886811597536
optimizer_postprocess_fallback__folded_cascode_ota_ihp130__seed_6,optimizer_postprocess_fallback,Optimizer + repair,postprocess_control,inputs/ota/folded_cascode/folded_cascode_ota_ihp130.yaml,folded_cascode_ota_ihp130,Folded cascode,6,phase_margin,Phase margin,phase_margin,min,60.0,68.70983983948784,deg,True,1.1451639973247973,1.1451639973247973,0.14516399732479737
optimizer_postprocess_fallback__folded_cascode_ota_ihp130__seed_6,optimizer_postprocess_fallback,Optimizer + repair,postprocess_control,inputs/ota/folded_cascode/folded_cascode_ota_ihp130.yaml,folded_cascode_ota_ihp130,Folded cascode,6,slew_rate,Slew rate,slew_rate,min,12000000.0,71842224.12550312,V/s,True,5.986852010458594,1.5,4.986852010458594
optimizer_postprocess_fallback__folded_cascode_ota_ihp130__seed_6,optimizer_postprocess_fallback,Optimizer + repair,postprocess_control,inputs/ota/folded_cascode/folded_cascode_ota_ihp130.yaml,folded_cascode_ota_ihp130,Folded cascode,6,output_swing,Output swing,output_swing,min,0.6,0.8128832699999999,V,True,1.35480545,1.35480545,0.35480544999999997
optimizer_postprocess_fallback__folded_cascode_ota_ihp130__seed_6,optimizer_postprocess_fallback,Optimizer + repair,postprocess_control,inputs/ota/folded_cascode/folded_cascode_ota_ihp130.yaml,folded_cascode_ota_ihp130,Folded cascode,6,power,Power,total_power,max,0.0006,8.795436e-05,W,True,6.8217198101378935,1.5,0.8534094
optimizer_postprocess_fallback__folded_cascode_ota_ihp130__seed_4,optimizer_postprocess_fallback,Optimizer + repair,postprocess_control,inputs/ota/folded_cascode/folded_cascode_ota_ihp130.yaml,folded_cascode_ota_ihp130,Folded cascode,4,dc_gain,Gain,dc_gain_db,min,45.0,45.1105462,dB,True,1.0024565822222222,1.0024565822222222,0.0024565822222222602
optimizer_postprocess_fallback__folded_cascode_ota_ihp130__seed_4,optimizer_postprocess_fallback,Optimizer + repair,postprocess_control,inputs/ota/folded_cascode/folded_cascode_ota_ihp130.yaml,folded_cascode_ota_ihp130,Folded cascode,4,unity_gain_bandwidth,UGBW,unity_gain_bandwidth,min,20000000.0,49207196.52130973,Hz,True,2.4603598260654866,1.5,1.4603598260654866
optimizer_postprocess_fallback__folded_cascode_ota_ihp130__seed_4,optimizer_postprocess_fallback,Optimizer + repair,postprocess_control,inputs/ota/folded_cascode/folded_cascode_ota_ihp130.yaml,folded_cascode_ota_ihp130,Folded cascode,4,phase_margin,Phase margin,phase_margin,min,60.0,60.624133760348656,deg,True,1.0104022293391444,1.0104022293391444,0.01040222933914426
optimizer_postprocess_fallback__folded_cascode_ota_ihp130__seed_4,optimizer_postprocess_fallback,Optimizer + repair,postprocess_control,inputs/ota/folded_cascode/folded_cascode_ota_ihp130.yaml,folded_cascode_ota_ihp130,Folded cascode,4,slew_rate,Slew rate,slew_rate,min,12000000.0,31782420.999999356,V/s,True,2.6485350833332797,1.5,1.6485350833332797
optimizer_postprocess_fallback__folded_cascode_ota_ihp130__seed_4,optimizer_postprocess_fallback,Optimizer + repair,postprocess_control,inputs/ota/folded_cascode/folded_cascode_ota_ihp130.yaml,folded_cascode_ota_ihp130,Folded cascode,4,output_swing,Output swing,output_swing,min,0.6,0.86467748,V,True,1.4411291333333334,1.4411291333333334,0.44112913333333337
optimizer_postprocess_fallback__folded_cascode_ota_ihp130__seed_4,optimizer_postprocess_fallback,Optimizer + repair,postprocess_control,inputs/ota/folded_cascode/folded_cascode_ota_ihp130.yaml,folded_cascode_ota_ihp130,Folded cascode,4,power,Power,total_power,max,0.0006,4.216332e-05,W,True,14.230378442684303,1.5,0.9297278
optimizer_postprocess_fallback__folded_cascode_ota_ihp130__seed_7,optimizer_postprocess_fallback,Optimizer + repair,postprocess_control,inputs/ota/folded_cascode/folded_cascode_ota_ihp130.yaml,folded_cascode_ota_ihp130,Folded cascode,7,dc_gain,Gain,dc_gain_db,min,45.0,25.465551,dB,False,0.5659011333333334,0.5659011333333334,-0.43409886666666664
optimizer_postprocess_fallback__folded_cascode_ota_ihp130__seed_7,optimizer_postprocess_fallback,Optimizer + repair,postprocess_control,inputs/ota/folded_cascode/folded_cascode_ota_ihp130.yaml,folded_cascode_ota_ihp130,Folded cascode,7,unity_gain_bandwidth,UGBW,unity_gain_bandwidth,min,20000000.0,307818.0070106409,Hz,False,0.015390900350532047,0.015390900350532047,-0.9846090996494679
optimizer_postprocess_fallback__folded_cascode_ota_ihp130__seed_7,optimizer_postprocess_fallback,Optimizer + repair,postprocess_control,inputs/ota/folded_cascode/folded_cascode_ota_ihp130.yaml,folded_cascode_ota_ihp130,Folded cascode,7,phase_margin,Phase margin,phase_margin,min,60.0,89.28238930053357,deg,True,1.4880398216755595,1.4880398216755595,0.4880398216755594
optimizer_postprocess_fallback__folded_cascode_ota_ihp130__seed_7,optimizer_postprocess_fallback,Optimizer + repair,postprocess_control,inputs/ota/folded_cascode/folded_cascode_ota_ihp130.yaml,folded_cascode_ota_ihp130,Folded cascode,7,slew_rate,Slew rate,slew_rate,min,12000000.0,48474.000000076274,V/s,False,0.004039500000006357,0.004039500000006357,-0.9959604999999936
optimizer_postprocess_fallback__folded_cascode_ota_ihp130__seed_7,optimizer_postprocess_fallback,Optimizer + repair,postprocess_control,inputs/ota/folded_cascode/folded_cascode_ota_ihp130.yaml,folded_cascode_ota_ihp130,Folded cascode,7,output_swing,Output swing,output_swing,min,0.6,0.8039314699999998,V,True,1.339885783333333,1.339885783333333,0.33988578333333297
optimizer_postprocess_fallback__folded_cascode_ota_ihp130__seed_7,optimizer_postprocess_fallback,Optimizer + repair,postprocess_control,inputs/ota/folded_cascode/folded_cascode_ota_ihp130.yaml,folded_cascode_ota_ihp130,Folded cascode,7,power,Power,total_power,max,0.0006,1.590552e-07,W,True,3772.275285561239,1.5,0.9997349080000001
optimizer_postprocess_fallback__folded_cascode_ota_ihp130__seed_8,optimizer_postprocess_fallback,Optimizer + repair,postprocess_control,inputs/ota/folded_cascode/folded_cascode_ota_ihp130.yaml,folded_cascode_ota_ihp130,Folded cascode,8,dc_gain,Gain,dc_gain_db,min,45.0,23.0240384,dB,False,0.5116452977777778,0.5116452977777778,-0.48835470222222227
optimizer_postprocess_fallback__folded_cascode_ota_ihp130__seed_8,optimizer_postprocess_fallback,Optimizer + repair,postprocess_control,inputs/ota/folded_cascode/folded_cascode_ota_ihp130.yaml,folded_cascode_ota_ihp130,Folded cascode,8,unity_gain_bandwidth,UGBW,unity_gain_bandwidth,min,20000000.0,71126.29166783071,Hz,False,0.0035563145833915353,0.0035563145833915353,-0.9964436854166084
optimizer_postprocess_fallback__folded_cascode_ota_ihp130__seed_8,optimizer_postprocess_fallback,Optimizer + repair,postprocess_control,inputs/ota/folded_cascode/folded_cascode_ota_ihp130.yaml,folded_cascode_ota_ihp130,Folded cascode,8,phase_margin,Phase margin,phase_margin,min,60.0,88.97596470601484,deg,True,1.4829327451002472,1.4829327451002472,0.48293274510024725
optimizer_postprocess_fallback__folded_cascode_ota_ihp130__seed_8,optimizer_postprocess_fallback,Optimizer + repair,postprocess_control,inputs/ota/folded_cascode/folded_cascode_ota_ihp130.yaml,folded_cascode_ota_ihp130,Folded cascode,8,slew_rate,Slew rate,slew_rate,min,12000000.0,2825597.999999904,V/s,False,0.235466499999992,0.235466499999992,-0.7645335000000081
optimizer_postprocess_fallback__folded_cascode_ota_ihp130__seed_8,optimizer_postprocess_fallback,Optimizer + repair,postprocess_control,inputs/ota/folded_cascode/folded_cascode_ota_ihp130.yaml,folded_cascode_ota_ihp130,Folded cascode,8,output_swing,Output swing,output_swing,min,0.6,0.7926431799999998,V,True,1.3210719666666664,1.3210719666666664,0.3210719666666664
optimizer_postprocess_fallback__folded_cascode_ota_ihp130__seed_8,optimizer_postprocess_fallback,Optimizer + repair,postprocess_control,inputs/ota/folded_cascode/folded_cascode_ota_ihp130.yaml,folded_cascode_ota_ihp130,Folded cascode,8,power,Power,total_power,max,0.0006,3.762732e-08,W,True,15945.8606140432,1.5,0.9999372877999999
optimizer_postprocess_fallback__folded_cascode_ota_ihp130__seed_9,optimizer_postprocess_fallback,Optimizer + repair,postprocess_control,inputs/ota/folded_cascode/folded_cascode_ota_ihp130.yaml,folded_cascode_ota_ihp130,Folded cascode,9,dc_gain,Gain,dc_gain_db,min,45.0,27.4416439,dB,False,0.6098143088888889,0.6098143088888889,-0.3901856911111111
optimizer_postprocess_fallback__folded_cascode_ota_ihp130__seed_9,optimizer_postprocess_fallback,Optimizer + repair,postprocess_control,inputs/ota/folded_cascode/folded_cascode_ota_ihp130.yaml,folded_cascode_ota_ihp130,Folded cascode,9,unity_gain_bandwidth,UGBW,unity_gain_bandwidth,min,20000000.0,9368421.450552706,Hz,False,0.46842107252763526,0.46842107252763526,-0.5315789274723647
optimizer_postprocess_fallback__folded_cascode_ota_ihp130__seed_9,optimizer_postprocess_fallback,Optimizer + repair,postprocess_control,inputs/ota/folded_cascode/folded_cascode_ota_ihp130.yaml,folded_cascode_ota_ihp130,Folded cascode,9,phase_margin,Phase margin,phase_margin,min,60.0,86.23771443053755,deg,True,1.4372952405089592,1.4372952405089592,0.4372952405089592
optimizer_postprocess_fallback__folded_cascode_ota_ihp130__seed_9,optimizer_postprocess_fallback,Optimizer + repair,postprocess_control,inputs/ota/folded_cascode/folded_cascode_ota_ihp130.yaml,folded_cascode_ota_ihp130,Folded cascode,9,slew_rate,Slew rate,slew_rate,min,12000000.0,3942180.000000034,V/s,False,0.32851500000000283,0.32851500000000283,-0.6714849999999972
optimizer_postprocess_fallback__folded_cascode_ota_ihp130__seed_9,optimizer_postprocess_fallback,Optimizer + repair,postprocess_control,inputs/ota/folded_cascode/folded_cascode_ota_ihp130.yaml,folded_cascode_ota_ihp130,Folded cascode,9,output_swing,Output swing,output_swing,min,0.6,0.8673027,V,True,1.4455045,1.4455045,0.4455045
optimizer_postprocess_fallback__folded_cascode_ota_ihp130__seed_9,optimizer_postprocess_fallback,Optimizer + repair,postprocess_control,inputs/ota/folded_cascode/folded_cascode_ota_ihp130.yaml,folded_cascode_ota_ihp130,Folded cascode,9,power,Power,total_power,max,0.0006,5.243904e-06,W,True,114.4185705916813,1.5,0.99126016
optimizer_postprocess_fallback__folded_cascode_ota_ihp130__seed_10,optimizer_postprocess_fallback,Optimizer + repair,postprocess_control,inputs/ota/folded_cascode/folded_cascode_ota_ihp130.yaml,folded_cascode_ota_ihp130,Folded cascode,10,dc_gain,Gain,dc_gain_db,min,45.0,19.1003824,dB,False,0.42445294222222224,0.42445294222222224,-0.5755470577777777
optimizer_postprocess_fallback__folded_cascode_ota_ihp130__seed_10,optimizer_postprocess_fallback,Optimizer + repair,postprocess_control,inputs/ota/folded_cascode/folded_cascode_ota_ihp130.yaml,folded_cascode_ota_ihp130,Folded cascode,10,unity_gain_bandwidth,UGBW,unity_gain_bandwidth,min,20000000.0,20734.69525612612,Hz,False,0.001036734762806306,0.001036734762806306,-0.9989632652371937
optimizer_postprocess_fallback__folded_cascode_ota_ihp130__seed_10,optimizer_postprocess_fallback,Optimizer + repair,postprocess_control,inputs/ota/folded_cascode/folded_cascode_ota_ihp130.yaml,folded_cascode_ota_ihp130,Folded cascode,10,phase_margin,Phase margin,phase_margin,min,60.0,93.1210213718149,deg,True,1.5520170228635817,1.5,0.5520170228635818
optimizer_postprocess_fallback__folded_cascode_ota_ihp130__seed_10,optimizer_postprocess_fallback,Optimizer + repair,postprocess_control,inputs/ota/folded_cascode/folded_cascode_ota_ihp130.yaml,folded_cascode_ota_ihp130,Folded cascode,10,slew_rate,Slew rate,slew_rate,min,12000000.0,1723340.0000000806,V/s,False,0.14361166666667338,0.14361166666667338,-0.8563883333333266
optimizer_postprocess_fallback__folded_cascode_ota_ihp130__seed_10,optimizer_postprocess_fallback,Optimizer + repair,postprocess_control,inputs/ota/folded_cascode/folded_cascode_ota_ihp130.yaml,folded_cascode_ota_ihp130,Folded cascode,10,output_swing,Output swing,output_swing,min,0.6,0.85205929,V,True,1.4200988166666668,1.4200988166666668,0.42009881666666676
optimizer_postprocess_fallback__folded_cascode_ota_ihp130__seed_10,optimizer_postprocess_fallback,Optimizer + repair,postprocess_control,inputs/ota/folded_cascode/folded_cascode_ota_ihp130.yaml,folded_cascode_ota_ihp130,Folded cascode,10,power,Power,total_power,max,0.0006,1.0998336e-08,W,True,54553.70703350034,1.5,0.9999816694400001
optimizer_postprocess_fallback__five_transistor_ota__seed_1,optimizer_postprocess_fallback,Optimizer + repair,postprocess_control,inputs/ota/five_transistor/five_transistor_ota.yaml,five_transistor_ota,Five transistor,1,dc_gain,Gain,dc_gain_db,min,25.0,25.1806929,dB,True,1.007227716,1.007227716,0.007227716000000015
optimizer_postprocess_fallback__five_transistor_ota__seed_1,optimizer_postprocess_fallback,Optimizer + repair,postprocess_control,inputs/ota/five_transistor/five_transistor_ota.yaml,five_transistor_ota,Five transistor,1,unity_gain_bandwidth,UGBW,unity_gain_bandwidth,min,25000000.0,154215254.27806428,Hz,True,6.168610171122571,1.5,5.168610171122571
optimizer_postprocess_fallback__five_transistor_ota__seed_1,optimizer_postprocess_fallback,Optimizer + repair,postprocess_control,inputs/ota/five_transistor/five_transistor_ota.yaml,five_transistor_ota,Five transistor,1,phase_margin,Phase margin,phase_margin,min,60.0,82.73880368428394,deg,True,1.3789800614047323,1.3789800614047323,0.3789800614047323
optimizer_postprocess_fallback__five_transistor_ota__seed_1,optimizer_postprocess_fallback,Optimizer + repair,postprocess_control,inputs/ota/five_transistor/five_transistor_ota.yaml,five_transistor_ota,Five transistor,1,slew_rate,Slew rate,slew_rate,min,15000000.0,152543971.24999988,V/s,True,10.169598083333325,1.5,9.169598083333325
optimizer_postprocess_fallback__five_transistor_ota__seed_1,optimizer_postprocess_fallback,Optimizer + repair,postprocess_control,inputs/ota/five_transistor/five_transistor_ota.yaml,five_transistor_ota,Five transistor,1,output_swing,Output swing,output_swing,min,0.65,0.7633796599999999,V,True,1.174430246153846,1.174430246153846,0.17443024615384597
optimizer_postprocess_fallback__five_transistor_ota__seed_1,optimizer_postprocess_fallback,Optimizer + repair,postprocess_control,inputs/ota/five_transistor/five_transistor_ota.yaml,five_transistor_ota,Five transistor,1,power,Power,total_power,max,0.0002,0.0002038524,W,False,0.9811020130251104,0.9811020130251104,-0.019261999999999953
optimizer_postprocess_fallback__five_transistor_ota__seed_2,optimizer_postprocess_fallback,Optimizer + repair,postprocess_control,inputs/ota/five_transistor/five_transistor_ota.yaml,five_transistor_ota,Five transistor,2,dc_gain,Gain,dc_gain_db,min,25.0,25.0664002,dB,True,1.002656008,1.002656008,0.002656008000000014
optimizer_postprocess_fallback__five_transistor_ota__seed_2,optimizer_postprocess_fallback,Optimizer + repair,postprocess_control,inputs/ota/five_transistor/five_transistor_ota.yaml,five_transistor_ota,Five transistor,2,unity_gain_bandwidth,UGBW,unity_gain_bandwidth,min,25000000.0,136833471.79024625,Hz,True,5.47333887160985,1.5,4.47333887160985
optimizer_postprocess_fallback__five_transistor_ota__seed_2,optimizer_postprocess_fallback,Optimizer + repair,postprocess_control,inputs/ota/five_transistor/five_transistor_ota.yaml,five_transistor_ota,Five transistor,2,phase_margin,Phase margin,phase_margin,min,60.0,85.38359774855614,deg,True,1.4230599624759357,1.4230599624759357,0.4230599624759357
optimizer_postprocess_fallback__five_transistor_ota__seed_2,optimizer_postprocess_fallback,Optimizer + repair,postprocess_control,inputs/ota/five_transistor/five_transistor_ota.yaml,five_transistor_ota,Five transistor,2,slew_rate,Slew rate,slew_rate,min,15000000.0,138487353.74999982,V/s,True,9.232490249999987,1.5,8.232490249999987
optimizer_postprocess_fallback__five_transistor_ota__seed_2,optimizer_postprocess_fallback,Optimizer + repair,postprocess_control,inputs/ota/five_transistor/five_transistor_ota.yaml,five_transistor_ota,Five transistor,2,output_swing,Output swing,output_swing,min,0.65,0.7252942099999999,V,True,1.115837246153846,1.115837246153846,0.11583724615384602
optimizer_postprocess_fallback__five_transistor_ota__seed_2,optimizer_postprocess_fallback,Optimizer + repair,postprocess_control,inputs/ota/five_transistor/five_transistor_ota.yaml,five_transistor_ota,Five transistor,2,power,Power,total_power,max,0.0002,0.0001792416,W,True,1.1158124006926964,1.1158124006926964,0.10379200000000004
optimizer_postprocess_fallback__five_transistor_ota__seed_3,optimizer_postprocess_fallback,Optimizer + repair,postprocess_control,inputs/ota/five_transistor/five_transistor_ota.yaml,five_transistor_ota,Five transistor,3,dc_gain,Gain,dc_gain_db,min,25.0,25.4311052,dB,True,1.0172442080000001,1.0172442080000001,0.017244208000000042
optimizer_postprocess_fallback__five_transistor_ota__seed_3,optimizer_postprocess_fallback,Optimizer + repair,postprocess_control,inputs/ota/five_transistor/five_transistor_ota.yaml,five_transistor_ota,Five transistor,3,unity_gain_bandwidth,UGBW,unity_gain_bandwidth,min,25000000.0,50928320.53683241,Hz,True,2.037132821473296,1.5,1.0371328214732962
optimizer_postprocess_fallback__five_transistor_ota__seed_3,optimizer_postprocess_fallback,Optimizer + repair,postprocess_control,inputs/ota/five_transistor/five_transistor_ota.yaml,five_transistor_ota,Five transistor,3,phase_margin,Phase margin,phase_margin,min,60.0,89.93096767105925,deg,True,1.4988494611843208,1.4988494611843208,0.49884946118432083
optimizer_postprocess_fallback__five_transistor_ota__seed_3,optimizer_postprocess_fallback,Optimizer + repair,postprocess_control,inputs/ota/five_transistor/five_transistor_ota.yaml,five_transistor_ota,Five transistor,3,slew_rate,Slew rate,slew_rate,min,15000000.0,51588109.999999955,V/s,True,3.4392073333333304,1.5,2.4392073333333304
optimizer_postprocess_fallback__five_transistor_ota__seed_3,optimizer_postprocess_fallback,Optimizer + repair,postprocess_control,inputs/ota/five_transistor/five_transistor_ota.yaml,five_transistor_ota,Five transistor,3,output_swing,Output swing,output_swing,min,0.65,0.7302030099999999,V,True,1.123389246153846,1.123389246153846,0.12338924615384592
optimizer_postprocess_fallback__five_transistor_ota__seed_3,optimizer_postprocess_fallback,Optimizer + repair,postprocess_control,inputs/ota/five_transistor/five_transistor_ota.yaml,five_transistor_ota,Five transistor,3,power,Power,total_power,max,0.0002,6.470808e-05,W,True,3.0908041159620256,1.5,0.6764596
optimizer_postprocess_fallback__five_transistor_ota__seed_4,optimizer_postprocess_fallback,Optimizer + repair,postprocess_control,inputs/ota/five_transistor/five_transistor_ota.yaml,five_transistor_ota,Five transistor,4,dc_gain,Gain,dc_gain_db,min,25.0,25.5491761,dB,True,1.021967044,1.021967044,0.021967044000000015
optimizer_postprocess_fallback__five_transistor_ota__seed_4,optimizer_postprocess_fallback,Optimizer + repair,postprocess_control,inputs/ota/five_transistor/five_transistor_ota.yaml,five_transistor_ota,Five transistor,4,unity_gain_bandwidth,UGBW,unity_gain_bandwidth,min,25000000.0,99193509.22202393,Hz,True,3.9677403688809574,1.5,2.9677403688809574
optimizer_postprocess_fallback__five_transistor_ota__seed_4,optimizer_postprocess_fallback,Optimizer + repair,postprocess_control,inputs/ota/five_transistor/five_transistor_ota.yaml,five_transistor_ota,Five transistor,4,phase_margin,Phase margin,phase_margin,min,60.0,86.95786061226367,deg,True,1.4492976768710613,1.4492976768710613,0.4492976768710612
optimizer_postprocess_fallback__five_transistor_ota__seed_4,optimizer_postprocess_fallback,Optimizer + repair,postprocess_control,inputs/ota/five_transistor/five_transistor_ota.yaml,five_transistor_ota,Five transistor,4,slew_rate,Slew rate,slew_rate,min,15000000.0,103720831.24999979,V/s,True,6.914722083333319,1.5,5.914722083333319
optimizer_postprocess_fallback__five_transistor_ota__seed_4,optimizer_postprocess_fallback,Optimizer + repair,postprocess_control,inputs/ota/five_transistor/five_transistor_ota.yaml,five_transistor_ota,Five transistor,4,output_swing,Output swing,output_swing,min,0.65,0.70949908,V,True,1.091537046153846,1.091537046153846,0.09153704615384604
optimizer_postprocess_fallback__five_transistor_ota__seed_4,optimizer_postprocess_fallback,Optimizer + repair,postprocess_control,inputs/ota/five_transistor/five_transistor_ota.yaml,five_transistor_ota,Five transistor,4,power,Power,total_power,max,0.0002,0.0001362336,W,True,1.468066614990722,1.468066614990722,0.31883200000000006
optimizer_postprocess_fallback__five_transistor_ota__seed_6,optimizer_postprocess_fallback,Optimizer + repair,postprocess_control,inputs/ota/five_transistor/five_transistor_ota.yaml,five_transistor_ota,Five transistor,6,dc_gain,Gain,dc_gain_db,min,25.0,26.4622347,dB,True,1.058489388,1.058489388,0.05848938799999999
optimizer_postprocess_fallback__five_transistor_ota__seed_6,optimizer_postprocess_fallback,Optimizer + repair,postprocess_control,inputs/ota/five_transistor/five_transistor_ota.yaml,five_transistor_ota,Five transistor,6,unity_gain_bandwidth,UGBW,unity_gain_bandwidth,min,25000000.0,48243296.36263958,Hz,True,1.9297318545055833,1.5,0.9297318545055834
optimizer_postprocess_fallback__five_transistor_ota__seed_6,optimizer_postprocess_fallback,Optimizer + repair,postprocess_control,inputs/ota/five_transistor/five_transistor_ota.yaml,five_transistor_ota,Five transistor,6,phase_margin,Phase margin,phase_margin,min,60.0,88.35015860264062,deg,True,1.4725026433773436,1.4725026433773436,0.47250264337734366
optimizer_postprocess_fallback__five_transistor_ota__seed_6,optimizer_postprocess_fallback,Optimizer + repair,postprocess_control,inputs/ota/five_transistor/five_transistor_ota.yaml,five_transistor_ota,Five transistor,6,slew_rate,Slew rate,slew_rate,min,15000000.0,,V/s,False,,,
optimizer_postprocess_fallback__five_transistor_ota__seed_6,optimizer_postprocess_fallback,Optimizer + repair,postprocess_control,inputs/ota/five_transistor/five_transistor_ota.yaml,five_transistor_ota,Five transistor,6,output_swing,Output swing,output_swing,min,0.65,0.6942387699999999,V,True,1.0680596461538459,1.0680596461538459,0.06805964615384595
optimizer_postprocess_fallback__five_transistor_ota__seed_6,optimizer_postprocess_fallback,Optimizer + repair,postprocess_control,inputs/ota/five_transistor/five_transistor_ota.yaml,five_transistor_ota,Five transistor,6,power,Power,total_power,max,0.0002,5.64738e-05,W,True,3.54146524583081,1.5,0.717631
optimizer_postprocess_fallback__five_transistor_ota__seed_5,optimizer_postprocess_fallback,Optimizer + repair,postprocess_control,inputs/ota/five_transistor/five_transistor_ota.yaml,five_transistor_ota,Five transistor,5,dc_gain,Gain,dc_gain_db,min,25.0,27.3003667,dB,True,1.092014668,1.092014668,0.09201466800000006
optimizer_postprocess_fallback__five_transistor_ota__seed_5,optimizer_postprocess_fallback,Optimizer + repair,postprocess_control,inputs/ota/five_transistor/five_transistor_ota.yaml,five_transistor_ota,Five transistor,5,unity_gain_bandwidth,UGBW,unity_gain_bandwidth,min,25000000.0,53781067.19672109,Hz,True,2.1512426878688435,1.5,1.1512426878688438
optimizer_postprocess_fallback__five_transistor_ota__seed_5,optimizer_postprocess_fallback,Optimizer + repair,postprocess_control,inputs/ota/five_transistor/five_transistor_ota.yaml,five_transistor_ota,Five transistor,5,phase_margin,Phase margin,phase_margin,min,60.0,82.05856168250894,deg,True,1.3676426947084823,1.3676426947084823,0.36764269470848226
optimizer_postprocess_fallback__five_transistor_ota__seed_5,optimizer_postprocess_fallback,Optimizer + repair,postprocess_control,inputs/ota/five_transistor/five_transistor_ota.yaml,five_transistor_ota,Five transistor,5,slew_rate,Slew rate,slew_rate,min,15000000.0,,V/s,False,,,
optimizer_postprocess_fallback__five_transistor_ota__seed_5,optimizer_postprocess_fallback,Optimizer + repair,postprocess_control,inputs/ota/five_transistor/five_transistor_ota.yaml,five_transistor_ota,Five transistor,5,output_swing,Output swing,output_swing,min,0.65,0.85346446,V,True,1.313022246153846,1.313022246153846,0.31302224615384605
optimizer_postprocess_fallback__five_transistor_ota__seed_5,optimizer_postprocess_fallback,Optimizer + repair,postprocess_control,inputs/ota/five_transistor/five_transistor_ota.yaml,five_transistor_ota,Five transistor,5,power,Power,total_power,max,0.0002,5.3700359999999996e-05,W,True,3.724369818004945,1.5,0.7314982
optimizer_postprocess_fallback__five_transistor_ota__seed_8,optimizer_postprocess_fallback,Optimizer + repair,postprocess_control,inputs/ota/five_transistor/five_transistor_ota.yaml,five_transistor_ota,Five transistor,8,dc_gain,Gain,dc_gain_db,min,25.0,23.1536455,dB,False,0.92614582,0.92614582,-0.07385418000000002
optimizer_postprocess_fallback__five_transistor_ota__seed_8,optimizer_postprocess_fallback,Optimizer + repair,postprocess_control,inputs/ota/five_transistor/five_transistor_ota.yaml,five_transistor_ota,Five transistor,8,unity_gain_bandwidth,UGBW,unity_gain_bandwidth,min,25000000.0,51953087.72808425,Hz,True,2.07812350912337,1.5,1.07812350912337
optimizer_postprocess_fallback__five_transistor_ota__seed_8,optimizer_postprocess_fallback,Optimizer + repair,postprocess_control,inputs/ota/five_transistor/five_transistor_ota.yaml,five_transistor_ota,Five transistor,8,phase_margin,Phase margin,phase_margin,min,60.0,91.32329096423403,deg,True,1.5220548494039006,1.5,0.5220548494039006
optimizer_postprocess_fallback__five_transistor_ota__seed_8,optimizer_postprocess_fallback,Optimizer + repair,postprocess_control,inputs/ota/five_transistor/five_transistor_ota.yaml,five_transistor_ota,Five transistor,8,slew_rate,Slew rate,slew_rate,min,15000000.0,42676437.49999991,V/s,True,2.8450958333333274,1.5,1.8450958333333274
optimizer_postprocess_fallback__five_transistor_ota__seed_8,optimizer_postprocess_fallback,Optimizer + repair,postprocess_control,inputs/ota/five_transistor/five_transistor_ota.yaml,five_transistor_ota,Five transistor,8,output_swing,Output swing,output_swing,min,0.65,0.74527378,V,True,1.1465750461538462,1.1465750461538462,0.14657504615384612
optimizer_postprocess_fallback__five_transistor_ota__seed_8,optimizer_postprocess_fallback,Optimizer + repair,postprocess_control,inputs/ota/five_transistor/five_transistor_ota.yaml,five_transistor_ota,Five transistor,8,power,Power,total_power,max,0.0002,4.98336e-05,W,True,4.013356450266487,1.5,0.7508319999999999
optimizer_postprocess_fallback__five_transistor_ota__seed_9,optimizer_postprocess_fallback,Optimizer + repair,postprocess_control,inputs/ota/five_transistor/five_transistor_ota.yaml,five_transistor_ota,Five transistor,9,dc_gain,Gain,dc_gain_db,min,25.0,24.631956,dB,False,0.98527824,0.98527824,-0.014721760000000046
optimizer_postprocess_fallback__five_transistor_ota__seed_9,optimizer_postprocess_fallback,Optimizer + repair,postprocess_control,inputs/ota/five_transistor/five_transistor_ota.yaml,five_transistor_ota,Five transistor,9,unity_gain_bandwidth,UGBW,unity_gain_bandwidth,min,25000000.0,145532118.95496574,Hz,True,5.82128475819863,1.5,4.82128475819863
optimizer_postprocess_fallback__five_transistor_ota__seed_9,optimizer_postprocess_fallback,Optimizer + repair,postprocess_control,inputs/ota/five_transistor/five_transistor_ota.yaml,five_transistor_ota,Five transistor,9,phase_margin,Phase margin,phase_margin,min,60.0,88.3143610619874,deg,True,1.47190601769979,1.47190601769979,0.47190601769978996
optimizer_postprocess_fallback__five_transistor_ota__seed_9,optimizer_postprocess_fallback,Optimizer + repair,postprocess_control,inputs/ota/five_transistor/five_transistor_ota.yaml,five_transistor_ota,Five transistor,9,slew_rate,Slew rate,slew_rate,min,15000000.0,147488357.49999997,V/s,True,9.832557166666664,1.5,8.832557166666664
optimizer_postprocess_fallback__five_transistor_ota__seed_9,optimizer_postprocess_fallback,Optimizer + repair,postprocess_control,inputs/ota/five_transistor/five_transistor_ota.yaml,five_transistor_ota,Five transistor,9,output_swing,Output swing,output_swing,min,0.65,0.69082757,V,True,1.062811646153846,1.062811646153846,0.06281164615384603
optimizer_postprocess_fallback__five_transistor_ota__seed_9,optimizer_postprocess_fallback,Optimizer + repair,postprocess_control,inputs/ota/five_transistor/five_transistor_ota.yaml,five_transistor_ota,Five transistor,9,power,Power,total_power,max,0.0002,0.0001887936,W,True,1.0593579443370962,1.0593579443370962,0.056032000000000075
optimizer_postprocess_fallback__five_transistor_ota__seed_7,optimizer_postprocess_fallback,Optimizer + repair,postprocess_control,inputs/ota/five_transistor/five_transistor_ota.yaml,five_transistor_ota,Five transistor,7,dc_gain,Gain,dc_gain_db,min,25.0,27.5042093,dB,True,1.100168372,1.100168372,0.10016837199999998
optimizer_postprocess_fallback__five_transistor_ota__seed_7,optimizer_postprocess_fallback,Optimizer + repair,postprocess_control,inputs/ota/five_transistor/five_transistor_ota.yaml,five_transistor_ota,Five transistor,7,unity_gain_bandwidth,UGBW,unity_gain_bandwidth,min,25000000.0,51344067.32178115,Hz,True,2.053762692871246,1.5,1.053762692871246
optimizer_postprocess_fallback__five_transistor_ota__seed_7,optimizer_postprocess_fallback,Optimizer + repair,postprocess_control,inputs/ota/five_transistor/five_transistor_ota.yaml,five_transistor_ota,Five transistor,7,phase_margin,Phase margin,phase_margin,min,60.0,81.0337751260899,deg,True,1.3505629187681651,1.3505629187681651,0.3505629187681651
optimizer_postprocess_fallback__five_transistor_ota__seed_7,optimizer_postprocess_fallback,Optimizer + repair,postprocess_control,inputs/ota/five_transistor/five_transistor_ota.yaml,five_transistor_ota,Five transistor,7,slew_rate,Slew rate,slew_rate,min,15000000.0,51323535.87498786,V/s,True,3.421569058332524,1.5,2.421569058332524
optimizer_postprocess_fallback__five_transistor_ota__seed_7,optimizer_postprocess_fallback,Optimizer + repair,postprocess_control,inputs/ota/five_transistor/five_transistor_ota.yaml,five_transistor_ota,Five transistor,7,output_swing,Output swing,output_swing,min,0.65,0.8676962100000001,V,True,1.3349172461538463,1.3349172461538463,0.3349172461538462
optimizer_postprocess_fallback__five_transistor_ota__seed_7,optimizer_postprocess_fallback,Optimizer + repair,postprocess_control,inputs/ota/five_transistor/five_transistor_ota.yaml,five_transistor_ota,Five transistor,7,power,Power,total_power,max,0.0002,4.83042e-05,W,True,4.140426712376978,1.5,0.758479
optimizer_postprocess_fallback__five_transistor_ota__seed_10,optimizer_postprocess_fallback,Optimizer + repair,postprocess_control,inputs/ota/five_transistor/five_transistor_ota.yaml,five_transistor_ota,Five transistor,10,dc_gain,Gain,dc_gain_db,min,25.0,24.5196267,dB,False,0.980785068,0.980785068,-0.019214932000000004
optimizer_postprocess_fallback__five_transistor_ota__seed_10,optimizer_postprocess_fallback,Optimizer + repair,postprocess_control,inputs/ota/five_transistor/five_transistor_ota.yaml,five_transistor_ota,Five transistor,10,unity_gain_bandwidth,UGBW,unity_gain_bandwidth,min,25000000.0,128566292.43506315,Hz,True,5.142651697402526,1.5,4.142651697402526
optimizer_postprocess_fallback__five_transistor_ota__seed_10,optimizer_postprocess_fallback,Optimizer + repair,postprocess_control,inputs/ota/five_transistor/five_transistor_ota.yaml,five_transistor_ota,Five transistor,10,phase_margin,Phase margin,phase_margin,min,60.0,88.92989379997267,deg,True,1.4821648966662113,1.4821648966662113,0.48216489666621126
optimizer_postprocess_fallback__five_transistor_ota__seed_10,optimizer_postprocess_fallback,Optimizer + repair,postprocess_control,inputs/ota/five_transistor/five_transistor_ota.yaml,five_transistor_ota,Five transistor,10,slew_rate,Slew rate,slew_rate,min,15000000.0,131896869.99999982,V/s,True,8.793124666666655,1.5,7.793124666666655
optimizer_postprocess_fallback__five_transistor_ota__seed_10,optimizer_postprocess_fallback,Optimizer + repair,postprocess_control,inputs/ota/five_transistor/five_transistor_ota.yaml,five_transistor_ota,Five transistor,10,output_swing,Output swing,output_swing,min,0.65,0.7283678,V,True,1.1205658461538461,1.1205658461538461,0.12056584615384613
optimizer_postprocess_fallback__five_transistor_ota__seed_10,optimizer_postprocess_fallback,Optimizer + repair,postprocess_control,inputs/ota/five_transistor/five_transistor_ota.yaml,five_transistor_ota,Five transistor,10,power,Power,total_power,max,0.0002,0.0001681884,W,True,1.189142651930811,1.189142651930811,0.15905800000000006
diagnosis_spice_postprocess_fallback__two_stage_miller_ota__seed_2,diagnosis_spice_postprocess_fallback,Diagnosis + repair,diagnosis_control,inputs/ota/two_stage_miller/two_stage_miller_ota.yaml,two_stage_miller_ota,Two-stage Miller,2,dc_gain,Gain,dc_gain_db,min,57.0,57.6536941,dB,True,1.0114683175438597,1.0114683175438597,0.011468317543859697
diagnosis_spice_postprocess_fallback__two_stage_miller_ota__seed_2,diagnosis_spice_postprocess_fallback,Diagnosis + repair,diagnosis_control,inputs/ota/two_stage_miller/two_stage_miller_ota.yaml,two_stage_miller_ota,Two-stage Miller,2,unity_gain_bandwidth,UGBW,unity_gain_bandwidth,min,20000000.0,32424813.709072445,Hz,True,1.6212406854536223,1.5,0.6212406854536222
diagnosis_spice_postprocess_fallback__two_stage_miller_ota__seed_2,diagnosis_spice_postprocess_fallback,Diagnosis + repair,diagnosis_control,inputs/ota/two_stage_miller/two_stage_miller_ota.yaml,two_stage_miller_ota,Two-stage Miller,2,phase_margin,Phase margin,phase_margin,min,60.0,60.37810518097905,deg,True,1.0063017530163174,1.0063017530163174,0.006301753016317472
diagnosis_spice_postprocess_fallback__two_stage_miller_ota__seed_2,diagnosis_spice_postprocess_fallback,Diagnosis + repair,diagnosis_control,inputs/ota/two_stage_miller/two_stage_miller_ota.yaml,two_stage_miller_ota,Two-stage Miller,2,slew_rate,Slew rate,slew_rate,min,10000000.0,21635974.999999836,V/s,True,2.1635974999999834,1.5,1.1635974999999836
diagnosis_spice_postprocess_fallback__two_stage_miller_ota__seed_2,diagnosis_spice_postprocess_fallback,Diagnosis + repair,diagnosis_control,inputs/ota/two_stage_miller/two_stage_miller_ota.yaml,two_stage_miller_ota,Two-stage Miller,2,output_swing,Output swing,output_swing,min,0.49,0.6287370999999999,V,True,1.28313693877551,1.28313693877551,0.2831369387755101
diagnosis_spice_postprocess_fallback__two_stage_miller_ota__seed_2,diagnosis_spice_postprocess_fallback,Diagnosis + repair,diagnosis_control,inputs/ota/two_stage_miller/two_stage_miller_ota.yaml,two_stage_miller_ota,Two-stage Miller,2,power,Power,total_power,max,0.001,0.0004042104,W,True,2.4739591064455544,1.5,0.5957895999999999
diagnosis_spice_postprocess_fallback__two_stage_miller_ota__seed_1,diagnosis_spice_postprocess_fallback,Diagnosis + repair,diagnosis_control,inputs/ota/two_stage_miller/two_stage_miller_ota.yaml,two_stage_miller_ota,Two-stage Miller,1,dc_gain,Gain,dc_gain_db,min,57.0,57.1615333,dB,True,1.0028339175438596,1.0028339175438596,0.002833917543859686
diagnosis_spice_postprocess_fallback__two_stage_miller_ota__seed_1,diagnosis_spice_postprocess_fallback,Diagnosis + repair,diagnosis_control,inputs/ota/two_stage_miller/two_stage_miller_ota.yaml,two_stage_miller_ota,Two-stage Miller,1,unity_gain_bandwidth,UGBW,unity_gain_bandwidth,min,20000000.0,37150981.76427118,Hz,True,1.8575490882135588,1.5,0.8575490882135589
diagnosis_spice_postprocess_fallback__two_stage_miller_ota__seed_1,diagnosis_spice_postprocess_fallback,Diagnosis + repair,diagnosis_control,inputs/ota/two_stage_miller/two_stage_miller_ota.yaml,two_stage_miller_ota,Two-stage Miller,1,phase_margin,Phase margin,phase_margin,min,60.0,71.65828658927508,deg,True,1.194304776487918,1.194304776487918,0.19430477648791797
diagnosis_spice_postprocess_fallback__two_stage_miller_ota__seed_1,diagnosis_spice_postprocess_fallback,Diagnosis + repair,diagnosis_control,inputs/ota/two_stage_miller/two_stage_miller_ota.yaml,two_stage_miller_ota,Two-stage Miller,1,slew_rate,Slew rate,slew_rate,min,10000000.0,30274033.000000108,V/s,True,3.0274033000000107,1.5,2.0274033000000107
diagnosis_spice_postprocess_fallback__two_stage_miller_ota__seed_1,diagnosis_spice_postprocess_fallback,Diagnosis + repair,diagnosis_control,inputs/ota/two_stage_miller/two_stage_miller_ota.yaml,two_stage_miller_ota,Two-stage Miller,1,output_swing,Output swing,output_swing,min,0.49,0.66141546,V,True,1.349827469387755,1.349827469387755,0.34982746938775505
diagnosis_spice_postprocess_fallback__two_stage_miller_ota__seed_1,diagnosis_spice_postprocess_fallback,Diagnosis + repair,diagnosis_control,inputs/ota/two_stage_miller/two_stage_miller_ota.yaml,two_stage_miller_ota,Two-stage Miller,1,power,Power,total_power,max,0.001,0.0003756456,W,True,2.662083623500448,1.5,0.6243544000000001
diagnosis_spice_postprocess_fallback__two_stage_miller_ota__seed_3,diagnosis_spice_postprocess_fallback,Diagnosis + repair,diagnosis_control,inputs/ota/two_stage_miller/two_stage_miller_ota.yaml,two_stage_miller_ota,Two-stage Miller,3,dc_gain,Gain,dc_gain_db,min,57.0,57.1749105,dB,True,1.0030686052631579,1.0030686052631579,0.003068605263157945
diagnosis_spice_postprocess_fallback__two_stage_miller_ota__seed_3,diagnosis_spice_postprocess_fallback,Diagnosis + repair,diagnosis_control,inputs/ota/two_stage_miller/two_stage_miller_ota.yaml,two_stage_miller_ota,Two-stage Miller,3,unity_gain_bandwidth,UGBW,unity_gain_bandwidth,min,20000000.0,40585379.83585272,Hz,True,2.029268991792636,1.5,1.029268991792636
diagnosis_spice_postprocess_fallback__two_stage_miller_ota__seed_3,diagnosis_spice_postprocess_fallback,Diagnosis + repair,diagnosis_control,inputs/ota/two_stage_miller/two_stage_miller_ota.yaml,two_stage_miller_ota,Two-stage Miller,3,phase_margin,Phase margin,phase_margin,min,60.0,71.70487655732957,deg,True,1.1950812759554927,1.1950812759554927,0.19508127595549282
diagnosis_spice_postprocess_fallback__two_stage_miller_ota__seed_3,diagnosis_spice_postprocess_fallback,Diagnosis + repair,diagnosis_control,inputs/ota/two_stage_miller/two_stage_miller_ota.yaml,two_stage_miller_ota,Two-stage Miller,3,slew_rate,Slew rate,slew_rate,min,10000000.0,35870783.00000017,V/s,True,3.5870783000000173,1.5,2.5870783000000173
diagnosis_spice_postprocess_fallback__two_stage_miller_ota__seed_3,diagnosis_spice_postprocess_fallback,Diagnosis + repair,diagnosis_control,inputs/ota/two_stage_miller/two_stage_miller_ota.yaml,two_stage_miller_ota,Two-stage Miller,3,output_swing,Output swing,output_swing,min,0.49,0.58594214,V,True,1.1958002857142858,1.1958002857142858,0.19580028571428573
diagnosis_spice_postprocess_fallback__two_stage_miller_ota__seed_3,diagnosis_spice_postprocess_fallback,Diagnosis + repair,diagnosis_control,inputs/ota/two_stage_miller/two_stage_miller_ota.yaml,two_stage_miller_ota,Two-stage Miller,3,power,Power,total_power,max,0.001,0.0004496016,W,True,2.224191372984438,1.5,0.5503984000000001
diagnosis_spice_postprocess_fallback__two_stage_miller_ota__seed_4,diagnosis_spice_postprocess_fallback,Diagnosis + repair,diagnosis_control,inputs/ota/two_stage_miller/two_stage_miller_ota.yaml,two_stage_miller_ota,Two-stage Miller,4,dc_gain,Gain,dc_gain_db,min,57.0,57.0398012,dB,True,1.0006982666666666,1.0006982666666666,0.0006982666666666566
diagnosis_spice_postprocess_fallback__two_stage_miller_ota__seed_4,diagnosis_spice_postprocess_fallback,Diagnosis + repair,diagnosis_control,inputs/ota/two_stage_miller/two_stage_miller_ota.yaml,two_stage_miller_ota,Two-stage Miller,4,unity_gain_bandwidth,UGBW,unity_gain_bandwidth,min,20000000.0,36709863.86543687,Hz,True,1.8354931932718432,1.5,0.8354931932718433
diagnosis_spice_postprocess_fallback__two_stage_miller_ota__seed_4,diagnosis_spice_postprocess_fallback,Diagnosis + repair,diagnosis_control,inputs/ota/two_stage_miller/two_stage_miller_ota.yaml,two_stage_miller_ota,Two-stage Miller,4,phase_margin,Phase margin,phase_margin,min,60.0,71.72681278567944,deg,True,1.195446879761324,1.195446879761324,0.19544687976132405
diagnosis_spice_postprocess_fallback__two_stage_miller_ota__seed_4,diagnosis_spice_postprocess_fallback,Diagnosis + repair,diagnosis_control,inputs/ota/two_stage_miller/two_stage_miller_ota.yaml,two_stage_miller_ota,Two-stage Miller,4,slew_rate,Slew rate,slew_rate,min,10000000.0,30089328.0000001,V/s,True,3.00893280000001,1.5,2.00893280000001
diagnosis_spice_postprocess_fallback__two_stage_miller_ota__seed_4,diagnosis_spice_postprocess_fallback,Diagnosis + repair,diagnosis_control,inputs/ota/two_stage_miller/two_stage_miller_ota.yaml,two_stage_miller_ota,Two-stage Miller,4,output_swing,Output swing,output_swing,min,0.49,0.66349858,V,True,1.3540787346938774,1.3540787346938774,0.35407873469387746
diagnosis_spice_postprocess_fallback__two_stage_miller_ota__seed_4,diagnosis_spice_postprocess_fallback,Diagnosis + repair,diagnosis_control,inputs/ota/two_stage_miller/two_stage_miller_ota.yaml,two_stage_miller_ota,Two-stage Miller,4,power,Power,total_power,max,0.001,0.0003723984,W,True,2.6852961774271855,1.5,0.6276016
diagnosis_spice_postprocess_fallback__two_stage_miller_ota__seed_5,diagnosis_spice_postprocess_fallback,Diagnosis + repair,diagnosis_control,inputs/ota/two_stage_miller/two_stage_miller_ota.yaml,two_stage_miller_ota,Two-stage Miller,5,dc_gain,Gain,dc_gain_db,min,57.0,57.2534958,dB,True,1.0044472947368421,1.0044472947368421,0.00444729473684216
diagnosis_spice_postprocess_fallback__two_stage_miller_ota__seed_5,diagnosis_spice_postprocess_fallback,Diagnosis + repair,diagnosis_control,inputs/ota/two_stage_miller/two_stage_miller_ota.yaml,two_stage_miller_ota,Two-stage Miller,5,unity_gain_bandwidth,UGBW,unity_gain_bandwidth,min,20000000.0,43113621.292579986,Hz,True,2.1556810646289994,1.5,1.1556810646289992
diagnosis_spice_postprocess_fallback__two_stage_miller_ota__seed_5,diagnosis_spice_postprocess_fallback,Diagnosis + repair,diagnosis_control,inputs/ota/two_stage_miller/two_stage_miller_ota.yaml,two_stage_miller_ota,Two-stage Miller,5,phase_margin,Phase margin,phase_margin,min,60.0,67.1567947453162,deg,True,1.1192799124219368,1.1192799124219368,0.11927991242193675
diagnosis_spice_postprocess_fallback__two_stage_miller_ota__seed_5,diagnosis_spice_postprocess_fallback,Diagnosis + repair,diagnosis_control,inputs/ota/two_stage_miller/two_stage_miller_ota.yaml,two_stage_miller_ota,Two-stage Miller,5,slew_rate,Slew rate,slew_rate,min,10000000.0,,V/s,False,,,
diagnosis_spice_postprocess_fallback__two_stage_miller_ota__seed_5,diagnosis_spice_postprocess_fallback,Diagnosis + repair,diagnosis_control,inputs/ota/two_stage_miller/two_stage_miller_ota.yaml,two_stage_miller_ota,Two-stage Miller,5,output_swing,Output swing,output_swing,min,0.49,0.6261993699999999,V,True,1.2779578979591835,1.2779578979591835,0.2779578979591835
diagnosis_spice_postprocess_fallback__two_stage_miller_ota__seed_5,diagnosis_spice_postprocess_fallback,Diagnosis + repair,diagnosis_control,inputs/ota/two_stage_miller/two_stage_miller_ota.yaml,two_stage_miller_ota,Two-stage Miller,5,power,Power,total_power,max,0.001,0.0004720344,W,True,2.1184896693969764,1.5,0.5279656
diagnosis_spice_postprocess_fallback__two_stage_miller_ota__seed_6,diagnosis_spice_postprocess_fallback,Diagnosis + repair,diagnosis_control,inputs/ota/two_stage_miller/two_stage_miller_ota.yaml,two_stage_miller_ota,Two-stage Miller,6,dc_gain,Gain,dc_gain_db,min,57.0,57.0398012,dB,True,1.0006982666666666,1.0006982666666666,0.0006982666666666566
diagnosis_spice_postprocess_fallback__two_stage_miller_ota__seed_6,diagnosis_spice_postprocess_fallback,Diagnosis + repair,diagnosis_control,inputs/ota/two_stage_miller/two_stage_miller_ota.yaml,two_stage_miller_ota,Two-stage Miller,6,unity_gain_bandwidth,UGBW,unity_gain_bandwidth,min,20000000.0,36709863.86543687,Hz,True,1.8354931932718432,1.5,0.8354931932718433
diagnosis_spice_postprocess_fallback__two_stage_miller_ota__seed_6,diagnosis_spice_postprocess_fallback,Diagnosis + repair,diagnosis_control,inputs/ota/two_stage_miller/two_stage_miller_ota.yaml,two_stage_miller_ota,Two-stage Miller,6,phase_margin,Phase margin,phase_margin,min,60.0,71.72681278567944,deg,True,1.195446879761324,1.195446879761324,0.19544687976132405
diagnosis_spice_postprocess_fallback__two_stage_miller_ota__seed_6,diagnosis_spice_postprocess_fallback,Diagnosis + repair,diagnosis_control,inputs/ota/two_stage_miller/two_stage_miller_ota.yaml,two_stage_miller_ota,Two-stage Miller,6,slew_rate,Slew rate,slew_rate,min,10000000.0,30089328.0000001,V/s,True,3.00893280000001,1.5,2.00893280000001
diagnosis_spice_postprocess_fallback__two_stage_miller_ota__seed_6,diagnosis_spice_postprocess_fallback,Diagnosis + repair,diagnosis_control,inputs/ota/two_stage_miller/two_stage_miller_ota.yaml,two_stage_miller_ota,Two-stage Miller,6,output_swing,Output swing,output_swing,min,0.49,0.66349858,V,True,1.3540787346938774,1.3540787346938774,0.35407873469387746
diagnosis_spice_postprocess_fallback__two_stage_miller_ota__seed_6,diagnosis_spice_postprocess_fallback,Diagnosis + repair,diagnosis_control,inputs/ota/two_stage_miller/two_stage_miller_ota.yaml,two_stage_miller_ota,Two-stage Miller,6,power,Power,total_power,max,0.001,0.0003723984,W,True,2.6852961774271855,1.5,0.6276016
diagnosis_spice_postprocess_fallback__two_stage_miller_ota__seed_7,diagnosis_spice_postprocess_fallback,Diagnosis + repair,diagnosis_control,inputs/ota/two_stage_miller/two_stage_miller_ota.yaml,two_stage_miller_ota,Two-stage Miller,7,dc_gain,Gain,dc_gain_db,min,57.0,57.0398012,dB,True,1.0006982666666666,1.0006982666666666,0.0006982666666666566
diagnosis_spice_postprocess_fallback__two_stage_miller_ota__seed_7,diagnosis_spice_postprocess_fallback,Diagnosis + repair,diagnosis_control,inputs/ota/two_stage_miller/two_stage_miller_ota.yaml,two_stage_miller_ota,Two-stage Miller,7,unity_gain_bandwidth,UGBW,unity_gain_bandwidth,min,20000000.0,36709863.86543687,Hz,True,1.8354931932718432,1.5,0.8354931932718433
diagnosis_spice_postprocess_fallback__two_stage_miller_ota__seed_7,diagnosis_spice_postprocess_fallback,Diagnosis + repair,diagnosis_control,inputs/ota/two_stage_miller/two_stage_miller_ota.yaml,two_stage_miller_ota,Two-stage Miller,7,phase_margin,Phase margin,phase_margin,min,60.0,71.72681278567944,deg,True,1.195446879761324,1.195446879761324,0.19544687976132405
diagnosis_spice_postprocess_fallback__two_stage_miller_ota__seed_7,diagnosis_spice_postprocess_fallback,Diagnosis + repair,diagnosis_control,inputs/ota/two_stage_miller/two_stage_miller_ota.yaml,two_stage_miller_ota,Two-stage Miller,7,slew_rate,Slew rate,slew_rate,min,10000000.0,30089328.0000001,V/s,True,3.00893280000001,1.5,2.00893280000001
diagnosis_spice_postprocess_fallback__two_stage_miller_ota__seed_7,diagnosis_spice_postprocess_fallback,Diagnosis + repair,diagnosis_control,inputs/ota/two_stage_miller/two_stage_miller_ota.yaml,two_stage_miller_ota,Two-stage Miller,7,output_swing,Output swing,output_swing,min,0.49,0.66349858,V,True,1.3540787346938774,1.3540787346938774,0.35407873469387746
diagnosis_spice_postprocess_fallback__two_stage_miller_ota__seed_7,diagnosis_spice_postprocess_fallback,Diagnosis + repair,diagnosis_control,inputs/ota/two_stage_miller/two_stage_miller_ota.yaml,two_stage_miller_ota,Two-stage Miller,7,power,Power,total_power,max,0.001,0.0003723984,W,True,2.6852961774271855,1.5,0.6276016
diagnosis_spice_postprocess_fallback__two_stage_miller_ota__seed_9,diagnosis_spice_postprocess_fallback,Diagnosis + repair,diagnosis_control,inputs/ota/two_stage_miller/two_stage_miller_ota.yaml,two_stage_miller_ota,Two-stage Miller,9,dc_gain,Gain,dc_gain_db,min,57.0,57.0398012,dB,True,1.0006982666666666,1.0006982666666666,0.0006982666666666566
diagnosis_spice_postprocess_fallback__two_stage_miller_ota__seed_9,diagnosis_spice_postprocess_fallback,Diagnosis + repair,diagnosis_control,inputs/ota/two_stage_miller/two_stage_miller_ota.yaml,two_stage_miller_ota,Two-stage Miller,9,unity_gain_bandwidth,UGBW,unity_gain_bandwidth,min,20000000.0,36709863.86543687,Hz,True,1.8354931932718432,1.5,0.8354931932718433
diagnosis_spice_postprocess_fallback__two_stage_miller_ota__seed_9,diagnosis_spice_postprocess_fallback,Diagnosis + repair,diagnosis_control,inputs/ota/two_stage_miller/two_stage_miller_ota.yaml,two_stage_miller_ota,Two-stage Miller,9,phase_margin,Phase margin,phase_margin,min,60.0,71.72681278567944,deg,True,1.195446879761324,1.195446879761324,0.19544687976132405
diagnosis_spice_postprocess_fallback__two_stage_miller_ota__seed_9,diagnosis_spice_postprocess_fallback,Diagnosis + repair,diagnosis_control,inputs/ota/two_stage_miller/two_stage_miller_ota.yaml,two_stage_miller_ota,Two-stage Miller,9,slew_rate,Slew rate,slew_rate,min,10000000.0,30089328.0000001,V/s,True,3.00893280000001,1.5,2.00893280000001
diagnosis_spice_postprocess_fallback__two_stage_miller_ota__seed_9,diagnosis_spice_postprocess_fallback,Diagnosis + repair,diagnosis_control,inputs/ota/two_stage_miller/two_stage_miller_ota.yaml,two_stage_miller_ota,Two-stage Miller,9,output_swing,Output swing,output_swing,min,0.49,0.66349858,V,True,1.3540787346938774,1.3540787346938774,0.35407873469387746
diagnosis_spice_postprocess_fallback__two_stage_miller_ota__seed_9,diagnosis_spice_postprocess_fallback,Diagnosis + repair,diagnosis_control,inputs/ota/two_stage_miller/two_stage_miller_ota.yaml,two_stage_miller_ota,Two-stage Miller,9,power,Power,total_power,max,0.001,0.0003723984,W,True,2.6852961774271855,1.5,0.6276016
diagnosis_spice_postprocess_fallback__two_stage_miller_ota__seed_8,diagnosis_spice_postprocess_fallback,Diagnosis + repair,diagnosis_control,inputs/ota/two_stage_miller/two_stage_miller_ota.yaml,two_stage_miller_ota,Two-stage Miller,8,dc_gain,Gain,dc_gain_db,min,57.0,57.0398012,dB,True,1.0006982666666666,1.0006982666666666,0.0006982666666666566
diagnosis_spice_postprocess_fallback__two_stage_miller_ota__seed_8,diagnosis_spice_postprocess_fallback,Diagnosis + repair,diagnosis_control,inputs/ota/two_stage_miller/two_stage_miller_ota.yaml,two_stage_miller_ota,Two-stage Miller,8,unity_gain_bandwidth,UGBW,unity_gain_bandwidth,min,20000000.0,36709863.86543687,Hz,True,1.8354931932718432,1.5,0.8354931932718433
diagnosis_spice_postprocess_fallback__two_stage_miller_ota__seed_8,diagnosis_spice_postprocess_fallback,Diagnosis + repair,diagnosis_control,inputs/ota/two_stage_miller/two_stage_miller_ota.yaml,two_stage_miller_ota,Two-stage Miller,8,phase_margin,Phase margin,phase_margin,min,60.0,71.72681278567944,deg,True,1.195446879761324,1.195446879761324,0.19544687976132405
diagnosis_spice_postprocess_fallback__two_stage_miller_ota__seed_8,diagnosis_spice_postprocess_fallback,Diagnosis + repair,diagnosis_control,inputs/ota/two_stage_miller/two_stage_miller_ota.yaml,two_stage_miller_ota,Two-stage Miller,8,slew_rate,Slew rate,slew_rate,min,10000000.0,30089328.0000001,V/s,True,3.00893280000001,1.5,2.00893280000001
diagnosis_spice_postprocess_fallback__two_stage_miller_ota__seed_8,diagnosis_spice_postprocess_fallback,Diagnosis + repair,diagnosis_control,inputs/ota/two_stage_miller/two_stage_miller_ota.yaml,two_stage_miller_ota,Two-stage Miller,8,output_swing,Output swing,output_swing,min,0.49,0.66349858,V,True,1.3540787346938774,1.3540787346938774,0.35407873469387746
diagnosis_spice_postprocess_fallback__two_stage_miller_ota__seed_8,diagnosis_spice_postprocess_fallback,Diagnosis + repair,diagnosis_control,inputs/ota/two_stage_miller/two_stage_miller_ota.yaml,two_stage_miller_ota,Two-stage Miller,8,power,Power,total_power,max,0.001,0.0003723984,W,True,2.6852961774271855,1.5,0.6276016
diagnosis_spice_postprocess_fallback__two_stage_miller_ota__seed_10,diagnosis_spice_postprocess_fallback,Diagnosis + repair,diagnosis_control,inputs/ota/two_stage_miller/two_stage_miller_ota.yaml,two_stage_miller_ota,Two-stage Miller,10,dc_gain,Gain,dc_gain_db,min,57.0,57.0398012,dB,True,1.0006982666666666,1.0006982666666666,0.0006982666666666566
diagnosis_spice_postprocess_fallback__two_stage_miller_ota__seed_10,diagnosis_spice_postprocess_fallback,Diagnosis + repair,diagnosis_control,inputs/ota/two_stage_miller/two_stage_miller_ota.yaml,two_stage_miller_ota,Two-stage Miller,10,unity_gain_bandwidth,UGBW,unity_gain_bandwidth,min,20000000.0,36709863.86543687,Hz,True,1.8354931932718432,1.5,0.8354931932718433
diagnosis_spice_postprocess_fallback__two_stage_miller_ota__seed_10,diagnosis_spice_postprocess_fallback,Diagnosis + repair,diagnosis_control,inputs/ota/two_stage_miller/two_stage_miller_ota.yaml,two_stage_miller_ota,Two-stage Miller,10,phase_margin,Phase margin,phase_margin,min,60.0,71.72681278567944,deg,True,1.195446879761324,1.195446879761324,0.19544687976132405
diagnosis_spice_postprocess_fallback__two_stage_miller_ota__seed_10,diagnosis_spice_postprocess_fallback,Diagnosis + repair,diagnosis_control,inputs/ota/two_stage_miller/two_stage_miller_ota.yaml,two_stage_miller_ota,Two-stage Miller,10,slew_rate,Slew rate,slew_rate,min,10000000.0,30089328.0000001,V/s,True,3.00893280000001,1.5,2.00893280000001
diagnosis_spice_postprocess_fallback__two_stage_miller_ota__seed_10,diagnosis_spice_postprocess_fallback,Diagnosis + repair,diagnosis_control,inputs/ota/two_stage_miller/two_stage_miller_ota.yaml,two_stage_miller_ota,Two-stage Miller,10,output_swing,Output swing,output_swing,min,0.49,0.66349858,V,True,1.3540787346938774,1.3540787346938774,0.35407873469387746
diagnosis_spice_postprocess_fallback__two_stage_miller_ota__seed_10,diagnosis_spice_postprocess_fallback,Diagnosis + repair,diagnosis_control,inputs/ota/two_stage_miller/two_stage_miller_ota.yaml,two_stage_miller_ota,Two-stage Miller,10,power,Power,total_power,max,0.001,0.0003723984,W,True,2.6852961774271855,1.5,0.6276016
diagnosis_spice_postprocess_fallback__current_mirror_ota_ihp130__seed_1,diagnosis_spice_postprocess_fallback,Diagnosis + repair,diagnosis_control,inputs/ota/current_mirror/current_mirror_ota_ihp130.yaml,current_mirror_ota_ihp130,Current mirror,1,dc_gain,Gain,dc_gain_db,min,28.0,28.5391398,dB,True,1.0192549928571428,1.0192549928571428,0.01925499285714289
diagnosis_spice_postprocess_fallback__current_mirror_ota_ihp130__seed_1,diagnosis_spice_postprocess_fallback,Diagnosis + repair,diagnosis_control,inputs/ota/current_mirror/current_mirror_ota_ihp130.yaml,current_mirror_ota_ihp130,Current mirror,1,unity_gain_bandwidth,UGBW,unity_gain_bandwidth,min,30000000.0,52434561.631502286,Hz,True,1.7478187210500762,1.5,0.7478187210500762
diagnosis_spice_postprocess_fallback__current_mirror_ota_ihp130__seed_1,diagnosis_spice_postprocess_fallback,Diagnosis + repair,diagnosis_control,inputs/ota/current_mirror/current_mirror_ota_ihp130.yaml,current_mirror_ota_ihp130,Current mirror,1,phase_margin,Phase margin,phase_margin,min,60.0,68.11556790032894,deg,True,1.1352594650054824,1.1352594650054824,0.13525946500548233
diagnosis_spice_postprocess_fallback__current_mirror_ota_ihp130__seed_1,diagnosis_spice_postprocess_fallback,Diagnosis + repair,diagnosis_control,inputs/ota/current_mirror/current_mirror_ota_ihp130.yaml,current_mirror_ota_ihp130,Current mirror,1,slew_rate,Slew rate,slew_rate,min,25000000.0,66836635.08168249,V/s,True,2.6734654032672993,1.5,1.6734654032672995
diagnosis_spice_postprocess_fallback__current_mirror_ota_ihp130__seed_1,diagnosis_spice_postprocess_fallback,Diagnosis + repair,diagnosis_control,inputs/ota/current_mirror/current_mirror_ota_ihp130.yaml,current_mirror_ota_ihp130,Current mirror,1,output_swing,Output swing,output_swing,min,0.6,0.6061597399999998,V,True,1.0102662333333332,1.0102662333333332,0.010266233333333097
diagnosis_spice_postprocess_fallback__current_mirror_ota_ihp130__seed_1,diagnosis_spice_postprocess_fallback,Diagnosis + repair,diagnosis_control,inputs/ota/current_mirror/current_mirror_ota_ihp130.yaml,current_mirror_ota_ihp130,Current mirror,1,power,Power,total_power,max,0.0003,0.00010810235999999999,W,True,2.775147554595478,1.5,0.6396588000000001
diagnosis_spice_postprocess_fallback__current_mirror_ota_ihp130__seed_3,diagnosis_spice_postprocess_fallback,Diagnosis + repair,diagnosis_control,inputs/ota/current_mirror/current_mirror_ota_ihp130.yaml,current_mirror_ota_ihp130,Current mirror,3,dc_gain,Gain,dc_gain_db,min,28.0,27.9793544,dB,False,0.9992626571428571,0.9992626571428571,-0.0007373428571429182
diagnosis_spice_postprocess_fallback__current_mirror_ota_ihp130__seed_3,diagnosis_spice_postprocess_fallback,Diagnosis + repair,diagnosis_control,inputs/ota/current_mirror/current_mirror_ota_ihp130.yaml,current_mirror_ota_ihp130,Current mirror,3,unity_gain_bandwidth,UGBW,unity_gain_bandwidth,min,30000000.0,34242207.306782424,Hz,True,1.1414069102260809,1.1414069102260809,0.14140691022608082
diagnosis_spice_postprocess_fallback__current_mirror_ota_ihp130__seed_3,diagnosis_spice_postprocess_fallback,Diagnosis + repair,diagnosis_control,inputs/ota/current_mirror/current_mirror_ota_ihp130.yaml,current_mirror_ota_ihp130,Current mirror,3,phase_margin,Phase margin,phase_margin,min,60.0,78.94843636077566,deg,True,1.3158072726795944,1.3158072726795944,0.3158072726795943
diagnosis_spice_postprocess_fallback__current_mirror_ota_ihp130__seed_3,diagnosis_spice_postprocess_fallback,Diagnosis + repair,diagnosis_control,inputs/ota/current_mirror/current_mirror_ota_ihp130.yaml,current_mirror_ota_ihp130,Current mirror,3,slew_rate,Slew rate,slew_rate,min,25000000.0,30120908.939545598,V/s,True,1.204836357581824,1.204836357581824,0.20483635758182392
diagnosis_spice_postprocess_fallback__current_mirror_ota_ihp130__seed_3,diagnosis_spice_postprocess_fallback,Diagnosis + repair,diagnosis_control,inputs/ota/current_mirror/current_mirror_ota_ihp130.yaml,current_mirror_ota_ihp130,Current mirror,3,output_swing,Output swing,output_swing,min,0.6,0.83912988,V,True,1.3985498,1.3985498,0.39854980000000007
diagnosis_spice_postprocess_fallback__current_mirror_ota_ihp130__seed_3,diagnosis_spice_postprocess_fallback,Diagnosis + repair,diagnosis_control,inputs/ota/current_mirror/current_mirror_ota_ihp130.yaml,current_mirror_ota_ihp130,Current mirror,3,power,Power,total_power,max,0.0003,3.843264e-05,W,True,7.805865014737473,1.5,0.8718912
diagnosis_spice_postprocess_fallback__current_mirror_ota_ihp130__seed_2,diagnosis_spice_postprocess_fallback,Diagnosis + repair,diagnosis_control,inputs/ota/current_mirror/current_mirror_ota_ihp130.yaml,current_mirror_ota_ihp130,Current mirror,2,dc_gain,Gain,dc_gain_db,min,28.0,28.0005804,dB,True,1.0000207285714287,1.0000207285714287,2.072857142858859e-05
diagnosis_spice_postprocess_fallback__current_mirror_ota_ihp130__seed_2,diagnosis_spice_postprocess_fallback,Diagnosis + repair,diagnosis_control,inputs/ota/current_mirror/current_mirror_ota_ihp130.yaml,current_mirror_ota_ihp130,Current mirror,2,unity_gain_bandwidth,UGBW,unity_gain_bandwidth,min,30000000.0,29532693.63282789,Hz,False,0.984423121094263,0.984423121094263,-0.015576878905737028
diagnosis_spice_postprocess_fallback__current_mirror_ota_ihp130__seed_2,diagnosis_spice_postprocess_fallback,Diagnosis + repair,diagnosis_control,inputs/ota/current_mirror/current_mirror_ota_ihp130.yaml,current_mirror_ota_ihp130,Current mirror,2,phase_margin,Phase margin,phase_margin,min,60.0,83.9655935361129,deg,True,1.399426558935215,1.399426558935215,0.3994265589352151
diagnosis_spice_postprocess_fallback__current_mirror_ota_ihp130__seed_2,diagnosis_spice_postprocess_fallback,Diagnosis + repair,diagnosis_control,inputs/ota/current_mirror/current_mirror_ota_ihp130.yaml,current_mirror_ota_ihp130,Current mirror,2,slew_rate,Slew rate,slew_rate,min,25000000.0,34000119.99993968,V/s,True,1.3600047999975873,1.3600047999975873,0.3600047999975872
diagnosis_spice_postprocess_fallback__current_mirror_ota_ihp130__seed_2,diagnosis_spice_postprocess_fallback,Diagnosis + repair,diagnosis_control,inputs/ota/current_mirror/current_mirror_ota_ihp130.yaml,current_mirror_ota_ihp130,Current mirror,2,output_swing,Output swing,output_swing,min,0.6,0.61631001,V,True,1.02718335,1.02718335,0.027183349999999978
diagnosis_spice_postprocess_fallback__current_mirror_ota_ihp130__seed_2,diagnosis_spice_postprocess_fallback,Diagnosis + repair,diagnosis_control,inputs/ota/current_mirror/current_mirror_ota_ihp130.yaml,current_mirror_ota_ihp130,Current mirror,2,power,Power,total_power,max,0.0003,4.988568e-05,W,True,6.013749837628754,1.5,0.8337144
diagnosis_spice_postprocess_fallback__current_mirror_ota_ihp130__seed_4,diagnosis_spice_postprocess_fallback,Diagnosis + repair,diagnosis_control,inputs/ota/current_mirror/current_mirror_ota_ihp130.yaml,current_mirror_ota_ihp130,Current mirror,4,dc_gain,Gain,dc_gain_db,min,28.0,28.1037932,dB,True,1.0037068999999998,1.0037068999999998,0.0037068999999999414
diagnosis_spice_postprocess_fallback__current_mirror_ota_ihp130__seed_4,diagnosis_spice_postprocess_fallback,Diagnosis + repair,diagnosis_control,inputs/ota/current_mirror/current_mirror_ota_ihp130.yaml,current_mirror_ota_ihp130,Current mirror,4,unity_gain_bandwidth,UGBW,unity_gain_bandwidth,min,30000000.0,56439667.607028216,Hz,True,1.8813222535676073,1.5,0.8813222535676072
diagnosis_spice_postprocess_fallback__current_mirror_ota_ihp130__seed_4,diagnosis_spice_postprocess_fallback,Diagnosis + repair,diagnosis_control,inputs/ota/current_mirror/current_mirror_ota_ihp130.yaml,current_mirror_ota_ihp130,Current mirror,4,phase_margin,Phase margin,phase_margin,min,60.0,73.58203801736805,deg,True,1.2263673002894675,1.2263673002894675,0.22636730028946747
diagnosis_spice_postprocess_fallback__current_mirror_ota_ihp130__seed_4,diagnosis_spice_postprocess_fallback,Diagnosis + repair,diagnosis_control,inputs/ota/current_mirror/current_mirror_ota_ihp130.yaml,current_mirror_ota_ihp130,Current mirror,4,slew_rate,Slew rate,slew_rate,min,25000000.0,68518560.24071974,V/s,True,2.7407424096287896,1.5,1.7407424096287893
diagnosis_spice_postprocess_fallback__current_mirror_ota_ihp130__seed_4,diagnosis_spice_postprocess_fallback,Diagnosis + repair,diagnosis_control,inputs/ota/current_mirror/current_mirror_ota_ihp130.yaml,current_mirror_ota_ihp130,Current mirror,4,output_swing,Output swing,output_swing,min,0.6,0.6714534099999999,V,True,1.1190890166666665,1.1190890166666665,0.11908901666666658
diagnosis_spice_postprocess_fallback__current_mirror_ota_ihp130__seed_4,diagnosis_spice_postprocess_fallback,Diagnosis + repair,diagnosis_control,inputs/ota/current_mirror/current_mirror_ota_ihp130.yaml,current_mirror_ota_ihp130,Current mirror,4,power,Power,total_power,max,0.0003,0.00010910016,W,True,2.7497668197736833,1.5,0.6363327999999999
diagnosis_spice_postprocess_fallback__current_mirror_ota_ihp130__seed_5,diagnosis_spice_postprocess_fallback,Diagnosis + repair,diagnosis_control,inputs/ota/current_mirror/current_mirror_ota_ihp130.yaml,current_mirror_ota_ihp130,Current mirror,5,dc_gain,Gain,dc_gain_db,min,28.0,28.0500751,dB,True,1.0017883964285714,1.0017883964285714,0.0017883964285714577
diagnosis_spice_postprocess_fallback__current_mirror_ota_ihp130__seed_5,diagnosis_spice_postprocess_fallback,Diagnosis + repair,diagnosis_control,inputs/ota/current_mirror/current_mirror_ota_ihp130.yaml,current_mirror_ota_ihp130,Current mirror,5,unity_gain_bandwidth,UGBW,unity_gain_bandwidth,min,30000000.0,56633807.33968281,Hz,True,1.887793577989427,1.5,0.887793577989427
diagnosis_spice_postprocess_fallback__current_mirror_ota_ihp130__seed_5,diagnosis_spice_postprocess_fallback,Diagnosis + repair,diagnosis_control,inputs/ota/current_mirror/current_mirror_ota_ihp130.yaml,current_mirror_ota_ihp130,Current mirror,5,phase_margin,Phase margin,phase_margin,min,60.0,69.71685652478958,deg,True,1.161947608746493,1.161947608746493,0.16194760874649294
diagnosis_spice_postprocess_fallback__current_mirror_ota_ihp130__seed_5,diagnosis_spice_postprocess_fallback,Diagnosis + repair,diagnosis_control,inputs/ota/current_mirror/current_mirror_ota_ihp130.yaml,current_mirror_ota_ihp130,Current mirror,5,slew_rate,Slew rate,slew_rate,min,25000000.0,74932239.03388062,V/s,True,2.997289561355225,1.5,1.9972895613552248
diagnosis_spice_postprocess_fallback__current_mirror_ota_ihp130__seed_5,diagnosis_spice_postprocess_fallback,Diagnosis + repair,diagnosis_control,inputs/ota/current_mirror/current_mirror_ota_ihp130.yaml,current_mirror_ota_ihp130,Current mirror,5,output_swing,Output swing,output_swing,min,0.6,0.6418992099999998,V,True,1.0698320166666664,1.0698320166666664,0.06983201666666643
diagnosis_spice_postprocess_fallback__current_mirror_ota_ihp130__seed_5,diagnosis_spice_postprocess_fallback,Diagnosis + repair,diagnosis_control,inputs/ota/current_mirror/current_mirror_ota_ihp130.yaml,current_mirror_ota_ihp130,Current mirror,5,power,Power,total_power,max,0.0003,0.0001330236,W,True,2.2552389200111858,1.5,0.556588
diagnosis_spice_postprocess_fallback__current_mirror_ota_ihp130__seed_6,diagnosis_spice_postprocess_fallback,Diagnosis + repair,diagnosis_control,inputs/ota/current_mirror/current_mirror_ota_ihp130.yaml,current_mirror_ota_ihp130,Current mirror,6,dc_gain,Gain,dc_gain_db,min,28.0,28.8762479,dB,True,1.0312945678571428,1.0312945678571428,0.03129456785714283
diagnosis_spice_postprocess_fallback__current_mirror_ota_ihp130__seed_6,diagnosis_spice_postprocess_fallback,Diagnosis + repair,diagnosis_control,inputs/ota/current_mirror/current_mirror_ota_ihp130.yaml,current_mirror_ota_ihp130,Current mirror,6,unity_gain_bandwidth,UGBW,unity_gain_bandwidth,min,30000000.0,61615263.18824094,Hz,True,2.053842106274698,1.5,1.0538421062746979
diagnosis_spice_postprocess_fallback__current_mirror_ota_ihp130__seed_6,diagnosis_spice_postprocess_fallback,Diagnosis + repair,diagnosis_control,inputs/ota/current_mirror/current_mirror_ota_ihp130.yaml,current_mirror_ota_ihp130,Current mirror,6,phase_margin,Phase margin,phase_margin,min,60.0,64.90164802185225,deg,True,1.0816941336975376,1.0816941336975376,0.08169413369753756
diagnosis_spice_postprocess_fallback__current_mirror_ota_ihp130__seed_6,diagnosis_spice_postprocess_fallback,Diagnosis + repair,diagnosis_control,inputs/ota/current_mirror/current_mirror_ota_ihp130.yaml,current_mirror_ota_ihp130,Current mirror,6,slew_rate,Slew rate,slew_rate,min,25000000.0,83968509.0157456,V/s,True,3.358740360629824,1.5,2.358740360629824
diagnosis_spice_postprocess_fallback__current_mirror_ota_ihp130__seed_6,diagnosis_spice_postprocess_fallback,Diagnosis + repair,diagnosis_control,inputs/ota/current_mirror/current_mirror_ota_ihp130.yaml,current_mirror_ota_ihp130,Current mirror,6,output_swing,Output swing,output_swing,min,0.6,0.6393501699999999,V,True,1.0655836166666666,1.0655836166666666,0.06558361666666661
diagnosis_spice_postprocess_fallback__current_mirror_ota_ihp130__seed_6,diagnosis_spice_postprocess_fallback,Diagnosis + repair,diagnosis_control,inputs/ota/current_mirror/current_mirror_ota_ihp130.yaml,current_mirror_ota_ihp130,Current mirror,6,power,Power,total_power,max,0.0003,0.00015064320000000001,W,True,1.9914606168748403,1.5,0.4978559999999999
diagnosis_spice_postprocess_fallback__current_mirror_ota_ihp130__seed_7,diagnosis_spice_postprocess_fallback,Diagnosis + repair,diagnosis_control,inputs/ota/current_mirror/current_mirror_ota_ihp130.yaml,current_mirror_ota_ihp130,Current mirror,7,dc_gain,Gain,dc_gain_db,min,28.0,26.6923775,dB,False,0.9532991964285714,0.9532991964285714,-0.0467008035714286
diagnosis_spice_postprocess_fallback__current_mirror_ota_ihp130__seed_7,diagnosis_spice_postprocess_fallback,Diagnosis + repair,diagnosis_control,inputs/ota/current_mirror/current_mirror_ota_ihp130.yaml,current_mirror_ota_ihp130,Current mirror,7,unity_gain_bandwidth,UGBW,unity_gain_bandwidth,min,30000000.0,81661146.25916535,Hz,True,2.722038208638845,1.5,1.7220382086388448
diagnosis_spice_postprocess_fallback__current_mirror_ota_ihp130__seed_7,diagnosis_spice_postprocess_fallback,Diagnosis + repair,diagnosis_control,inputs/ota/current_mirror/current_mirror_ota_ihp130.yaml,current_mirror_ota_ihp130,Current mirror,7,phase_margin,Phase margin,phase_margin,min,60.0,68.30730086117512,deg,True,1.1384550143529186,1.1384550143529186,0.1384550143529187
diagnosis_spice_postprocess_fallback__current_mirror_ota_ihp130__seed_7,diagnosis_spice_postprocess_fallback,Diagnosis + repair,diagnosis_control,inputs/ota/current_mirror/current_mirror_ota_ihp130.yaml,current_mirror_ota_ihp130,Current mirror,7,slew_rate,Slew rate,slew_rate,min,25000000.0,109556750.22162516,V/s,True,4.382270008865007,1.5,3.3822700088650066
diagnosis_spice_postprocess_fallback__current_mirror_ota_ihp130__seed_7,diagnosis_spice_postprocess_fallback,Diagnosis + repair,diagnosis_control,inputs/ota/current_mirror/current_mirror_ota_ihp130.yaml,current_mirror_ota_ihp130,Current mirror,7,output_swing,Output swing,output_swing,min,0.6,0.6686198,V,True,1.1143663333333333,1.1143663333333333,0.11436633333333335
diagnosis_spice_postprocess_fallback__current_mirror_ota_ihp130__seed_7,diagnosis_spice_postprocess_fallback,Diagnosis + repair,diagnosis_control,inputs/ota/current_mirror/current_mirror_ota_ihp130.yaml,current_mirror_ota_ihp130,Current mirror,7,power,Power,total_power,max,0.0003,0.00018687359999999999,W,True,1.6053631973697728,1.5,0.377088
diagnosis_spice_postprocess_fallback__current_mirror_ota_ihp130__seed_8,diagnosis_spice_postprocess_fallback,Diagnosis + repair,diagnosis_control,inputs/ota/current_mirror/current_mirror_ota_ihp130.yaml,current_mirror_ota_ihp130,Current mirror,8,dc_gain,Gain,dc_gain_db,min,28.0,28.7783362,dB,True,1.0277977214285714,1.0277977214285714,0.027797721428571367
diagnosis_spice_postprocess_fallback__current_mirror_ota_ihp130__seed_8,diagnosis_spice_postprocess_fallback,Diagnosis + repair,diagnosis_control,inputs/ota/current_mirror/current_mirror_ota_ihp130.yaml,current_mirror_ota_ihp130,Current mirror,8,unity_gain_bandwidth,UGBW,unity_gain_bandwidth,min,30000000.0,35698557.54564005,Hz,True,1.1899519181880016,1.1899519181880016,0.18995191818800172
diagnosis_spice_postprocess_fallback__current_mirror_ota_ihp130__seed_8,diagnosis_spice_postprocess_fallback,Diagnosis + repair,diagnosis_control,inputs/ota/current_mirror/current_mirror_ota_ihp130.yaml,current_mirror_ota_ihp130,Current mirror,8,phase_margin,Phase margin,phase_margin,min,60.0,72.08575073125718,deg,True,1.2014291788542864,1.2014291788542864,0.2014291788542863
diagnosis_spice_postprocess_fallback__current_mirror_ota_ihp130__seed_8,diagnosis_spice_postprocess_fallback,Diagnosis + repair,diagnosis_control,inputs/ota/current_mirror/current_mirror_ota_ihp130.yaml,current_mirror_ota_ihp130,Current mirror,8,slew_rate,Slew rate,slew_rate,min,25000000.0,43114925.442537345,V/s,True,1.7245970177014938,1.5,0.7245970177014938
diagnosis_spice_postprocess_fallback__current_mirror_ota_ihp130__seed_8,diagnosis_spice_postprocess_fallback,Diagnosis + repair,diagnosis_control,inputs/ota/current_mirror/current_mirror_ota_ihp130.yaml,current_mirror_ota_ihp130,Current mirror,8,output_swing,Output swing,output_swing,min,0.6,0.64157057,V,True,1.0692842833333334,1.0692842833333334,0.0692842833333333
diagnosis_spice_postprocess_fallback__current_mirror_ota_ihp130__seed_8,diagnosis_spice_postprocess_fallback,Diagnosis + repair,diagnosis_control,inputs/ota/current_mirror/current_mirror_ota_ihp130.yaml,current_mirror_ota_ihp130,Current mirror,8,power,Power,total_power,max,0.0003,6.657876e-05,W,True,4.505941534507401,1.5,0.7780708
diagnosis_spice_postprocess_fallback__current_mirror_ota_ihp130__seed_9,diagnosis_spice_postprocess_fallback,Diagnosis + repair,diagnosis_control,inputs/ota/current_mirror/current_mirror_ota_ihp130.yaml,current_mirror_ota_ihp130,Current mirror,9,dc_gain,Gain,dc_gain_db,min,28.0,28.5534644,dB,True,1.0197665857142857,1.0197665857142857,0.01976658571428569
diagnosis_spice_postprocess_fallback__current_mirror_ota_ihp130__seed_9,diagnosis_spice_postprocess_fallback,Diagnosis + repair,diagnosis_control,inputs/ota/current_mirror/current_mirror_ota_ihp130.yaml,current_mirror_ota_ihp130,Current mirror,9,unity_gain_bandwidth,UGBW,unity_gain_bandwidth,min,30000000.0,33691687.48759897,Hz,True,1.1230562495866323,1.1230562495866323,0.12305624958663235
diagnosis_spice_postprocess_fallback__current_mirror_ota_ihp130__seed_9,diagnosis_spice_postprocess_fallback,Diagnosis + repair,diagnosis_control,inputs/ota/current_mirror/current_mirror_ota_ihp130.yaml,current_mirror_ota_ihp130,Current mirror,9,phase_margin,Phase margin,phase_margin,min,60.0,73.90857819260658,deg,True,1.231809636543443,1.231809636543443,0.23180963654344305
diagnosis_spice_postprocess_fallback__current_mirror_ota_ihp130__seed_9,diagnosis_spice_postprocess_fallback,Diagnosis + repair,diagnosis_control,inputs/ota/current_mirror/current_mirror_ota_ihp130.yaml,current_mirror_ota_ihp130,Current mirror,9,slew_rate,Slew rate,slew_rate,min,25000000.0,38970883.514558285,V/s,True,1.5588353405823314,1.5,0.5588353405823314
diagnosis_spice_postprocess_fallback__current_mirror_ota_ihp130__seed_9,diagnosis_spice_postprocess_fallback,Diagnosis + repair,diagnosis_control,inputs/ota/current_mirror/current_mirror_ota_ihp130.yaml,current_mirror_ota_ihp130,Current mirror,9,output_swing,Output swing,output_swing,min,0.6,0.6272388499999999,V,True,1.0453980833333332,1.0453980833333332,0.045398083333333214
diagnosis_spice_postprocess_fallback__current_mirror_ota_ihp130__seed_9,diagnosis_spice_postprocess_fallback,Diagnosis + repair,diagnosis_control,inputs/ota/current_mirror/current_mirror_ota_ihp130.yaml,current_mirror_ota_ihp130,Current mirror,9,power,Power,total_power,max,0.0003,5.764164e-05,W,True,5.204570862314118,1.5,0.8078612
diagnosis_spice_postprocess_fallback__telescopic_ota_ihp130__seed_1,diagnosis_spice_postprocess_fallback,Diagnosis + repair,diagnosis_control,inputs/ota/telescopic/telescopic_ota_ihp130.yaml,telescopic_ota_ihp130,Telescopic,1,dc_gain,Gain,dc_gain_db,min,48.0,48.1029466,dB,True,1.0021447208333334,1.0021447208333334,0.002144720833333391
diagnosis_spice_postprocess_fallback__telescopic_ota_ihp130__seed_1,diagnosis_spice_postprocess_fallback,Diagnosis + repair,diagnosis_control,inputs/ota/telescopic/telescopic_ota_ihp130.yaml,telescopic_ota_ihp130,Telescopic,1,unity_gain_bandwidth,UGBW,unity_gain_bandwidth,min,7000000.0,14572296.290788546,Hz,True,2.081756612969792,1.5,1.0817566129697924
diagnosis_spice_postprocess_fallback__telescopic_ota_ihp130__seed_1,diagnosis_spice_postprocess_fallback,Diagnosis + repair,diagnosis_control,inputs/ota/telescopic/telescopic_ota_ihp130.yaml,telescopic_ota_ihp130,Telescopic,1,phase_margin,Phase margin,phase_margin,min,60.0,64.06574852587343,deg,True,1.0677624754312238,1.0677624754312238,0.06776247543122385
diagnosis_spice_postprocess_fallback__telescopic_ota_ihp130__seed_1,diagnosis_spice_postprocess_fallback,Diagnosis + repair,diagnosis_control,inputs/ota/telescopic/telescopic_ota_ihp130.yaml,telescopic_ota_ihp130,Telescopic,1,slew_rate,Slew rate,slew_rate,min,6000000.0,7111305.011305107,V/s,True,1.1852175018841844,1.1852175018841844,0.18521750188418445
diagnosis_spice_postprocess_fallback__telescopic_ota_ihp130__seed_1,diagnosis_spice_postprocess_fallback,Diagnosis + repair,diagnosis_control,inputs/ota/telescopic/telescopic_ota_ihp130.yaml,telescopic_ota_ihp130,Telescopic,1,output_swing,Output swing,output_swing,min,0.55,0.8781099899999999,V,True,1.596563618181818,1.5,0.5965636181818179
diagnosis_spice_postprocess_fallback__telescopic_ota_ihp130__seed_1,diagnosis_spice_postprocess_fallback,Diagnosis + repair,diagnosis_control,inputs/ota/telescopic/telescopic_ota_ihp130.yaml,telescopic_ota_ihp130,Telescopic,1,power,Power,total_power,max,0.0003,2.20344e-05,W,True,13.615074610608865,1.5,0.9265519999999999
diagnosis_spice_postprocess_fallback__current_mirror_ota_ihp130__seed_10,diagnosis_spice_postprocess_fallback,Diagnosis + repair,diagnosis_control,inputs/ota/current_mirror/current_mirror_ota_ihp130.yaml,current_mirror_ota_ihp130,Current mirror,10,dc_gain,Gain,dc_gain_db,min,28.0,28.0429052,dB,True,1.0015323285714286,1.0015323285714286,0.0015323285714285667
diagnosis_spice_postprocess_fallback__current_mirror_ota_ihp130__seed_10,diagnosis_spice_postprocess_fallback,Diagnosis + repair,diagnosis_control,inputs/ota/current_mirror/current_mirror_ota_ihp130.yaml,current_mirror_ota_ihp130,Current mirror,10,unity_gain_bandwidth,UGBW,unity_gain_bandwidth,min,30000000.0,62164722.9787055,Hz,True,2.072157432623517,1.5,1.0721574326235168
diagnosis_spice_postprocess_fallback__current_mirror_ota_ihp130__seed_10,diagnosis_spice_postprocess_fallback,Diagnosis + repair,diagnosis_control,inputs/ota/current_mirror/current_mirror_ota_ihp130.yaml,current_mirror_ota_ihp130,Current mirror,10,phase_margin,Phase margin,phase_margin,min,60.0,78.9992456608063,deg,True,1.3166540943467715,1.3166540943467715,0.3166540943467716
diagnosis_spice_postprocess_fallback__current_mirror_ota_ihp130__seed_10,diagnosis_spice_postprocess_fallback,Diagnosis + repair,diagnosis_control,inputs/ota/current_mirror/current_mirror_ota_ihp130.yaml,current_mirror_ota_ihp130,Current mirror,10,slew_rate,Slew rate,slew_rate,min,25000000.0,54868882.06555905,V/s,True,2.194755282622362,1.5,1.194755282622362
diagnosis_spice_postprocess_fallback__current_mirror_ota_ihp130__seed_10,diagnosis_spice_postprocess_fallback,Diagnosis + repair,diagnosis_control,inputs/ota/current_mirror/current_mirror_ota_ihp130.yaml,current_mirror_ota_ihp130,Current mirror,10,output_swing,Output swing,output_swing,min,0.6,0.7599472699999998,V,True,1.266578783333333,1.266578783333333,0.2665787833333331
diagnosis_spice_postprocess_fallback__current_mirror_ota_ihp130__seed_10,diagnosis_spice_postprocess_fallback,Diagnosis + repair,diagnosis_control,inputs/ota/current_mirror/current_mirror_ota_ihp130.yaml,current_mirror_ota_ihp130,Current mirror,10,power,Power,total_power,max,0.0003,7.096248e-05,W,True,4.227586183571939,1.5,0.7634584
diagnosis_spice_postprocess_fallback__telescopic_ota_ihp130__seed_2,diagnosis_spice_postprocess_fallback,Diagnosis + repair,diagnosis_control,inputs/ota/telescopic/telescopic_ota_ihp130.yaml,telescopic_ota_ihp130,Telescopic,2,dc_gain,Gain,dc_gain_db,min,48.0,48.2686742,dB,True,1.0055973791666666,1.0055973791666666,0.005597379166666657
diagnosis_spice_postprocess_fallback__telescopic_ota_ihp130__seed_2,diagnosis_spice_postprocess_fallback,Diagnosis + repair,diagnosis_control,inputs/ota/telescopic/telescopic_ota_ihp130.yaml,telescopic_ota_ihp130,Telescopic,2,unity_gain_bandwidth,UGBW,unity_gain_bandwidth,min,7000000.0,14476445.53217772,Hz,True,2.06806364745396,1.5,1.06806364745396
diagnosis_spice_postprocess_fallback__telescopic_ota_ihp130__seed_2,diagnosis_spice_postprocess_fallback,Diagnosis + repair,diagnosis_control,inputs/ota/telescopic/telescopic_ota_ihp130.yaml,telescopic_ota_ihp130,Telescopic,2,phase_margin,Phase margin,phase_margin,min,60.0,62.08503419381172,deg,True,1.034750569896862,1.034750569896862,0.034750569896862045
diagnosis_spice_postprocess_fallback__telescopic_ota_ihp130__seed_2,diagnosis_spice_postprocess_fallback,Diagnosis + repair,diagnosis_control,inputs/ota/telescopic/telescopic_ota_ihp130.yaml,telescopic_ota_ihp130,Telescopic,2,slew_rate,Slew rate,slew_rate,min,6000000.0,6349355.649355721,V/s,True,1.0582259415592867,1.0582259415592867,0.05822594155928679
diagnosis_spice_postprocess_fallback__telescopic_ota_ihp130__seed_2,diagnosis_spice_postprocess_fallback,Diagnosis + repair,diagnosis_control,inputs/ota/telescopic/telescopic_ota_ihp130.yaml,telescopic_ota_ihp130,Telescopic,2,output_swing,Output swing,output_swing,min,0.55,0.8683281399999998,V,True,1.578778436363636,1.5,0.5787784363636359
diagnosis_spice_postprocess_fallback__telescopic_ota_ihp130__seed_2,diagnosis_spice_postprocess_fallback,Diagnosis + repair,diagnosis_control,inputs/ota/telescopic/telescopic_ota_ihp130.yaml,telescopic_ota_ihp130,Telescopic,2,power,Power,total_power,max,0.0003,1.937484e-05,W,True,15.483998835603288,1.5,0.9354172
diagnosis_spice_postprocess_fallback__telescopic_ota_ihp130__seed_3,diagnosis_spice_postprocess_fallback,Diagnosis + repair,diagnosis_control,inputs/ota/telescopic/telescopic_ota_ihp130.yaml,telescopic_ota_ihp130,Telescopic,3,dc_gain,Gain,dc_gain_db,min,48.0,48.2686742,dB,True,1.0055973791666666,1.0055973791666666,0.005597379166666657
diagnosis_spice_postprocess_fallback__telescopic_ota_ihp130__seed_3,diagnosis_spice_postprocess_fallback,Diagnosis + repair,diagnosis_control,inputs/ota/telescopic/telescopic_ota_ihp130.yaml,telescopic_ota_ihp130,Telescopic,3,unity_gain_bandwidth,UGBW,unity_gain_bandwidth,min,7000000.0,14476445.53217772,Hz,True,2.06806364745396,1.5,1.06806364745396
diagnosis_spice_postprocess_fallback__telescopic_ota_ihp130__seed_3,diagnosis_spice_postprocess_fallback,Diagnosis + repair,diagnosis_control,inputs/ota/telescopic/telescopic_ota_ihp130.yaml,telescopic_ota_ihp130,Telescopic,3,phase_margin,Phase margin,phase_margin,min,60.0,62.08503419381172,deg,True,1.034750569896862,1.034750569896862,0.034750569896862045
diagnosis_spice_postprocess_fallback__telescopic_ota_ihp130__seed_3,diagnosis_spice_postprocess_fallback,Diagnosis + repair,diagnosis_control,inputs/ota/telescopic/telescopic_ota_ihp130.yaml,telescopic_ota_ihp130,Telescopic,3,slew_rate,Slew rate,slew_rate,min,6000000.0,6349355.649355721,V/s,True,1.0582259415592867,1.0582259415592867,0.05822594155928679
diagnosis_spice_postprocess_fallback__telescopic_ota_ihp130__seed_3,diagnosis_spice_postprocess_fallback,Diagnosis + repair,diagnosis_control,inputs/ota/telescopic/telescopic_ota_ihp130.yaml,telescopic_ota_ihp130,Telescopic,3,output_swing,Output swing,output_swing,min,0.55,0.8683281399999998,V,True,1.578778436363636,1.5,0.5787784363636359
diagnosis_spice_postprocess_fallback__telescopic_ota_ihp130__seed_3,diagnosis_spice_postprocess_fallback,Diagnosis + repair,diagnosis_control,inputs/ota/telescopic/telescopic_ota_ihp130.yaml,telescopic_ota_ihp130,Telescopic,3,power,Power,total_power,max,0.0003,1.937484e-05,W,True,15.483998835603288,1.5,0.9354172
diagnosis_spice_postprocess_fallback__telescopic_ota_ihp130__seed_4,diagnosis_spice_postprocess_fallback,Diagnosis + repair,diagnosis_control,inputs/ota/telescopic/telescopic_ota_ihp130.yaml,telescopic_ota_ihp130,Telescopic,4,dc_gain,Gain,dc_gain_db,min,48.0,48.0771582,dB,True,1.0016074625,1.0016074625,0.0016074624999999898
diagnosis_spice_postprocess_fallback__telescopic_ota_ihp130__seed_4,diagnosis_spice_postprocess_fallback,Diagnosis + repair,diagnosis_control,inputs/ota/telescopic/telescopic_ota_ihp130.yaml,telescopic_ota_ihp130,Telescopic,4,unity_gain_bandwidth,UGBW,unity_gain_bandwidth,min,7000000.0,12355036.55302351,Hz,True,1.7650052218605015,1.5,0.7650052218605013
diagnosis_spice_postprocess_fallback__telescopic_ota_ihp130__seed_4,diagnosis_spice_postprocess_fallback,Diagnosis + repair,diagnosis_control,inputs/ota/telescopic/telescopic_ota_ihp130.yaml,telescopic_ota_ihp130,Telescopic,4,phase_margin,Phase margin,phase_margin,min,60.0,63.85720121903299,deg,True,1.0642866869838832,1.0642866869838832,0.06428668698388312
diagnosis_spice_postprocess_fallback__telescopic_ota_ihp130__seed_4,diagnosis_spice_postprocess_fallback,Diagnosis + repair,diagnosis_control,inputs/ota/telescopic/telescopic_ota_ihp130.yaml,telescopic_ota_ihp130,Telescopic,4,slew_rate,Slew rate,slew_rate,min,6000000.0,7416388.2584781,V/s,True,1.23606470974635,1.23606470974635,0.23606470974635008
diagnosis_spice_postprocess_fallback__telescopic_ota_ihp130__seed_4,diagnosis_spice_postprocess_fallback,Diagnosis + repair,diagnosis_control,inputs/ota/telescopic/telescopic_ota_ihp130.yaml,telescopic_ota_ihp130,Telescopic,4,output_swing,Output swing,output_swing,min,0.55,0.8713584399999998,V,True,1.5842880727272723,1.5,0.5842880727272723
diagnosis_spice_postprocess_fallback__telescopic_ota_ihp130__seed_4,diagnosis_spice_postprocess_fallback,Diagnosis + repair,diagnosis_control,inputs/ota/telescopic/telescopic_ota_ihp130.yaml,telescopic_ota_ihp130,Telescopic,4,power,Power,total_power,max,0.0003,1.8468e-05,W,True,16.244314489928524,1.5,0.9384399999999999
diagnosis_spice_postprocess_fallback__telescopic_ota_ihp130__seed_5,diagnosis_spice_postprocess_fallback,Diagnosis + repair,diagnosis_control,inputs/ota/telescopic/telescopic_ota_ihp130.yaml,telescopic_ota_ihp130,Telescopic,5,dc_gain,Gain,dc_gain_db,min,48.0,48.0592218,dB,True,1.0012337875000001,1.0012337875000001,0.0012337875000000647
diagnosis_spice_postprocess_fallback__telescopic_ota_ihp130__seed_5,diagnosis_spice_postprocess_fallback,Diagnosis + repair,diagnosis_control,inputs/ota/telescopic/telescopic_ota_ihp130.yaml,telescopic_ota_ihp130,Telescopic,5,unity_gain_bandwidth,UGBW,unity_gain_bandwidth,min,7000000.0,12473189.713388428,Hz,True,1.7818842447697754,1.5,0.7818842447697755
diagnosis_spice_postprocess_fallback__telescopic_ota_ihp130__seed_5,diagnosis_spice_postprocess_fallback,Diagnosis + repair,diagnosis_control,inputs/ota/telescopic/telescopic_ota_ihp130.yaml,telescopic_ota_ihp130,Telescopic,5,phase_margin,Phase margin,phase_margin,min,60.0,63.94924981132553,deg,True,1.0658208301887588,1.0658208301887588,0.06582083018875882
diagnosis_spice_postprocess_fallback__telescopic_ota_ihp130__seed_5,diagnosis_spice_postprocess_fallback,Diagnosis + repair,diagnosis_control,inputs/ota/telescopic/telescopic_ota_ihp130.yaml,telescopic_ota_ihp130,Telescopic,5,slew_rate,Slew rate,slew_rate,min,6000000.0,6908334.908334868,V/s,True,1.1513891513891448,1.1513891513891448,0.15138915138914466
diagnosis_spice_postprocess_fallback__telescopic_ota_ihp130__seed_5,diagnosis_spice_postprocess_fallback,Diagnosis + repair,diagnosis_control,inputs/ota/telescopic/telescopic_ota_ihp130.yaml,telescopic_ota_ihp130,Telescopic,5,output_swing,Output swing,output_swing,min,0.55,0.8706240699999999,V,True,1.582952854545454,1.5,0.5829528545454542
diagnosis_spice_postprocess_fallback__telescopic_ota_ihp130__seed_5,diagnosis_spice_postprocess_fallback,Diagnosis + repair,diagnosis_control,inputs/ota/telescopic/telescopic_ota_ihp130.yaml,telescopic_ota_ihp130,Telescopic,5,power,Power,total_power,max,0.0003,1.8469079999999998e-05,W,True,16.2433645855668,1.5,0.9384364
diagnosis_spice_postprocess_fallback__telescopic_ota_ihp130__seed_6,diagnosis_spice_postprocess_fallback,Diagnosis + repair,diagnosis_control,inputs/ota/telescopic/telescopic_ota_ihp130.yaml,telescopic_ota_ihp130,Telescopic,6,dc_gain,Gain,dc_gain_db,min,48.0,48.2686742,dB,True,1.0055973791666666,1.0055973791666666,0.005597379166666657
diagnosis_spice_postprocess_fallback__telescopic_ota_ihp130__seed_6,diagnosis_spice_postprocess_fallback,Diagnosis + repair,diagnosis_control,inputs/ota/telescopic/telescopic_ota_ihp130.yaml,telescopic_ota_ihp130,Telescopic,6,unity_gain_bandwidth,UGBW,unity_gain_bandwidth,min,7000000.0,14476445.53217772,Hz,True,2.06806364745396,1.5,1.06806364745396
diagnosis_spice_postprocess_fallback__telescopic_ota_ihp130__seed_6,diagnosis_spice_postprocess_fallback,Diagnosis + repair,diagnosis_control,inputs/ota/telescopic/telescopic_ota_ihp130.yaml,telescopic_ota_ihp130,Telescopic,6,phase_margin,Phase margin,phase_margin,min,60.0,62.08503419381172,deg,True,1.034750569896862,1.034750569896862,0.034750569896862045
diagnosis_spice_postprocess_fallback__telescopic_ota_ihp130__seed_6,diagnosis_spice_postprocess_fallback,Diagnosis + repair,diagnosis_control,inputs/ota/telescopic/telescopic_ota_ihp130.yaml,telescopic_ota_ihp130,Telescopic,6,slew_rate,Slew rate,slew_rate,min,6000000.0,6349355.649355721,V/s,True,1.0582259415592867,1.0582259415592867,0.05822594155928679
diagnosis_spice_postprocess_fallback__telescopic_ota_ihp130__seed_6,diagnosis_spice_postprocess_fallback,Diagnosis + repair,diagnosis_control,inputs/ota/telescopic/telescopic_ota_ihp130.yaml,telescopic_ota_ihp130,Telescopic,6,output_swing,Output swing,output_swing,min,0.55,0.8683281399999998,V,True,1.578778436363636,1.5,0.5787784363636359
diagnosis_spice_postprocess_fallback__telescopic_ota_ihp130__seed_6,diagnosis_spice_postprocess_fallback,Diagnosis + repair,diagnosis_control,inputs/ota/telescopic/telescopic_ota_ihp130.yaml,telescopic_ota_ihp130,Telescopic,6,power,Power,total_power,max,0.0003,1.937484e-05,W,True,15.483998835603288,1.5,0.9354172
diagnosis_spice_postprocess_fallback__telescopic_ota_ihp130__seed_7,diagnosis_spice_postprocess_fallback,Diagnosis + repair,diagnosis_control,inputs/ota/telescopic/telescopic_ota_ihp130.yaml,telescopic_ota_ihp130,Telescopic,7,dc_gain,Gain,dc_gain_db,min,48.0,48.2686742,dB,True,1.0055973791666666,1.0055973791666666,0.005597379166666657
diagnosis_spice_postprocess_fallback__telescopic_ota_ihp130__seed_7,diagnosis_spice_postprocess_fallback,Diagnosis + repair,diagnosis_control,inputs/ota/telescopic/telescopic_ota_ihp130.yaml,telescopic_ota_ihp130,Telescopic,7,unity_gain_bandwidth,UGBW,unity_gain_bandwidth,min,7000000.0,14476445.53217772,Hz,True,2.06806364745396,1.5,1.06806364745396
diagnosis_spice_postprocess_fallback__telescopic_ota_ihp130__seed_7,diagnosis_spice_postprocess_fallback,Diagnosis + repair,diagnosis_control,inputs/ota/telescopic/telescopic_ota_ihp130.yaml,telescopic_ota_ihp130,Telescopic,7,phase_margin,Phase margin,phase_margin,min,60.0,62.08503419381172,deg,True,1.034750569896862,1.034750569896862,0.034750569896862045
diagnosis_spice_postprocess_fallback__telescopic_ota_ihp130__seed_7,diagnosis_spice_postprocess_fallback,Diagnosis + repair,diagnosis_control,inputs/ota/telescopic/telescopic_ota_ihp130.yaml,telescopic_ota_ihp130,Telescopic,7,slew_rate,Slew rate,slew_rate,min,6000000.0,6349355.649355721,V/s,True,1.0582259415592867,1.0582259415592867,0.05822594155928679
diagnosis_spice_postprocess_fallback__telescopic_ota_ihp130__seed_7,diagnosis_spice_postprocess_fallback,Diagnosis + repair,diagnosis_control,inputs/ota/telescopic/telescopic_ota_ihp130.yaml,telescopic_ota_ihp130,Telescopic,7,output_swing,Output swing,output_swing,min,0.55,0.8683281399999998,V,True,1.578778436363636,1.5,0.5787784363636359
diagnosis_spice_postprocess_fallback__telescopic_ota_ihp130__seed_7,diagnosis_spice_postprocess_fallback,Diagnosis + repair,diagnosis_control,inputs/ota/telescopic/telescopic_ota_ihp130.yaml,telescopic_ota_ihp130,Telescopic,7,power,Power,total_power,max,0.0003,1.937484e-05,W,True,15.483998835603288,1.5,0.9354172
diagnosis_spice_postprocess_fallback__telescopic_ota_ihp130__seed_9,diagnosis_spice_postprocess_fallback,Diagnosis + repair,diagnosis_control,inputs/ota/telescopic/telescopic_ota_ihp130.yaml,telescopic_ota_ihp130,Telescopic,9,dc_gain,Gain,dc_gain_db,min,48.0,48.0592218,dB,True,1.0012337875000001,1.0012337875000001,0.0012337875000000647
diagnosis_spice_postprocess_fallback__telescopic_ota_ihp130__seed_9,diagnosis_spice_postprocess_fallback,Diagnosis + repair,diagnosis_control,inputs/ota/telescopic/telescopic_ota_ihp130.yaml,telescopic_ota_ihp130,Telescopic,9,unity_gain_bandwidth,UGBW,unity_gain_bandwidth,min,7000000.0,12473189.713388428,Hz,True,1.7818842447697754,1.5,0.7818842447697755
diagnosis_spice_postprocess_fallback__telescopic_ota_ihp130__seed_9,diagnosis_spice_postprocess_fallback,Diagnosis + repair,diagnosis_control,inputs/ota/telescopic/telescopic_ota_ihp130.yaml,telescopic_ota_ihp130,Telescopic,9,phase_margin,Phase margin,phase_margin,min,60.0,63.94924981132553,deg,True,1.0658208301887588,1.0658208301887588,0.06582083018875882
diagnosis_spice_postprocess_fallback__telescopic_ota_ihp130__seed_9,diagnosis_spice_postprocess_fallback,Diagnosis + repair,diagnosis_control,inputs/ota/telescopic/telescopic_ota_ihp130.yaml,telescopic_ota_ihp130,Telescopic,9,slew_rate,Slew rate,slew_rate,min,6000000.0,6908334.908334868,V/s,True,1.1513891513891448,1.1513891513891448,0.15138915138914466
diagnosis_spice_postprocess_fallback__telescopic_ota_ihp130__seed_9,diagnosis_spice_postprocess_fallback,Diagnosis + repair,diagnosis_control,inputs/ota/telescopic/telescopic_ota_ihp130.yaml,telescopic_ota_ihp130,Telescopic,9,output_swing,Output swing,output_swing,min,0.55,0.8706240699999999,V,True,1.582952854545454,1.5,0.5829528545454542
diagnosis_spice_postprocess_fallback__telescopic_ota_ihp130__seed_9,diagnosis_spice_postprocess_fallback,Diagnosis + repair,diagnosis_control,inputs/ota/telescopic/telescopic_ota_ihp130.yaml,telescopic_ota_ihp130,Telescopic,9,power,Power,total_power,max,0.0003,1.8469079999999998e-05,W,True,16.2433645855668,1.5,0.9384364
diagnosis_spice_postprocess_fallback__telescopic_ota_ihp130__seed_10,diagnosis_spice_postprocess_fallback,Diagnosis + repair,diagnosis_control,inputs/ota/telescopic/telescopic_ota_ihp130.yaml,telescopic_ota_ihp130,Telescopic,10,dc_gain,Gain,dc_gain_db,min,48.0,48.1029466,dB,True,1.0021447208333334,1.0021447208333334,0.002144720833333391
diagnosis_spice_postprocess_fallback__telescopic_ota_ihp130__seed_10,diagnosis_spice_postprocess_fallback,Diagnosis + repair,diagnosis_control,inputs/ota/telescopic/telescopic_ota_ihp130.yaml,telescopic_ota_ihp130,Telescopic,10,unity_gain_bandwidth,UGBW,unity_gain_bandwidth,min,7000000.0,14572296.290788546,Hz,True,2.081756612969792,1.5,1.0817566129697924
diagnosis_spice_postprocess_fallback__telescopic_ota_ihp130__seed_10,diagnosis_spice_postprocess_fallback,Diagnosis + repair,diagnosis_control,inputs/ota/telescopic/telescopic_ota_ihp130.yaml,telescopic_ota_ihp130,Telescopic,10,phase_margin,Phase margin,phase_margin,min,60.0,64.06574852587343,deg,True,1.0677624754312238,1.0677624754312238,0.06776247543122385
diagnosis_spice_postprocess_fallback__telescopic_ota_ihp130__seed_10,diagnosis_spice_postprocess_fallback,Diagnosis + repair,diagnosis_control,inputs/ota/telescopic/telescopic_ota_ihp130.yaml,telescopic_ota_ihp130,Telescopic,10,slew_rate,Slew rate,slew_rate,min,6000000.0,7111305.011305107,V/s,True,1.1852175018841844,1.1852175018841844,0.18521750188418445
diagnosis_spice_postprocess_fallback__telescopic_ota_ihp130__seed_10,diagnosis_spice_postprocess_fallback,Diagnosis + repair,diagnosis_control,inputs/ota/telescopic/telescopic_ota_ihp130.yaml,telescopic_ota_ihp130,Telescopic,10,output_swing,Output swing,output_swing,min,0.55,0.8781099899999999,V,True,1.596563618181818,1.5,0.5965636181818179
diagnosis_spice_postprocess_fallback__telescopic_ota_ihp130__seed_10,diagnosis_spice_postprocess_fallback,Diagnosis + repair,diagnosis_control,inputs/ota/telescopic/telescopic_ota_ihp130.yaml,telescopic_ota_ihp130,Telescopic,10,power,Power,total_power,max,0.0003,2.20344e-05,W,True,13.615074610608865,1.5,0.9265519999999999
diagnosis_spice_postprocess_fallback__telescopic_ota_ihp130__seed_8,diagnosis_spice_postprocess_fallback,Diagnosis + repair,diagnosis_control,inputs/ota/telescopic/telescopic_ota_ihp130.yaml,telescopic_ota_ihp130,Telescopic,8,dc_gain,Gain,dc_gain_db,min,48.0,48.2686742,dB,True,1.0055973791666666,1.0055973791666666,0.005597379166666657
diagnosis_spice_postprocess_fallback__telescopic_ota_ihp130__seed_8,diagnosis_spice_postprocess_fallback,Diagnosis + repair,diagnosis_control,inputs/ota/telescopic/telescopic_ota_ihp130.yaml,telescopic_ota_ihp130,Telescopic,8,unity_gain_bandwidth,UGBW,unity_gain_bandwidth,min,7000000.0,14476445.53217772,Hz,True,2.06806364745396,1.5,1.06806364745396
diagnosis_spice_postprocess_fallback__telescopic_ota_ihp130__seed_8,diagnosis_spice_postprocess_fallback,Diagnosis + repair,diagnosis_control,inputs/ota/telescopic/telescopic_ota_ihp130.yaml,telescopic_ota_ihp130,Telescopic,8,phase_margin,Phase margin,phase_margin,min,60.0,62.08503419381172,deg,True,1.034750569896862,1.034750569896862,0.034750569896862045
diagnosis_spice_postprocess_fallback__telescopic_ota_ihp130__seed_8,diagnosis_spice_postprocess_fallback,Diagnosis + repair,diagnosis_control,inputs/ota/telescopic/telescopic_ota_ihp130.yaml,telescopic_ota_ihp130,Telescopic,8,slew_rate,Slew rate,slew_rate,min,6000000.0,6349355.649355721,V/s,True,1.0582259415592867,1.0582259415592867,0.05822594155928679
diagnosis_spice_postprocess_fallback__telescopic_ota_ihp130__seed_8,diagnosis_spice_postprocess_fallback,Diagnosis + repair,diagnosis_control,inputs/ota/telescopic/telescopic_ota_ihp130.yaml,telescopic_ota_ihp130,Telescopic,8,output_swing,Output swing,output_swing,min,0.55,0.8683281399999998,V,True,1.578778436363636,1.5,0.5787784363636359
diagnosis_spice_postprocess_fallback__telescopic_ota_ihp130__seed_8,diagnosis_spice_postprocess_fallback,Diagnosis + repair,diagnosis_control,inputs/ota/telescopic/telescopic_ota_ihp130.yaml,telescopic_ota_ihp130,Telescopic,8,power,Power,total_power,max,0.0003,1.937484e-05,W,True,15.483998835603288,1.5,0.9354172
diagnosis_spice_postprocess_fallback__folded_cascode_ota_ihp130__seed_1,diagnosis_spice_postprocess_fallback,Diagnosis + repair,diagnosis_control,inputs/ota/folded_cascode/folded_cascode_ota_ihp130.yaml,folded_cascode_ota_ihp130,Folded cascode,1,dc_gain,Gain,dc_gain_db,min,45.0,46.2959336,dB,True,1.0287985244444444,1.0287985244444444,0.028798524444444397
diagnosis_spice_postprocess_fallback__folded_cascode_ota_ihp130__seed_1,diagnosis_spice_postprocess_fallback,Diagnosis + repair,diagnosis_control,inputs/ota/folded_cascode/folded_cascode_ota_ihp130.yaml,folded_cascode_ota_ihp130,Folded cascode,1,unity_gain_bandwidth,UGBW,unity_gain_bandwidth,min,20000000.0,37212166.68572439,Hz,True,1.8606083342862196,1.5,0.8606083342862196
diagnosis_spice_postprocess_fallback__folded_cascode_ota_ihp130__seed_1,diagnosis_spice_postprocess_fallback,Diagnosis + repair,diagnosis_control,inputs/ota/folded_cascode/folded_cascode_ota_ihp130.yaml,folded_cascode_ota_ihp130,Folded cascode,1,phase_margin,Phase margin,phase_margin,min,60.0,66.48015891033519,deg,True,1.1080026485055865,1.1080026485055865,0.10800264850558652
diagnosis_spice_postprocess_fallback__folded_cascode_ota_ihp130__seed_1,diagnosis_spice_postprocess_fallback,Diagnosis + repair,diagnosis_control,inputs/ota/folded_cascode/folded_cascode_ota_ihp130.yaml,folded_cascode_ota_ihp130,Folded cascode,1,slew_rate,Slew rate,slew_rate,min,12000000.0,22835994.000000123,V/s,True,1.9029995000000102,1.5,0.9029995000000103
diagnosis_spice_postprocess_fallback__folded_cascode_ota_ihp130__seed_1,diagnosis_spice_postprocess_fallback,Diagnosis + repair,diagnosis_control,inputs/ota/folded_cascode/folded_cascode_ota_ihp130.yaml,folded_cascode_ota_ihp130,Folded cascode,1,output_swing,Output swing,output_swing,min,0.6,0.86853692,V,True,1.4475615333333334,1.4475615333333334,0.4475615333333335
diagnosis_spice_postprocess_fallback__folded_cascode_ota_ihp130__seed_1,diagnosis_spice_postprocess_fallback,Diagnosis + repair,diagnosis_control,inputs/ota/folded_cascode/folded_cascode_ota_ihp130.yaml,folded_cascode_ota_ihp130,Folded cascode,1,power,Power,total_power,max,0.0006,2.9594999999999997e-05,W,True,20.273694880892045,1.5,0.950675
diagnosis_spice_postprocess_fallback__folded_cascode_ota_ihp130__seed_3,diagnosis_spice_postprocess_fallback,Diagnosis + repair,diagnosis_control,inputs/ota/folded_cascode/folded_cascode_ota_ihp130.yaml,folded_cascode_ota_ihp130,Folded cascode,3,dc_gain,Gain,dc_gain_db,min,45.0,7.98466699,dB,False,0.17743704422222223,0.17743704422222223,-0.8225629557777777
diagnosis_spice_postprocess_fallback__folded_cascode_ota_ihp130__seed_3,diagnosis_spice_postprocess_fallback,Diagnosis + repair,diagnosis_control,inputs/ota/folded_cascode/folded_cascode_ota_ihp130.yaml,folded_cascode_ota_ihp130,Folded cascode,3,unity_gain_bandwidth,UGBW,unity_gain_bandwidth,min,20000000.0,20964231.921890553,Hz,True,1.0482115960945277,1.0482115960945277,0.04821159609452765
diagnosis_spice_postprocess_fallback__folded_cascode_ota_ihp130__seed_3,diagnosis_spice_postprocess_fallback,Diagnosis + repair,diagnosis_control,inputs/ota/folded_cascode/folded_cascode_ota_ihp130.yaml,folded_cascode_ota_ihp130,Folded cascode,3,phase_margin,Phase margin,phase_margin,min,60.0,117.3452301360954,deg,True,1.95575383560159,1.5,0.9557538356015899
diagnosis_spice_postprocess_fallback__folded_cascode_ota_ihp130__seed_3,diagnosis_spice_postprocess_fallback,Diagnosis + repair,diagnosis_control,inputs/ota/folded_cascode/folded_cascode_ota_ihp130.yaml,folded_cascode_ota_ihp130,Folded cascode,3,slew_rate,Slew rate,slew_rate,min,12000000.0,34029369.99999998,V/s,True,2.8357808333333314,1.5,1.8357808333333314
diagnosis_spice_postprocess_fallback__folded_cascode_ota_ihp130__seed_3,diagnosis_spice_postprocess_fallback,Diagnosis + repair,diagnosis_control,inputs/ota/folded_cascode/folded_cascode_ota_ihp130.yaml,folded_cascode_ota_ihp130,Folded cascode,3,output_swing,Output swing,output_swing,min,0.6,0.73716191,V,True,1.2286031833333333,1.2286031833333333,0.22860318333333335
diagnosis_spice_postprocess_fallback__folded_cascode_ota_ihp130__seed_3,diagnosis_spice_postprocess_fallback,Diagnosis + repair,diagnosis_control,inputs/ota/folded_cascode/folded_cascode_ota_ihp130.yaml,folded_cascode_ota_ihp130,Folded cascode,3,power,Power,total_power,max,0.0006,9.107316e-05,W,True,6.588110042519662,1.5,0.8482114
diagnosis_spice_postprocess_fallback__folded_cascode_ota_ihp130__seed_2,diagnosis_spice_postprocess_fallback,Diagnosis + repair,diagnosis_control,inputs/ota/folded_cascode/folded_cascode_ota_ihp130.yaml,folded_cascode_ota_ihp130,Folded cascode,2,dc_gain,Gain,dc_gain_db,min,45.0,43.2282244,dB,False,0.960627208888889,0.960627208888889,-0.03937279111111107
diagnosis_spice_postprocess_fallback__folded_cascode_ota_ihp130__seed_2,diagnosis_spice_postprocess_fallback,Diagnosis + repair,diagnosis_control,inputs/ota/folded_cascode/folded_cascode_ota_ihp130.yaml,folded_cascode_ota_ihp130,Folded cascode,2,unity_gain_bandwidth,UGBW,unity_gain_bandwidth,min,20000000.0,78442080.0003297,Hz,True,3.922104000016485,1.5,2.922104000016485
diagnosis_spice_postprocess_fallback__folded_cascode_ota_ihp130__seed_2,diagnosis_spice_postprocess_fallback,Diagnosis + repair,diagnosis_control,inputs/ota/folded_cascode/folded_cascode_ota_ihp130.yaml,folded_cascode_ota_ihp130,Folded cascode,2,phase_margin,Phase margin,phase_margin,min,60.0,76.37132806880508,deg,True,1.272855467813418,1.272855467813418,0.2728554678134181
diagnosis_spice_postprocess_fallback__folded_cascode_ota_ihp130__seed_2,diagnosis_spice_postprocess_fallback,Diagnosis + repair,diagnosis_control,inputs/ota/folded_cascode/folded_cascode_ota_ihp130.yaml,folded_cascode_ota_ihp130,Folded cascode,2,slew_rate,Slew rate,slew_rate,min,12000000.0,47665856.00000021,V/s,True,3.9721546666666843,1.5,2.9721546666666843
diagnosis_spice_postprocess_fallback__folded_cascode_ota_ihp130__seed_2,diagnosis_spice_postprocess_fallback,Diagnosis + repair,diagnosis_control,inputs/ota/folded_cascode/folded_cascode_ota_ihp130.yaml,folded_cascode_ota_ihp130,Folded cascode,2,output_swing,Output swing,output_swing,min,0.6,0.84055091,V,True,1.4009181833333335,1.4009181833333335,0.40091818333333346
diagnosis_spice_postprocess_fallback__folded_cascode_ota_ihp130__seed_2,diagnosis_spice_postprocess_fallback,Diagnosis + repair,diagnosis_control,inputs/ota/folded_cascode/folded_cascode_ota_ihp130.yaml,folded_cascode_ota_ihp130,Folded cascode,2,power,Power,total_power,max,0.0006,6.147731999999999e-05,W,True,9.759696746702687,1.5,0.8975377999999999
diagnosis_spice_postprocess_fallback__folded_cascode_ota_ihp130__seed_4,diagnosis_spice_postprocess_fallback,Diagnosis + repair,diagnosis_control,inputs/ota/folded_cascode/folded_cascode_ota_ihp130.yaml,folded_cascode_ota_ihp130,Folded cascode,4,dc_gain,Gain,dc_gain_db,min,45.0,45.6898557,dB,True,1.0153301266666668,1.0153301266666668,0.015330126666666723
diagnosis_spice_postprocess_fallback__folded_cascode_ota_ihp130__seed_4,diagnosis_spice_postprocess_fallback,Diagnosis + repair,diagnosis_control,inputs/ota/folded_cascode/folded_cascode_ota_ihp130.yaml,folded_cascode_ota_ihp130,Folded cascode,4,unity_gain_bandwidth,UGBW,unity_gain_bandwidth,min,20000000.0,56701650.859280035,Hz,True,2.8350825429640016,1.5,1.8350825429640016
diagnosis_spice_postprocess_fallback__folded_cascode_ota_ihp130__seed_4,diagnosis_spice_postprocess_fallback,Diagnosis + repair,diagnosis_control,inputs/ota/folded_cascode/folded_cascode_ota_ihp130.yaml,folded_cascode_ota_ihp130,Folded cascode,4,phase_margin,Phase margin,phase_margin,min,60.0,63.218128673698715,deg,True,1.0536354778949786,1.0536354778949786,0.05363547789497858
diagnosis_spice_postprocess_fallback__folded_cascode_ota_ihp130__seed_4,diagnosis_spice_postprocess_fallback,Diagnosis + repair,diagnosis_control,inputs/ota/folded_cascode/folded_cascode_ota_ihp130.yaml,folded_cascode_ota_ihp130,Folded cascode,4,slew_rate,Slew rate,slew_rate,min,12000000.0,32817928.000000082,V/s,True,2.73482733333334,1.5,1.7348273333333402
diagnosis_spice_postprocess_fallback__folded_cascode_ota_ihp130__seed_4,diagnosis_spice_postprocess_fallback,Diagnosis + repair,diagnosis_control,inputs/ota/folded_cascode/folded_cascode_ota_ihp130.yaml,folded_cascode_ota_ihp130,Folded cascode,4,output_swing,Output swing,output_swing,min,0.6,0.85062058,V,True,1.4177009666666667,1.4177009666666667,0.4177009666666667
diagnosis_spice_postprocess_fallback__folded_cascode_ota_ihp130__seed_4,diagnosis_spice_postprocess_fallback,Diagnosis + repair,diagnosis_control,inputs/ota/folded_cascode/folded_cascode_ota_ihp130.yaml,folded_cascode_ota_ihp130,Folded cascode,4,power,Power,total_power,max,0.0006,4.366175999999999e-05,W,True,13.742002154745938,1.5,0.9272304
diagnosis_spice_postprocess_fallback__folded_cascode_ota_ihp130__seed_6,diagnosis_spice_postprocess_fallback,Diagnosis + repair,diagnosis_control,inputs/ota/folded_cascode/folded_cascode_ota_ihp130.yaml,folded_cascode_ota_ihp130,Folded cascode,6,dc_gain,Gain,dc_gain_db,min,45.0,42.6120565,dB,False,0.9469345888888889,0.9469345888888889,-0.05306541111111108
diagnosis_spice_postprocess_fallback__folded_cascode_ota_ihp130__seed_6,diagnosis_spice_postprocess_fallback,Diagnosis + repair,diagnosis_control,inputs/ota/folded_cascode/folded_cascode_ota_ihp130.yaml,folded_cascode_ota_ihp130,Folded cascode,6,unity_gain_bandwidth,UGBW,unity_gain_bandwidth,min,20000000.0,98593773.62319507,Hz,True,4.929688681159753,1.5,3.9296886811597536
diagnosis_spice_postprocess_fallback__folded_cascode_ota_ihp130__seed_6,diagnosis_spice_postprocess_fallback,Diagnosis + repair,diagnosis_control,inputs/ota/folded_cascode/folded_cascode_ota_ihp130.yaml,folded_cascode_ota_ihp130,Folded cascode,6,phase_margin,Phase margin,phase_margin,min,60.0,68.70983983948784,deg,True,1.1451639973247973,1.1451639973247973,0.14516399732479737
diagnosis_spice_postprocess_fallback__folded_cascode_ota_ihp130__seed_6,diagnosis_spice_postprocess_fallback,Diagnosis + repair,diagnosis_control,inputs/ota/folded_cascode/folded_cascode_ota_ihp130.yaml,folded_cascode_ota_ihp130,Folded cascode,6,slew_rate,Slew rate,slew_rate,min,12000000.0,71842224.12550312,V/s,True,5.986852010458594,1.5,4.986852010458594
diagnosis_spice_postprocess_fallback__folded_cascode_ota_ihp130__seed_6,diagnosis_spice_postprocess_fallback,Diagnosis + repair,diagnosis_control,inputs/ota/folded_cascode/folded_cascode_ota_ihp130.yaml,folded_cascode_ota_ihp130,Folded cascode,6,output_swing,Output swing,output_swing,min,0.6,0.8128832699999999,V,True,1.35480545,1.35480545,0.35480544999999997
diagnosis_spice_postprocess_fallback__folded_cascode_ota_ihp130__seed_6,diagnosis_spice_postprocess_fallback,Diagnosis + repair,diagnosis_control,inputs/ota/folded_cascode/folded_cascode_ota_ihp130.yaml,folded_cascode_ota_ihp130,Folded cascode,6,power,Power,total_power,max,0.0006,8.795436e-05,W,True,6.8217198101378935,1.5,0.8534094
diagnosis_spice_postprocess_fallback__folded_cascode_ota_ihp130__seed_5,diagnosis_spice_postprocess_fallback,Diagnosis + repair,diagnosis_control,inputs/ota/folded_cascode/folded_cascode_ota_ihp130.yaml,folded_cascode_ota_ihp130,Folded cascode,5,dc_gain,Gain,dc_gain_db,min,45.0,36.7534627,dB,False,0.8167436155555555,0.8167436155555555,-0.18325638444444445
diagnosis_spice_postprocess_fallback__folded_cascode_ota_ihp130__seed_5,diagnosis_spice_postprocess_fallback,Diagnosis + repair,diagnosis_control,inputs/ota/folded_cascode/folded_cascode_ota_ihp130.yaml,folded_cascode_ota_ihp130,Folded cascode,5,unity_gain_bandwidth,UGBW,unity_gain_bandwidth,min,20000000.0,26488200.66193347,Hz,True,1.3244100330966735,1.3244100330966735,0.32441003309667354
diagnosis_spice_postprocess_fallback__folded_cascode_ota_ihp130__seed_5,diagnosis_spice_postprocess_fallback,Diagnosis + repair,diagnosis_control,inputs/ota/folded_cascode/folded_cascode_ota_ihp130.yaml,folded_cascode_ota_ihp130,Folded cascode,5,phase_margin,Phase margin,phase_margin,min,60.0,80.35922865222533,deg,True,1.3393204775370888,1.3393204775370888,0.33932047753708877
diagnosis_spice_postprocess_fallback__folded_cascode_ota_ihp130__seed_5,diagnosis_spice_postprocess_fallback,Diagnosis + repair,diagnosis_control,inputs/ota/folded_cascode/folded_cascode_ota_ihp130.yaml,folded_cascode_ota_ihp130,Folded cascode,5,slew_rate,Slew rate,slew_rate,min,12000000.0,12448436.00000006,V/s,True,1.0373696666666716,1.0373696666666716,0.03736966666667163
diagnosis_spice_postprocess_fallback__folded_cascode_ota_ihp130__seed_5,diagnosis_spice_postprocess_fallback,Diagnosis + repair,diagnosis_control,inputs/ota/folded_cascode/folded_cascode_ota_ihp130.yaml,folded_cascode_ota_ihp130,Folded cascode,5,output_swing,Output swing,output_swing,min,0.6,0.8886825,V,True,1.4811375000000002,1.4811375000000002,0.4811375000000001
diagnosis_spice_postprocess_fallback__folded_cascode_ota_ihp130__seed_5,diagnosis_spice_postprocess_fallback,Diagnosis + repair,diagnosis_control,inputs/ota/folded_cascode/folded_cascode_ota_ihp130.yaml,folded_cascode_ota_ihp130,Folded cascode,5,power,Power,total_power,max,0.0006,1.613508e-05,W,True,37.1860567161737,1.5,0.9731082
diagnosis_spice_postprocess_fallback__folded_cascode_ota_ihp130__seed_8,diagnosis_spice_postprocess_fallback,Diagnosis + repair,diagnosis_control,inputs/ota/folded_cascode/folded_cascode_ota_ihp130.yaml,folded_cascode_ota_ihp130,Folded cascode,8,dc_gain,Gain,dc_gain_db,min,45.0,45.0251765,dB,True,1.0005594777777778,1.0005594777777778,0.0005594777777777911
diagnosis_spice_postprocess_fallback__folded_cascode_ota_ihp130__seed_8,diagnosis_spice_postprocess_fallback,Diagnosis + repair,diagnosis_control,inputs/ota/folded_cascode/folded_cascode_ota_ihp130.yaml,folded_cascode_ota_ihp130,Folded cascode,8,unity_gain_bandwidth,UGBW,unity_gain_bandwidth,min,20000000.0,58912008.60425569,Hz,True,2.9456004302127847,1.5,1.9456004302127845
diagnosis_spice_postprocess_fallback__folded_cascode_ota_ihp130__seed_8,diagnosis_spice_postprocess_fallback,Diagnosis + repair,diagnosis_control,inputs/ota/folded_cascode/folded_cascode_ota_ihp130.yaml,folded_cascode_ota_ihp130,Folded cascode,8,phase_margin,Phase margin,phase_margin,min,60.0,60.19400526127541,deg,True,1.0032334210212568,1.0032334210212568,0.003233421021256788
diagnosis_spice_postprocess_fallback__folded_cascode_ota_ihp130__seed_8,diagnosis_spice_postprocess_fallback,Diagnosis + repair,diagnosis_control,inputs/ota/folded_cascode/folded_cascode_ota_ihp130.yaml,folded_cascode_ota_ihp130,Folded cascode,8,slew_rate,Slew rate,slew_rate,min,12000000.0,36418542.06839868,V/s,True,3.03487850569989,1.5,2.03487850569989
diagnosis_spice_postprocess_fallback__folded_cascode_ota_ihp130__seed_8,diagnosis_spice_postprocess_fallback,Diagnosis + repair,diagnosis_control,inputs/ota/folded_cascode/folded_cascode_ota_ihp130.yaml,folded_cascode_ota_ihp130,Folded cascode,8,output_swing,Output swing,output_swing,min,0.6,0.8577782499999999,V,True,1.4296304166666665,1.4296304166666665,0.42963041666666646
diagnosis_spice_postprocess_fallback__folded_cascode_ota_ihp130__seed_8,diagnosis_spice_postprocess_fallback,Diagnosis + repair,diagnosis_control,inputs/ota/folded_cascode/folded_cascode_ota_ihp130.yaml,folded_cascode_ota_ihp130,Folded cascode,8,power,Power,total_power,max,0.0006,4.759692e-05,W,True,12.605857689951366,1.5,0.9206717999999999
diagnosis_spice_postprocess_fallback__folded_cascode_ota_ihp130__seed_7,diagnosis_spice_postprocess_fallback,Diagnosis + repair,diagnosis_control,inputs/ota/folded_cascode/folded_cascode_ota_ihp130.yaml,folded_cascode_ota_ihp130,Folded cascode,7,dc_gain,Gain,dc_gain_db,min,45.0,46.7886436,dB,True,1.0397476355555555,1.0397476355555555,0.03974763555555556
diagnosis_spice_postprocess_fallback__folded_cascode_ota_ihp130__seed_7,diagnosis_spice_postprocess_fallback,Diagnosis + repair,diagnosis_control,inputs/ota/folded_cascode/folded_cascode_ota_ihp130.yaml,folded_cascode_ota_ihp130,Folded cascode,7,unity_gain_bandwidth,UGBW,unity_gain_bandwidth,min,20000000.0,58836220.422639646,Hz,True,2.9418110211319823,1.5,1.9418110211319823
diagnosis_spice_postprocess_fallback__folded_cascode_ota_ihp130__seed_7,diagnosis_spice_postprocess_fallback,Diagnosis + repair,diagnosis_control,inputs/ota/folded_cascode/folded_cascode_ota_ihp130.yaml,folded_cascode_ota_ihp130,Folded cascode,7,phase_margin,Phase margin,phase_margin,min,60.0,58.84981114771709,deg,False,0.9808301857952848,0.9808301857952848,-0.01916981420471515
diagnosis_spice_postprocess_fallback__folded_cascode_ota_ihp130__seed_7,diagnosis_spice_postprocess_fallback,Diagnosis + repair,diagnosis_control,inputs/ota/folded_cascode/folded_cascode_ota_ihp130.yaml,folded_cascode_ota_ihp130,Folded cascode,7,slew_rate,Slew rate,slew_rate,min,12000000.0,31021791.000000153,V/s,True,2.5851492500000126,1.5,1.5851492500000128
diagnosis_spice_postprocess_fallback__folded_cascode_ota_ihp130__seed_7,diagnosis_spice_postprocess_fallback,Diagnosis + repair,diagnosis_control,inputs/ota/folded_cascode/folded_cascode_ota_ihp130.yaml,folded_cascode_ota_ihp130,Folded cascode,7,output_swing,Output swing,output_swing,min,0.6,0.8716395,V,True,1.4527325,1.4527325,0.4527325000000001
diagnosis_spice_postprocess_fallback__folded_cascode_ota_ihp130__seed_7,diagnosis_spice_postprocess_fallback,Diagnosis + repair,diagnosis_control,inputs/ota/folded_cascode/folded_cascode_ota_ihp130.yaml,folded_cascode_ota_ihp130,Folded cascode,7,power,Power,total_power,max,0.0006,4.22916e-05,W,True,14.187214482308542,1.5,0.9295140000000001
diagnosis_spice_postprocess_fallback__folded_cascode_ota_ihp130__seed_10,diagnosis_spice_postprocess_fallback,Diagnosis + repair,diagnosis_control,inputs/ota/folded_cascode/folded_cascode_ota_ihp130.yaml,folded_cascode_ota_ihp130,Folded cascode,10,dc_gain,Gain,dc_gain_db,min,45.0,45.7439798,dB,True,1.0165328844444443,1.0165328844444443,0.016532884444444403
diagnosis_spice_postprocess_fallback__folded_cascode_ota_ihp130__seed_10,diagnosis_spice_postprocess_fallback,Diagnosis + repair,diagnosis_control,inputs/ota/folded_cascode/folded_cascode_ota_ihp130.yaml,folded_cascode_ota_ihp130,Folded cascode,10,unity_gain_bandwidth,UGBW,unity_gain_bandwidth,min,20000000.0,55396158.36436191,Hz,True,2.7698079182180955,1.5,1.7698079182180957
diagnosis_spice_postprocess_fallback__folded_cascode_ota_ihp130__seed_10,diagnosis_spice_postprocess_fallback,Diagnosis + repair,diagnosis_control,inputs/ota/folded_cascode/folded_cascode_ota_ihp130.yaml,folded_cascode_ota_ihp130,Folded cascode,10,phase_margin,Phase margin,phase_margin,min,60.0,66.09291546873418,deg,True,1.1015485911455696,1.1015485911455696,0.1015485911455696
diagnosis_spice_postprocess_fallback__folded_cascode_ota_ihp130__seed_10,diagnosis_spice_postprocess_fallback,Diagnosis + repair,diagnosis_control,inputs/ota/folded_cascode/folded_cascode_ota_ihp130.yaml,folded_cascode_ota_ihp130,Folded cascode,10,slew_rate,Slew rate,slew_rate,min,12000000.0,31934429.999999784,V/s,True,2.661202499999982,1.5,1.661202499999982
diagnosis_spice_postprocess_fallback__folded_cascode_ota_ihp130__seed_10,diagnosis_spice_postprocess_fallback,Diagnosis + repair,diagnosis_control,inputs/ota/folded_cascode/folded_cascode_ota_ihp130.yaml,folded_cascode_ota_ihp130,Folded cascode,10,output_swing,Output swing,output_swing,min,0.6,0.8671854400000001,V,True,1.4453090666666668,1.4453090666666668,0.44530906666666686
diagnosis_spice_postprocess_fallback__folded_cascode_ota_ihp130__seed_10,diagnosis_spice_postprocess_fallback,Diagnosis + repair,diagnosis_control,inputs/ota/folded_cascode/folded_cascode_ota_ihp130.yaml,folded_cascode_ota_ihp130,Folded cascode,10,power,Power,total_power,max,0.0006,4.216884e-05,W,True,14.228515652790069,1.5,0.9297186000000001
diagnosis_spice_postprocess_fallback__folded_cascode_ota_ihp130__seed_9,diagnosis_spice_postprocess_fallback,Diagnosis + repair,diagnosis_control,inputs/ota/folded_cascode/folded_cascode_ota_ihp130.yaml,folded_cascode_ota_ihp130,Folded cascode,9,dc_gain,Gain,dc_gain_db,min,45.0,46.5070088,dB,True,1.0334890844444444,1.0334890844444444,0.03348908444444447
diagnosis_spice_postprocess_fallback__folded_cascode_ota_ihp130__seed_9,diagnosis_spice_postprocess_fallback,Diagnosis + repair,diagnosis_control,inputs/ota/folded_cascode/folded_cascode_ota_ihp130.yaml,folded_cascode_ota_ihp130,Folded cascode,9,unity_gain_bandwidth,UGBW,unity_gain_bandwidth,min,20000000.0,44258712.699897476,Hz,True,2.212935634994874,1.5,1.2129356349948737
diagnosis_spice_postprocess_fallback__folded_cascode_ota_ihp130__seed_9,diagnosis_spice_postprocess_fallback,Diagnosis + repair,diagnosis_control,inputs/ota/folded_cascode/folded_cascode_ota_ihp130.yaml,folded_cascode_ota_ihp130,Folded cascode,9,phase_margin,Phase margin,phase_margin,min,60.0,69.85127887148884,deg,True,1.1641879811914808,1.1641879811914808,0.16418798119148073
diagnosis_spice_postprocess_fallback__folded_cascode_ota_ihp130__seed_9,diagnosis_spice_postprocess_fallback,Diagnosis + repair,diagnosis_control,inputs/ota/folded_cascode/folded_cascode_ota_ihp130.yaml,folded_cascode_ota_ihp130,Folded cascode,9,slew_rate,Slew rate,slew_rate,min,12000000.0,23603440.2000001,V/s,True,1.9669533500000083,1.5,0.9669533500000084
diagnosis_spice_postprocess_fallback__folded_cascode_ota_ihp130__seed_9,diagnosis_spice_postprocess_fallback,Diagnosis + repair,diagnosis_control,inputs/ota/folded_cascode/folded_cascode_ota_ihp130.yaml,folded_cascode_ota_ihp130,Folded cascode,9,output_swing,Output swing,output_swing,min,0.6,0.87383104,V,True,1.4563850666666667,1.4563850666666667,0.4563850666666667
diagnosis_spice_postprocess_fallback__folded_cascode_ota_ihp130__seed_9,diagnosis_spice_postprocess_fallback,Diagnosis + repair,diagnosis_control,inputs/ota/folded_cascode/folded_cascode_ota_ihp130.yaml,folded_cascode_ota_ihp130,Folded cascode,9,power,Power,total_power,max,0.0006,3.0288e-05,W,True,19.80982567353407,1.5,0.94952
diagnosis_spice_postprocess_fallback__five_transistor_ota__seed_1,diagnosis_spice_postprocess_fallback,Diagnosis + repair,diagnosis_control,inputs/ota/five_transistor/five_transistor_ota.yaml,five_transistor_ota,Five transistor,1,dc_gain,Gain,dc_gain_db,min,25.0,25.1806929,dB,True,1.007227716,1.007227716,0.007227716000000015
diagnosis_spice_postprocess_fallback__five_transistor_ota__seed_1,diagnosis_spice_postprocess_fallback,Diagnosis + repair,diagnosis_control,inputs/ota/five_transistor/five_transistor_ota.yaml,five_transistor_ota,Five transistor,1,unity_gain_bandwidth,UGBW,unity_gain_bandwidth,min,25000000.0,154215254.27806428,Hz,True,6.168610171122571,1.5,5.168610171122571
diagnosis_spice_postprocess_fallback__five_transistor_ota__seed_1,diagnosis_spice_postprocess_fallback,Diagnosis + repair,diagnosis_control,inputs/ota/five_transistor/five_transistor_ota.yaml,five_transistor_ota,Five transistor,1,phase_margin,Phase margin,phase_margin,min,60.0,82.73880368428394,deg,True,1.3789800614047323,1.3789800614047323,0.3789800614047323
diagnosis_spice_postprocess_fallback__five_transistor_ota__seed_1,diagnosis_spice_postprocess_fallback,Diagnosis + repair,diagnosis_control,inputs/ota/five_transistor/five_transistor_ota.yaml,five_transistor_ota,Five transistor,1,slew_rate,Slew rate,slew_rate,min,15000000.0,152543971.24999988,V/s,True,10.169598083333325,1.5,9.169598083333325
diagnosis_spice_postprocess_fallback__five_transistor_ota__seed_1,diagnosis_spice_postprocess_fallback,Diagnosis + repair,diagnosis_control,inputs/ota/five_transistor/five_transistor_ota.yaml,five_transistor_ota,Five transistor,1,output_swing,Output swing,output_swing,min,0.65,0.7633796599999999,V,True,1.174430246153846,1.174430246153846,0.17443024615384597
diagnosis_spice_postprocess_fallback__five_transistor_ota__seed_1,diagnosis_spice_postprocess_fallback,Diagnosis + repair,diagnosis_control,inputs/ota/five_transistor/five_transistor_ota.yaml,five_transistor_ota,Five transistor,1,power,Power,total_power,max,0.0002,0.0002038524,W,False,0.9811020130251104,0.9811020130251104,-0.019261999999999953
diagnosis_spice_postprocess_fallback__five_transistor_ota__seed_2,diagnosis_spice_postprocess_fallback,Diagnosis + repair,diagnosis_control,inputs/ota/five_transistor/five_transistor_ota.yaml,five_transistor_ota,Five transistor,2,dc_gain,Gain,dc_gain_db,min,25.0,25.0664002,dB,True,1.002656008,1.002656008,0.002656008000000014
diagnosis_spice_postprocess_fallback__five_transistor_ota__seed_2,diagnosis_spice_postprocess_fallback,Diagnosis + repair,diagnosis_control,inputs/ota/five_transistor/five_transistor_ota.yaml,five_transistor_ota,Five transistor,2,unity_gain_bandwidth,UGBW,unity_gain_bandwidth,min,25000000.0,136833471.79024625,Hz,True,5.47333887160985,1.5,4.47333887160985
diagnosis_spice_postprocess_fallback__five_transistor_ota__seed_2,diagnosis_spice_postprocess_fallback,Diagnosis + repair,diagnosis_control,inputs/ota/five_transistor/five_transistor_ota.yaml,five_transistor_ota,Five transistor,2,phase_margin,Phase margin,phase_margin,min,60.0,85.38359774855614,deg,True,1.4230599624759357,1.4230599624759357,0.4230599624759357
diagnosis_spice_postprocess_fallback__five_transistor_ota__seed_2,diagnosis_spice_postprocess_fallback,Diagnosis + repair,diagnosis_control,inputs/ota/five_transistor/five_transistor_ota.yaml,five_transistor_ota,Five transistor,2,slew_rate,Slew rate,slew_rate,min,15000000.0,138487353.74999982,V/s,True,9.232490249999987,1.5,8.232490249999987
diagnosis_spice_postprocess_fallback__five_transistor_ota__seed_2,diagnosis_spice_postprocess_fallback,Diagnosis + repair,diagnosis_control,inputs/ota/five_transistor/five_transistor_ota.yaml,five_transistor_ota,Five transistor,2,output_swing,Output swing,output_swing,min,0.65,0.7252942099999999,V,True,1.115837246153846,1.115837246153846,0.11583724615384602
diagnosis_spice_postprocess_fallback__five_transistor_ota__seed_2,diagnosis_spice_postprocess_fallback,Diagnosis + repair,diagnosis_control,inputs/ota/five_transistor/five_transistor_ota.yaml,five_transistor_ota,Five transistor,2,power,Power,total_power,max,0.0002,0.0001792416,W,True,1.1158124006926964,1.1158124006926964,0.10379200000000004
diagnosis_spice_postprocess_fallback__five_transistor_ota__seed_3,diagnosis_spice_postprocess_fallback,Diagnosis + repair,diagnosis_control,inputs/ota/five_transistor/five_transistor_ota.yaml,five_transistor_ota,Five transistor,3,dc_gain,Gain,dc_gain_db,min,25.0,25.4311052,dB,True,1.0172442080000001,1.0172442080000001,0.017244208000000042
diagnosis_spice_postprocess_fallback__five_transistor_ota__seed_3,diagnosis_spice_postprocess_fallback,Diagnosis + repair,diagnosis_control,inputs/ota/five_transistor/five_transistor_ota.yaml,five_transistor_ota,Five transistor,3,unity_gain_bandwidth,UGBW,unity_gain_bandwidth,min,25000000.0,50928320.53683241,Hz,True,2.037132821473296,1.5,1.0371328214732962
diagnosis_spice_postprocess_fallback__five_transistor_ota__seed_3,diagnosis_spice_postprocess_fallback,Diagnosis + repair,diagnosis_control,inputs/ota/five_transistor/five_transistor_ota.yaml,five_transistor_ota,Five transistor,3,phase_margin,Phase margin,phase_margin,min,60.0,89.93096767105925,deg,True,1.4988494611843208,1.4988494611843208,0.49884946118432083
diagnosis_spice_postprocess_fallback__five_transistor_ota__seed_3,diagnosis_spice_postprocess_fallback,Diagnosis + repair,diagnosis_control,inputs/ota/five_transistor/five_transistor_ota.yaml,five_transistor_ota,Five transistor,3,slew_rate,Slew rate,slew_rate,min,15000000.0,51588109.999999955,V/s,True,3.4392073333333304,1.5,2.4392073333333304
diagnosis_spice_postprocess_fallback__five_transistor_ota__seed_3,diagnosis_spice_postprocess_fallback,Diagnosis + repair,diagnosis_control,inputs/ota/five_transistor/five_transistor_ota.yaml,five_transistor_ota,Five transistor,3,output_swing,Output swing,output_swing,min,0.65,0.7302030099999999,V,True,1.123389246153846,1.123389246153846,0.12338924615384592
diagnosis_spice_postprocess_fallback__five_transistor_ota__seed_3,diagnosis_spice_postprocess_fallback,Diagnosis + repair,diagnosis_control,inputs/ota/five_transistor/five_transistor_ota.yaml,five_transistor_ota,Five transistor,3,power,Power,total_power,max,0.0002,6.470808e-05,W,True,3.0908041159620256,1.5,0.6764596
diagnosis_spice_postprocess_fallback__five_transistor_ota__seed_4,diagnosis_spice_postprocess_fallback,Diagnosis + repair,diagnosis_control,inputs/ota/five_transistor/five_transistor_ota.yaml,five_transistor_ota,Five transistor,4,dc_gain,Gain,dc_gain_db,min,25.0,25.5491761,dB,True,1.021967044,1.021967044,0.021967044000000015
diagnosis_spice_postprocess_fallback__five_transistor_ota__seed_4,diagnosis_spice_postprocess_fallback,Diagnosis + repair,diagnosis_control,inputs/ota/five_transistor/five_transistor_ota.yaml,five_transistor_ota,Five transistor,4,unity_gain_bandwidth,UGBW,unity_gain_bandwidth,min,25000000.0,99193509.22202393,Hz,True,3.9677403688809574,1.5,2.9677403688809574
diagnosis_spice_postprocess_fallback__five_transistor_ota__seed_4,diagnosis_spice_postprocess_fallback,Diagnosis + repair,diagnosis_control,inputs/ota/five_transistor/five_transistor_ota.yaml,five_transistor_ota,Five transistor,4,phase_margin,Phase margin,phase_margin,min,60.0,86.95786061226367,deg,True,1.4492976768710613,1.4492976768710613,0.4492976768710612
diagnosis_spice_postprocess_fallback__five_transistor_ota__seed_4,diagnosis_spice_postprocess_fallback,Diagnosis + repair,diagnosis_control,inputs/ota/five_transistor/five_transistor_ota.yaml,five_transistor_ota,Five transistor,4,slew_rate,Slew rate,slew_rate,min,15000000.0,103720831.24999979,V/s,True,6.914722083333319,1.5,5.914722083333319
diagnosis_spice_postprocess_fallback__five_transistor_ota__seed_4,diagnosis_spice_postprocess_fallback,Diagnosis + repair,diagnosis_control,inputs/ota/five_transistor/five_transistor_ota.yaml,five_transistor_ota,Five transistor,4,output_swing,Output swing,output_swing,min,0.65,0.70949908,V,True,1.091537046153846,1.091537046153846,0.09153704615384604
diagnosis_spice_postprocess_fallback__five_transistor_ota__seed_4,diagnosis_spice_postprocess_fallback,Diagnosis + repair,diagnosis_control,inputs/ota/five_transistor/five_transistor_ota.yaml,five_transistor_ota,Five transistor,4,power,Power,total_power,max,0.0002,0.0001362336,W,True,1.468066614990722,1.468066614990722,0.31883200000000006
diagnosis_spice_postprocess_fallback__five_transistor_ota__seed_5,diagnosis_spice_postprocess_fallback,Diagnosis + repair,diagnosis_control,inputs/ota/five_transistor/five_transistor_ota.yaml,five_transistor_ota,Five transistor,5,dc_gain,Gain,dc_gain_db,min,25.0,27.3003667,dB,True,1.092014668,1.092014668,0.09201466800000006
diagnosis_spice_postprocess_fallback__five_transistor_ota__seed_5,diagnosis_spice_postprocess_fallback,Diagnosis + repair,diagnosis_control,inputs/ota/five_transistor/five_transistor_ota.yaml,five_transistor_ota,Five transistor,5,unity_gain_bandwidth,UGBW,unity_gain_bandwidth,min,25000000.0,53781067.19672109,Hz,True,2.1512426878688435,1.5,1.1512426878688438
diagnosis_spice_postprocess_fallback__five_transistor_ota__seed_5,diagnosis_spice_postprocess_fallback,Diagnosis + repair,diagnosis_control,inputs/ota/five_transistor/five_transistor_ota.yaml,five_transistor_ota,Five transistor,5,phase_margin,Phase margin,phase_margin,min,60.0,82.05856168250894,deg,True,1.3676426947084823,1.3676426947084823,0.36764269470848226
diagnosis_spice_postprocess_fallback__five_transistor_ota__seed_5,diagnosis_spice_postprocess_fallback,Diagnosis + repair,diagnosis_control,inputs/ota/five_transistor/five_transistor_ota.yaml,five_transistor_ota,Five transistor,5,slew_rate,Slew rate,slew_rate,min,15000000.0,42074659.9999999,V/s,True,2.8049773333333268,1.5,1.8049773333333268
diagnosis_spice_postprocess_fallback__five_transistor_ota__seed_5,diagnosis_spice_postprocess_fallback,Diagnosis + repair,diagnosis_control,inputs/ota/five_transistor/five_transistor_ota.yaml,five_transistor_ota,Five transistor,5,output_swing,Output swing,output_swing,min,0.65,0.85346446,V,True,1.313022246153846,1.313022246153846,0.31302224615384605
diagnosis_spice_postprocess_fallback__five_transistor_ota__seed_5,diagnosis_spice_postprocess_fallback,Diagnosis + repair,diagnosis_control,inputs/ota/five_transistor/five_transistor_ota.yaml,five_transistor_ota,Five transistor,5,power,Power,total_power,max,0.0002,5.3700359999999996e-05,W,True,3.724369818004945,1.5,0.7314982
diagnosis_spice_postprocess_fallback__five_transistor_ota__seed_6,diagnosis_spice_postprocess_fallback,Diagnosis + repair,diagnosis_control,inputs/ota/five_transistor/five_transistor_ota.yaml,five_transistor_ota,Five transistor,6,dc_gain,Gain,dc_gain_db,min,25.0,26.4622347,dB,True,1.058489388,1.058489388,0.05848938799999999
diagnosis_spice_postprocess_fallback__five_transistor_ota__seed_6,diagnosis_spice_postprocess_fallback,Diagnosis + repair,diagnosis_control,inputs/ota/five_transistor/five_transistor_ota.yaml,five_transistor_ota,Five transistor,6,unity_gain_bandwidth,UGBW,unity_gain_bandwidth,min,25000000.0,48243296.36263958,Hz,True,1.9297318545055833,1.5,0.9297318545055834
diagnosis_spice_postprocess_fallback__five_transistor_ota__seed_6,diagnosis_spice_postprocess_fallback,Diagnosis + repair,diagnosis_control,inputs/ota/five_transistor/five_transistor_ota.yaml,five_transistor_ota,Five transistor,6,phase_margin,Phase margin,phase_margin,min,60.0,88.35015860264062,deg,True,1.4725026433773436,1.4725026433773436,0.47250264337734366
diagnosis_spice_postprocess_fallback__five_transistor_ota__seed_6,diagnosis_spice_postprocess_fallback,Diagnosis + repair,diagnosis_control,inputs/ota/five_transistor/five_transistor_ota.yaml,five_transistor_ota,Five transistor,6,slew_rate,Slew rate,slew_rate,min,15000000.0,45446575.00000018,V/s,True,3.0297716666666785,1.5,2.0297716666666785
diagnosis_spice_postprocess_fallback__five_transistor_ota__seed_6,diagnosis_spice_postprocess_fallback,Diagnosis + repair,diagnosis_control,inputs/ota/five_transistor/five_transistor_ota.yaml,five_transistor_ota,Five transistor,6,output_swing,Output swing,output_swing,min,0.65,0.6942387699999999,V,True,1.0680596461538459,1.0680596461538459,0.06805964615384595
diagnosis_spice_postprocess_fallback__five_transistor_ota__seed_6,diagnosis_spice_postprocess_fallback,Diagnosis + repair,diagnosis_control,inputs/ota/five_transistor/five_transistor_ota.yaml,five_transistor_ota,Five transistor,6,power,Power,total_power,max,0.0002,5.64738e-05,W,True,3.54146524583081,1.5,0.717631
diagnosis_spice_postprocess_fallback__five_transistor_ota__seed_7,diagnosis_spice_postprocess_fallback,Diagnosis + repair,diagnosis_control,inputs/ota/five_transistor/five_transistor_ota.yaml,five_transistor_ota,Five transistor,7,dc_gain,Gain,dc_gain_db,min,25.0,27.5042093,dB,True,1.100168372,1.100168372,0.10016837199999998
diagnosis_spice_postprocess_fallback__five_transistor_ota__seed_7,diagnosis_spice_postprocess_fallback,Diagnosis + repair,diagnosis_control,inputs/ota/five_transistor/five_transistor_ota.yaml,five_transistor_ota,Five transistor,7,unity_gain_bandwidth,UGBW,unity_gain_bandwidth,min,25000000.0,51344067.32178115,Hz,True,2.053762692871246,1.5,1.053762692871246
diagnosis_spice_postprocess_fallback__five_transistor_ota__seed_7,diagnosis_spice_postprocess_fallback,Diagnosis + repair,diagnosis_control,inputs/ota/five_transistor/five_transistor_ota.yaml,five_transistor_ota,Five transistor,7,phase_margin,Phase margin,phase_margin,min,60.0,81.0337751260899,deg,True,1.3505629187681651,1.3505629187681651,0.3505629187681651
diagnosis_spice_postprocess_fallback__five_transistor_ota__seed_7,diagnosis_spice_postprocess_fallback,Diagnosis + repair,diagnosis_control,inputs/ota/five_transistor/five_transistor_ota.yaml,five_transistor_ota,Five transistor,7,slew_rate,Slew rate,slew_rate,min,15000000.0,51323535.87498786,V/s,True,3.421569058332524,1.5,2.421569058332524
diagnosis_spice_postprocess_fallback__five_transistor_ota__seed_7,diagnosis_spice_postprocess_fallback,Diagnosis + repair,diagnosis_control,inputs/ota/five_transistor/five_transistor_ota.yaml,five_transistor_ota,Five transistor,7,output_swing,Output swing,output_swing,min,0.65,0.8676962100000001,V,True,1.3349172461538463,1.3349172461538463,0.3349172461538462
diagnosis_spice_postprocess_fallback__five_transistor_ota__seed_7,diagnosis_spice_postprocess_fallback,Diagnosis + repair,diagnosis_control,inputs/ota/five_transistor/five_transistor_ota.yaml,five_transistor_ota,Five transistor,7,power,Power,total_power,max,0.0002,4.83042e-05,W,True,4.140426712376978,1.5,0.758479
diagnosis_spice_postprocess_fallback__five_transistor_ota__seed_8,diagnosis_spice_postprocess_fallback,Diagnosis + repair,diagnosis_control,inputs/ota/five_transistor/five_transistor_ota.yaml,five_transistor_ota,Five transistor,8,dc_gain,Gain,dc_gain_db,min,25.0,27.4456698,dB,True,1.097826792,1.097826792,0.09782679200000004
diagnosis_spice_postprocess_fallback__five_transistor_ota__seed_8,diagnosis_spice_postprocess_fallback,Diagnosis + repair,diagnosis_control,inputs/ota/five_transistor/five_transistor_ota.yaml,five_transistor_ota,Five transistor,8,unity_gain_bandwidth,UGBW,unity_gain_bandwidth,min,25000000.0,53145963.0862365,Hz,True,2.12583852344946,1.5,1.12583852344946
diagnosis_spice_postprocess_fallback__five_transistor_ota__seed_8,diagnosis_spice_postprocess_fallback,Diagnosis + repair,diagnosis_control,inputs/ota/five_transistor/five_transistor_ota.yaml,five_transistor_ota,Five transistor,8,phase_margin,Phase margin,phase_margin,min,60.0,81.82407830520671,deg,True,1.3637346384201119,1.3637346384201119,0.36373463842011183
diagnosis_spice_postprocess_fallback__five_transistor_ota__seed_8,diagnosis_spice_postprocess_fallback,Diagnosis + repair,diagnosis_control,inputs/ota/five_transistor/five_transistor_ota.yaml,five_transistor_ota,Five transistor,8,slew_rate,Slew rate,slew_rate,min,15000000.0,34667273.75000004,V/s,True,2.311151583333336,1.5,1.3111515833333358
diagnosis_spice_postprocess_fallback__five_transistor_ota__seed_8,diagnosis_spice_postprocess_fallback,Diagnosis + repair,diagnosis_control,inputs/ota/five_transistor/five_transistor_ota.yaml,five_transistor_ota,Five transistor,8,output_swing,Output swing,output_swing,min,0.65,0.8561732699999999,V,True,1.317189646153846,1.317189646153846,0.31718964615384593
diagnosis_spice_postprocess_fallback__five_transistor_ota__seed_8,diagnosis_spice_postprocess_fallback,Diagnosis + repair,diagnosis_control,inputs/ota/five_transistor/five_transistor_ota.yaml,five_transistor_ota,Five transistor,8,power,Power,total_power,max,0.0002,4.2996840000000004e-05,W,True,4.651504622200143,1.5,0.7850157999999999
diagnosis_spice_postprocess_fallback__five_transistor_ota__seed_9,diagnosis_spice_postprocess_fallback,Diagnosis + repair,diagnosis_control,inputs/ota/five_transistor/five_transistor_ota.yaml,five_transistor_ota,Five transistor,9,dc_gain,Gain,dc_gain_db,min,25.0,26.7334054,dB,True,1.069336216,1.069336216,0.06933621599999995
diagnosis_spice_postprocess_fallback__five_transistor_ota__seed_9,diagnosis_spice_postprocess_fallback,Diagnosis + repair,diagnosis_control,inputs/ota/five_transistor/five_transistor_ota.yaml,five_transistor_ota,Five transistor,9,unity_gain_bandwidth,UGBW,unity_gain_bandwidth,min,25000000.0,46727636.10256413,Hz,True,1.8691054441025654,1.5,0.8691054441025653
diagnosis_spice_postprocess_fallback__five_transistor_ota__seed_9,diagnosis_spice_postprocess_fallback,Diagnosis + repair,diagnosis_control,inputs/ota/five_transistor/five_transistor_ota.yaml,five_transistor_ota,Five transistor,9,phase_margin,Phase margin,phase_margin,min,60.0,88.14690069174874,deg,True,1.4691150115291456,1.4691150115291456,0.4691150115291457
diagnosis_spice_postprocess_fallback__five_transistor_ota__seed_9,diagnosis_spice_postprocess_fallback,Diagnosis + repair,diagnosis_control,inputs/ota/five_transistor/five_transistor_ota.yaml,five_transistor_ota,Five transistor,9,slew_rate,Slew rate,slew_rate,min,15000000.0,48227299.99999994,V/s,True,3.2151533333333293,1.5,2.2151533333333293
diagnosis_spice_postprocess_fallback__five_transistor_ota__seed_9,diagnosis_spice_postprocess_fallback,Diagnosis + repair,diagnosis_control,inputs/ota/five_transistor/five_transistor_ota.yaml,five_transistor_ota,Five transistor,9,output_swing,Output swing,output_swing,min,0.65,0.6640023299999999,V,True,1.0215420461538458,1.0215420461538458,0.021542046153845907
diagnosis_spice_postprocess_fallback__five_transistor_ota__seed_9,diagnosis_spice_postprocess_fallback,Diagnosis + repair,diagnosis_control,inputs/ota/five_transistor/five_transistor_ota.yaml,five_transistor_ota,Five transistor,9,power,Power,total_power,max,0.0002,6.196091999999999e-05,W,True,3.2278410327025493,1.5,0.6901954
diagnosis_spice_postprocess_fallback__five_transistor_ota__seed_10,diagnosis_spice_postprocess_fallback,Diagnosis + repair,diagnosis_control,inputs/ota/five_transistor/five_transistor_ota.yaml,five_transistor_ota,Five transistor,10,dc_gain,Gain,dc_gain_db,min,25.0,27.009557,dB,True,1.08038228,1.08038228,0.08038228000000004
diagnosis_spice_postprocess_fallback__five_transistor_ota__seed_10,diagnosis_spice_postprocess_fallback,Diagnosis + repair,diagnosis_control,inputs/ota/five_transistor/five_transistor_ota.yaml,five_transistor_ota,Five transistor,10,unity_gain_bandwidth,UGBW,unity_gain_bandwidth,min,25000000.0,66029754.40077281,Hz,True,2.6411901760309124,1.5,1.6411901760309124
diagnosis_spice_postprocess_fallback__five_transistor_ota__seed_10,diagnosis_spice_postprocess_fallback,Diagnosis + repair,diagnosis_control,inputs/ota/five_transistor/five_transistor_ota.yaml,five_transistor_ota,Five transistor,10,phase_margin,Phase margin,phase_margin,min,60.0,83.68556700371352,deg,True,1.3947594500618918,1.3947594500618918,0.39475945006189195
diagnosis_spice_postprocess_fallback__five_transistor_ota__seed_10,diagnosis_spice_postprocess_fallback,Diagnosis + repair,diagnosis_control,inputs/ota/five_transistor/five_transistor_ota.yaml,five_transistor_ota,Five transistor,10,slew_rate,Slew rate,slew_rate,min,15000000.0,52713183.74999997,V/s,True,3.514212249999998,1.5,2.514212249999998
diagnosis_spice_postprocess_fallback__five_transistor_ota__seed_10,diagnosis_spice_postprocess_fallback,Diagnosis + repair,diagnosis_control,inputs/ota/five_transistor/five_transistor_ota.yaml,five_transistor_ota,Five transistor,10,output_swing,Output swing,output_swing,min,0.65,0.75938294,V,True,1.168281446153846,1.168281446153846,0.16828144615384605
diagnosis_spice_postprocess_fallback__five_transistor_ota__seed_10,diagnosis_spice_postprocess_fallback,Diagnosis + repair,diagnosis_control,inputs/ota/five_transistor/five_transistor_ota.yaml,five_transistor_ota,Five transistor,10,power,Power,total_power,max,0.0002,6.571116e-05,W,True,3.043623031460714,1.5,0.6714441999999999
llm_full_residual_escape_postprocess_fallback__five_transistor_ota__seed_1,llm_full_residual_escape_postprocess_fallback,LLM diagnosis + repair,llm_full,inputs/ota/five_transistor/five_transistor_ota.yaml,five_transistor_ota,Five transistor,1,dc_gain,Gain,dc_gain_db,min,25.0,27.0279951,dB,True,1.0811198039999999,1.0811198039999999,0.08111980399999993
llm_full_residual_escape_postprocess_fallback__five_transistor_ota__seed_1,llm_full_residual_escape_postprocess_fallback,LLM diagnosis + repair,llm_full,inputs/ota/five_transistor/five_transistor_ota.yaml,five_transistor_ota,Five transistor,1,unity_gain_bandwidth,UGBW,unity_gain_bandwidth,min,25000000.0,85931078.96589276,Hz,True,3.4372431586357104,1.5,2.4372431586357104
llm_full_residual_escape_postprocess_fallback__five_transistor_ota__seed_1,llm_full_residual_escape_postprocess_fallback,LLM diagnosis + repair,llm_full,inputs/ota/five_transistor/five_transistor_ota.yaml,five_transistor_ota,Five transistor,1,phase_margin,Phase margin,phase_margin,min,60.0,81.666529600726,deg,True,1.3611088266787665,1.3611088266787665,0.3611088266787666
llm_full_residual_escape_postprocess_fallback__five_transistor_ota__seed_1,llm_full_residual_escape_postprocess_fallback,LLM diagnosis + repair,llm_full,inputs/ota/five_transistor/five_transistor_ota.yaml,five_transistor_ota,Five transistor,1,slew_rate,Slew rate,slew_rate,min,15000000.0,71869955.7875555,V/s,True,4.791330385837034,1.5,3.7913303858370333
llm_full_residual_escape_postprocess_fallback__five_transistor_ota__seed_1,llm_full_residual_escape_postprocess_fallback,LLM diagnosis + repair,llm_full,inputs/ota/five_transistor/five_transistor_ota.yaml,five_transistor_ota,Five transistor,1,output_swing,Output swing,output_swing,min,0.65,0.8683822,V,True,1.3359726153846154,1.3359726153846154,0.3359726153846153
llm_full_residual_escape_postprocess_fallback__five_transistor_ota__seed_1,llm_full_residual_escape_postprocess_fallback,LLM diagnosis + repair,llm_full,inputs/ota/five_transistor/five_transistor_ota.yaml,five_transistor_ota,Five transistor,1,power,Power,total_power,max,0.0002,9.099671999999999e-05,W,True,2.1978814181434236,1.5,0.5450164000000001
llm_full_residual_escape_postprocess_fallback__five_transistor_ota__seed_2,llm_full_residual_escape_postprocess_fallback,LLM diagnosis + repair,llm_full,inputs/ota/five_transistor/five_transistor_ota.yaml,five_transistor_ota,Five transistor,2,dc_gain,Gain,dc_gain_db,min,25.0,25.9521225,dB,True,1.0380849,1.0380849,0.03808490000000006
llm_full_residual_escape_postprocess_fallback__five_transistor_ota__seed_2,llm_full_residual_escape_postprocess_fallback,LLM diagnosis + repair,llm_full,inputs/ota/five_transistor/five_transistor_ota.yaml,five_transistor_ota,Five transistor,2,unity_gain_bandwidth,UGBW,unity_gain_bandwidth,min,25000000.0,25883007.8562568,Hz,True,1.035320314250272,1.035320314250272,0.035320314250272065
llm_full_residual_escape_postprocess_fallback__five_transistor_ota__seed_2,llm_full_residual_escape_postprocess_fallback,LLM diagnosis + repair,llm_full,inputs/ota/five_transistor/five_transistor_ota.yaml,five_transistor_ota,Five transistor,2,phase_margin,Phase margin,phase_margin,min,60.0,90.50624302060804,deg,True,1.5084373836768006,1.5,0.5084373836768007
llm_full_residual_escape_postprocess_fallback__five_transistor_ota__seed_2,llm_full_residual_escape_postprocess_fallback,LLM diagnosis + repair,llm_full,inputs/ota/five_transistor/five_transistor_ota.yaml,five_transistor_ota,Five transistor,2,slew_rate,Slew rate,slew_rate,min,15000000.0,28949372.2507849,V/s,True,1.9299581500523266,1.5,0.9299581500523266
llm_full_residual_escape_postprocess_fallback__five_transistor_ota__seed_2,llm_full_residual_escape_postprocess_fallback,LLM diagnosis + repair,llm_full,inputs/ota/five_transistor/five_transistor_ota.yaml,five_transistor_ota,Five transistor,2,output_swing,Output swing,output_swing,min,0.65,0.7130975999999999,V,True,1.0970732307692306,1.0970732307692306,0.09707323076923056
llm_full_residual_escape_postprocess_fallback__five_transistor_ota__seed_2,llm_full_residual_escape_postprocess_fallback,LLM diagnosis + repair,llm_full,inputs/ota/five_transistor/five_transistor_ota.yaml,five_transistor_ota,Five transistor,2,power,Power,total_power,max,0.0002,3.44514e-05,W,True,5.805279321014531,1.5,0.8277429999999999
llm_full_residual_escape_postprocess_fallback__five_transistor_ota__seed_3,llm_full_residual_escape_postprocess_fallback,LLM diagnosis + repair,llm_full,inputs/ota/five_transistor/five_transistor_ota.yaml,five_transistor_ota,Five transistor,3,dc_gain,Gain,dc_gain_db,min,25.0,26.6203406,dB,True,1.064813624,1.064813624,0.06481362399999994
llm_full_residual_escape_postprocess_fallback__five_transistor_ota__seed_3,llm_full_residual_escape_postprocess_fallback,LLM diagnosis + repair,llm_full,inputs/ota/five_transistor/five_transistor_ota.yaml,five_transistor_ota,Five transistor,3,unity_gain_bandwidth,UGBW,unity_gain_bandwidth,min,25000000.0,84021789.254878,Hz,True,3.36087157019512,1.5,2.36087157019512
llm_full_residual_escape_postprocess_fallback__five_transistor_ota__seed_3,llm_full_residual_escape_postprocess_fallback,LLM diagnosis + repair,llm_full,inputs/ota/five_transistor/five_transistor_ota.yaml,five_transistor_ota,Five transistor,3,phase_margin,Phase margin,phase_margin,min,60.0,83.37395865131786,deg,True,1.3895659775219644,1.3895659775219644,0.38956597752196437
llm_full_residual_escape_postprocess_fallback__five_transistor_ota__seed_3,llm_full_residual_escape_postprocess_fallback,LLM diagnosis + repair,llm_full,inputs/ota/five_transistor/five_transistor_ota.yaml,five_transistor_ota,Five transistor,3,slew_rate,Slew rate,slew_rate,min,15000000.0,82004616.08573693,V/s,True,5.466974405715796,1.5,4.466974405715796
llm_full_residual_escape_postprocess_fallback__five_transistor_ota__seed_3,llm_full_residual_escape_postprocess_fallback,LLM diagnosis + repair,llm_full,inputs/ota/five_transistor/five_transistor_ota.yaml,five_transistor_ota,Five transistor,3,output_swing,Output swing,output_swing,min,0.65,0.7940586,V,True,1.2216286153846152,1.2216286153846152,0.22162861538461526
llm_full_residual_escape_postprocess_fallback__five_transistor_ota__seed_3,llm_full_residual_escape_postprocess_fallback,LLM diagnosis + repair,llm_full,inputs/ota/five_transistor/five_transistor_ota.yaml,five_transistor_ota,Five transistor,3,power,Power,total_power,max,0.0002,9.380735999999999e-05,W,True,2.1320288727878074,1.5,0.5309632000000001
llm_full_residual_escape_postprocess_fallback__five_transistor_ota__seed_4,llm_full_residual_escape_postprocess_fallback,LLM diagnosis + repair,llm_full,inputs/ota/five_transistor/five_transistor_ota.yaml,five_transistor_ota,Five transistor,4,dc_gain,Gain,dc_gain_db,min,25.0,26.7215683,dB,True,1.0688627320000001,1.0688627320000001,0.06886273200000005
llm_full_residual_escape_postprocess_fallback__five_transistor_ota__seed_4,llm_full_residual_escape_postprocess_fallback,LLM diagnosis + repair,llm_full,inputs/ota/five_transistor/five_transistor_ota.yaml,five_transistor_ota,Five transistor,4,unity_gain_bandwidth,UGBW,unity_gain_bandwidth,min,25000000.0,47142048.653681226,Hz,True,1.885681946147249,1.5,0.885681946147249
llm_full_residual_escape_postprocess_fallback__five_transistor_ota__seed_4,llm_full_residual_escape_postprocess_fallback,LLM diagnosis + repair,llm_full,inputs/ota/five_transistor/five_transistor_ota.yaml,five_transistor_ota,Five transistor,4,phase_margin,Phase margin,phase_margin,min,60.0,87.2481944142067,deg,True,1.4541365735701115,1.4541365735701115,0.45413657357011156
llm_full_residual_escape_postprocess_fallback__five_transistor_ota__seed_4,llm_full_residual_escape_postprocess_fallback,LLM diagnosis + repair,llm_full,inputs/ota/five_transistor/five_transistor_ota.yaml,five_transistor_ota,Five transistor,4,slew_rate,Slew rate,slew_rate,min,15000000.0,42683234.87968003,V/s,True,2.8455489919786685,1.5,1.8455489919786687
llm_full_residual_escape_postprocess_fallback__five_transistor_ota__seed_4,llm_full_residual_escape_postprocess_fallback,LLM diagnosis + repair,llm_full,inputs/ota/five_transistor/five_transistor_ota.yaml,five_transistor_ota,Five transistor,4,output_swing,Output swing,output_swing,min,0.65,0.807094,V,True,1.241683076923077,1.241683076923077,0.24168307692307683
llm_full_residual_escape_postprocess_fallback__five_transistor_ota__seed_4,llm_full_residual_escape_postprocess_fallback,LLM diagnosis + repair,llm_full,inputs/ota/five_transistor/five_transistor_ota.yaml,five_transistor_ota,Five transistor,4,power,Power,total_power,max,0.0002,5.084568e-05,W,True,3.9334708474741613,1.5,0.7457716
llm_full_residual_escape_postprocess_fallback__five_transistor_ota__seed_5,llm_full_residual_escape_postprocess_fallback,LLM diagnosis + repair,llm_full,inputs/ota/five_transistor/five_transistor_ota.yaml,five_transistor_ota,Five transistor,5,dc_gain,Gain,dc_gain_db,min,25.0,27.2402642,dB,True,1.089610568,1.089610568,0.08961056799999995
llm_full_residual_escape_postprocess_fallback__five_transistor_ota__seed_5,llm_full_residual_escape_postprocess_fallback,LLM diagnosis + repair,llm_full,inputs/ota/five_transistor/five_transistor_ota.yaml,five_transistor_ota,Five transistor,5,unity_gain_bandwidth,UGBW,unity_gain_bandwidth,min,25000000.0,55733309.422380425,Hz,True,2.229332376895217,1.5,1.229332376895217
llm_full_residual_escape_postprocess_fallback__five_transistor_ota__seed_5,llm_full_residual_escape_postprocess_fallback,LLM diagnosis + repair,llm_full,inputs/ota/five_transistor/five_transistor_ota.yaml,five_transistor_ota,Five transistor,5,phase_margin,Phase margin,phase_margin,min,60.0,82.50147357381218,deg,True,1.3750245595635362,1.3750245595635362,0.3750245595635363
llm_full_residual_escape_postprocess_fallback__five_transistor_ota__seed_5,llm_full_residual_escape_postprocess_fallback,LLM diagnosis + repair,llm_full,inputs/ota/five_transistor/five_transistor_ota.yaml,five_transistor_ota,Five transistor,5,slew_rate,Slew rate,slew_rate,min,15000000.0,43613055.327430785,V/s,True,2.907537021828719,1.5,1.9075370218287189
llm_full_residual_escape_postprocess_fallback__five_transistor_ota__seed_5,llm_full_residual_escape_postprocess_fallback,LLM diagnosis + repair,llm_full,inputs/ota/five_transistor/five_transistor_ota.yaml,five_transistor_ota,Five transistor,5,output_swing,Output swing,output_swing,min,0.65,0.9275858,V,True,1.427055076923077,1.427055076923077,0.4270550769230769
llm_full_residual_escape_postprocess_fallback__five_transistor_ota__seed_5,llm_full_residual_escape_postprocess_fallback,LLM diagnosis + repair,llm_full,inputs/ota/five_transistor/five_transistor_ota.yaml,five_transistor_ota,Five transistor,5,power,Power,total_power,max,0.0002,5.517096e-05,W,True,3.6250955212669855,1.5,0.7241452
llm_full_residual_escape_postprocess_fallback__five_transistor_ota__seed_6,llm_full_residual_escape_postprocess_fallback,LLM diagnosis + repair,llm_full,inputs/ota/five_transistor/five_transistor_ota.yaml,five_transistor_ota,Five transistor,6,dc_gain,Gain,dc_gain_db,min,25.0,25.8312184,dB,True,1.033248736,1.033248736,0.033248736000000036
llm_full_residual_escape_postprocess_fallback__five_transistor_ota__seed_6,llm_full_residual_escape_postprocess_fallback,LLM diagnosis + repair,llm_full,inputs/ota/five_transistor/five_transistor_ota.yaml,five_transistor_ota,Five transistor,6,unity_gain_bandwidth,UGBW,unity_gain_bandwidth,min,25000000.0,28352314.99635645,Hz,True,1.134092599854258,1.134092599854258,0.134092599854258
llm_full_residual_escape_postprocess_fallback__five_transistor_ota__seed_6,llm_full_residual_escape_postprocess_fallback,LLM diagnosis + repair,llm_full,inputs/ota/five_transistor/five_transistor_ota.yaml,five_transistor_ota,Five transistor,6,phase_margin,Phase margin,phase_margin,min,60.0,90.01767202193803,deg,True,1.500294533698967,1.5,0.5002945336989671
llm_full_residual_escape_postprocess_fallback__five_transistor_ota__seed_6,llm_full_residual_escape_postprocess_fallback,LLM diagnosis + repair,llm_full,inputs/ota/five_transistor/five_transistor_ota.yaml,five_transistor_ota,Five transistor,6,slew_rate,Slew rate,slew_rate,min,15000000.0,18919230.725961577,V/s,True,1.2612820483974385,1.2612820483974385,0.26128204839743846
llm_full_residual_escape_postprocess_fallback__five_transistor_ota__seed_6,llm_full_residual_escape_postprocess_fallback,LLM diagnosis + repair,llm_full,inputs/ota/five_transistor/five_transistor_ota.yaml,five_transistor_ota,Five transistor,6,output_swing,Output swing,output_swing,min,0.65,0.8537357999999999,V,True,1.313439692307692,1.313439692307692,0.31343969230769214
llm_full_residual_escape_postprocess_fallback__five_transistor_ota__seed_6,llm_full_residual_escape_postprocess_fallback,LLM diagnosis + repair,llm_full,inputs/ota/five_transistor/five_transistor_ota.yaml,five_transistor_ota,Five transistor,6,power,Power,total_power,max,0.0002,2.2511159999999996e-05,W,True,8.88448218572477,1.5,0.8874442
llm_full_residual_escape_postprocess_fallback__five_transistor_ota__seed_7,llm_full_residual_escape_postprocess_fallback,LLM diagnosis + repair,llm_full,inputs/ota/five_transistor/five_transistor_ota.yaml,five_transistor_ota,Five transistor,7,dc_gain,Gain,dc_gain_db,min,25.0,27.0571796,dB,True,1.0822871840000001,1.0822871840000001,0.08228718400000005
llm_full_residual_escape_postprocess_fallback__five_transistor_ota__seed_7,llm_full_residual_escape_postprocess_fallback,LLM diagnosis + repair,llm_full,inputs/ota/five_transistor/five_transistor_ota.yaml,five_transistor_ota,Five transistor,7,unity_gain_bandwidth,UGBW,unity_gain_bandwidth,min,25000000.0,81017302.23501262,Hz,True,3.240692089400505,1.5,2.240692089400505
llm_full_residual_escape_postprocess_fallback__five_transistor_ota__seed_7,llm_full_residual_escape_postprocess_fallback,LLM diagnosis + repair,llm_full,inputs/ota/five_transistor/five_transistor_ota.yaml,five_transistor_ota,Five transistor,7,phase_margin,Phase margin,phase_margin,min,60.0,82.36632262343564,deg,True,1.3727720437239272,1.3727720437239272,0.37277204372392725
llm_full_residual_escape_postprocess_fallback__five_transistor_ota__seed_7,llm_full_residual_escape_postprocess_fallback,LLM diagnosis + repair,llm_full,inputs/ota/five_transistor/five_transistor_ota.yaml,five_transistor_ota,Five transistor,7,slew_rate,Slew rate,slew_rate,min,15000000.0,70454855.21268114,V/s,True,4.6969903475120764,1.5,3.6969903475120764
llm_full_residual_escape_postprocess_fallback__five_transistor_ota__seed_7,llm_full_residual_escape_postprocess_fallback,LLM diagnosis + repair,llm_full,inputs/ota/five_transistor/five_transistor_ota.yaml,five_transistor_ota,Five transistor,7,output_swing,Output swing,output_swing,min,0.65,0.8654129,V,True,1.3314044615384615,1.3314044615384615,0.33140446153846154
llm_full_residual_escape_postprocess_fallback__five_transistor_ota__seed_7,llm_full_residual_escape_postprocess_fallback,LLM diagnosis + repair,llm_full,inputs/ota/five_transistor/five_transistor_ota.yaml,five_transistor_ota,Five transistor,7,power,Power,total_power,max,0.0002,8.945832e-05,W,True,2.2356780230167526,1.5,0.5527084
llm_full_residual_escape_postprocess_fallback__five_transistor_ota__seed_8,llm_full_residual_escape_postprocess_fallback,LLM diagnosis + repair,llm_full,inputs/ota/five_transistor/five_transistor_ota.yaml,five_transistor_ota,Five transistor,8,dc_gain,Gain,dc_gain_db,min,25.0,27.2622914,dB,True,1.090491656,1.090491656,0.09049165599999995
llm_full_residual_escape_postprocess_fallback__five_transistor_ota__seed_8,llm_full_residual_escape_postprocess_fallback,LLM diagnosis + repair,llm_full,inputs/ota/five_transistor/five_transistor_ota.yaml,five_transistor_ota,Five transistor,8,unity_gain_bandwidth,UGBW,unity_gain_bandwidth,min,25000000.0,32855962.927457556,Hz,True,1.3142385170983022,1.3142385170983022,0.31423851709830225
llm_full_residual_escape_postprocess_fallback__five_transistor_ota__seed_8,llm_full_residual_escape_postprocess_fallback,LLM diagnosis + repair,llm_full,inputs/ota/five_transistor/five_transistor_ota.yaml,five_transistor_ota,Five transistor,8,phase_margin,Phase margin,phase_margin,min,60.0,86.45308071918271,deg,True,1.4408846786530451,1.4408846786530451,0.44088467865304515
llm_full_residual_escape_postprocess_fallback__five_transistor_ota__seed_8,llm_full_residual_escape_postprocess_fallback,LLM diagnosis + repair,llm_full,inputs/ota/five_transistor/five_transistor_ota.yaml,five_transistor_ota,Five transistor,8,slew_rate,Slew rate,slew_rate,min,15000000.0,26168029.789962664,V/s,True,1.7445353193308444,1.5,0.7445353193308443
llm_full_residual_escape_postprocess_fallback__five_transistor_ota__seed_8,llm_full_residual_escape_postprocess_fallback,LLM diagnosis + repair,llm_full,inputs/ota/five_transistor/five_transistor_ota.yaml,five_transistor_ota,Five transistor,8,output_swing,Output swing,output_swing,min,0.65,0.924407,V,True,1.4221646153846152,1.4221646153846152,0.4221646153846153
llm_full_residual_escape_postprocess_fallback__five_transistor_ota__seed_8,llm_full_residual_escape_postprocess_fallback,LLM diagnosis + repair,llm_full,inputs/ota/five_transistor/five_transistor_ota.yaml,five_transistor_ota,Five transistor,8,power,Power,total_power,max,0.0002,3.233196e-05,W,True,6.185829748644995,1.5,0.8383402
llm_full_residual_escape_postprocess_fallback__five_transistor_ota__seed_9,llm_full_residual_escape_postprocess_fallback,LLM diagnosis + repair,llm_full,inputs/ota/five_transistor/five_transistor_ota.yaml,five_transistor_ota,Five transistor,9,dc_gain,Gain,dc_gain_db,min,25.0,26.957907,dB,True,1.07831628,1.07831628,0.07831627999999995
llm_full_residual_escape_postprocess_fallback__five_transistor_ota__seed_9,llm_full_residual_escape_postprocess_fallback,LLM diagnosis + repair,llm_full,inputs/ota/five_transistor/five_transistor_ota.yaml,five_transistor_ota,Five transistor,9,unity_gain_bandwidth,UGBW,unity_gain_bandwidth,min,25000000.0,63386057.76264357,Hz,True,2.5354423105057426,1.5,1.5354423105057426
llm_full_residual_escape_postprocess_fallback__five_transistor_ota__seed_9,llm_full_residual_escape_postprocess_fallback,LLM diagnosis + repair,llm_full,inputs/ota/five_transistor/five_transistor_ota.yaml,five_transistor_ota,Five transistor,9,phase_margin,Phase margin,phase_margin,min,60.0,84.75473501126594,deg,True,1.4125789168544323,1.4125789168544323,0.41257891685443226
llm_full_residual_escape_postprocess_fallback__five_transistor_ota__seed_9,llm_full_residual_escape_postprocess_fallback,LLM diagnosis + repair,llm_full,inputs/ota/five_transistor/five_transistor_ota.yaml,five_transistor_ota,Five transistor,9,slew_rate,Slew rate,slew_rate,min,15000000.0,54896969.81628764,V/s,True,3.6597979877525093,1.5,2.6597979877525093
llm_full_residual_escape_postprocess_fallback__five_transistor_ota__seed_9,llm_full_residual_escape_postprocess_fallback,LLM diagnosis + repair,llm_full,inputs/ota/five_transistor/five_transistor_ota.yaml,five_transistor_ota,Five transistor,9,output_swing,Output swing,output_swing,min,0.65,0.8476573999999999,V,True,1.3040883076923075,1.3040883076923075,0.3040883076923075
llm_full_residual_escape_postprocess_fallback__five_transistor_ota__seed_9,llm_full_residual_escape_postprocess_fallback,LLM diagnosis + repair,llm_full,inputs/ota/five_transistor/five_transistor_ota.yaml,five_transistor_ota,Five transistor,9,power,Power,total_power,max,0.0002,6.852719999999999e-05,W,True,2.9185491308560696,1.5,0.6573640000000001
llm_full_residual_escape_postprocess_fallback__five_transistor_ota__seed_10,llm_full_residual_escape_postprocess_fallback,LLM diagnosis + repair,llm_full,inputs/ota/five_transistor/five_transistor_ota.yaml,five_transistor_ota,Five transistor,10,dc_gain,Gain,dc_gain_db,min,25.0,27.1800612,dB,True,1.087202448,1.087202448,0.08720244800000003
llm_full_residual_escape_postprocess_fallback__five_transistor_ota__seed_10,llm_full_residual_escape_postprocess_fallback,LLM diagnosis + repair,llm_full,inputs/ota/five_transistor/five_transistor_ota.yaml,five_transistor_ota,Five transistor,10,unity_gain_bandwidth,UGBW,unity_gain_bandwidth,min,25000000.0,79012957.27608725,Hz,True,3.1605182910434904,1.5,2.1605182910434904
llm_full_residual_escape_postprocess_fallback__five_transistor_ota__seed_10,llm_full_residual_escape_postprocess_fallback,LLM diagnosis + repair,llm_full,inputs/ota/five_transistor/five_transistor_ota.yaml,five_transistor_ota,Five transistor,10,phase_margin,Phase margin,phase_margin,min,60.0,79.836961512448,deg,True,1.3306160252074666,1.3306160252074666,0.33061602520746664
llm_full_residual_escape_postprocess_fallback__five_transistor_ota__seed_10,llm_full_residual_escape_postprocess_fallback,LLM diagnosis + repair,llm_full,inputs/ota/five_transistor/five_transistor_ota.yaml,five_transistor_ota,Five transistor,10,slew_rate,Slew rate,slew_rate,min,15000000.0,106092235.28839466,V/s,True,7.072815685892977,1.5,6.072815685892977
llm_full_residual_escape_postprocess_fallback__five_transistor_ota__seed_10,llm_full_residual_escape_postprocess_fallback,LLM diagnosis + repair,llm_full,inputs/ota/five_transistor/five_transistor_ota.yaml,five_transistor_ota,Five transistor,10,output_swing,Output swing,output_swing,min,0.65,0.9116183,V,True,1.4024896923076922,1.4024896923076922,0.40248969230769227
llm_full_residual_escape_postprocess_fallback__five_transistor_ota__seed_10,llm_full_residual_escape_postprocess_fallback,LLM diagnosis + repair,llm_full,inputs/ota/five_transistor/five_transistor_ota.yaml,five_transistor_ota,Five transistor,10,power,Power,total_power,max,0.0002,9.017052e-05,W,True,2.218019814014603,1.5,0.5491474000000001
llm_full_residual_escape_postprocess_fallback__current_mirror_ota_ihp130__seed_1,llm_full_residual_escape_postprocess_fallback,LLM diagnosis + repair,llm_full,inputs/ota/current_mirror/current_mirror_ota_ihp130.yaml,current_mirror_ota_ihp130,Current mirror,1,dc_gain,Gain,dc_gain_db,min,28.0,29.2615917,dB,True,1.0450568464285714,1.0450568464285714,0.04505684642857144
llm_full_residual_escape_postprocess_fallback__current_mirror_ota_ihp130__seed_1,llm_full_residual_escape_postprocess_fallback,LLM diagnosis + repair,llm_full,inputs/ota/current_mirror/current_mirror_ota_ihp130.yaml,current_mirror_ota_ihp130,Current mirror,1,unity_gain_bandwidth,UGBW,unity_gain_bandwidth,min,30000000.0,33959450.99185293,Hz,True,1.131981699728431,1.131981699728431,0.13198169972843105
llm_full_residual_escape_postprocess_fallback__current_mirror_ota_ihp130__seed_1,llm_full_residual_escape_postprocess_fallback,LLM diagnosis + repair,llm_full,inputs/ota/current_mirror/current_mirror_ota_ihp130.yaml,current_mirror_ota_ihp130,Current mirror,1,phase_margin,Phase margin,phase_margin,min,60.0,66.07723754017712,deg,True,1.1012872923362853,1.1012872923362853,0.10128729233628538
llm_full_residual_escape_postprocess_fallback__current_mirror_ota_ihp130__seed_1,llm_full_residual_escape_postprocess_fallback,LLM diagnosis + repair,llm_full,inputs/ota/current_mirror/current_mirror_ota_ihp130.yaml,current_mirror_ota_ihp130,Current mirror,1,slew_rate,Slew rate,slew_rate,min,25000000.0,36266066.703566566,V/s,True,1.4506426681426627,1.4506426681426627,0.45064266814266263
llm_full_residual_escape_postprocess_fallback__current_mirror_ota_ihp130__seed_1,llm_full_residual_escape_postprocess_fallback,LLM diagnosis + repair,llm_full,inputs/ota/current_mirror/current_mirror_ota_ihp130.yaml,current_mirror_ota_ihp130,Current mirror,1,output_swing,Output swing,output_swing,min,0.6,0.8847550000000001,V,True,1.4745916666666667,1.4745916666666667,0.47459166666666686
llm_full_residual_escape_postprocess_fallback__current_mirror_ota_ihp130__seed_1,llm_full_residual_escape_postprocess_fallback,LLM diagnosis + repair,llm_full,inputs/ota/current_mirror/current_mirror_ota_ihp130.yaml,current_mirror_ota_ihp130,Current mirror,1,power,Power,total_power,max,0.0003,5.1814199999999996e-05,W,True,5.789918593744572,1.5,0.8272860000000001
llm_full_residual_escape_postprocess_fallback__current_mirror_ota_ihp130__seed_2,llm_full_residual_escape_postprocess_fallback,LLM diagnosis + repair,llm_full,inputs/ota/current_mirror/current_mirror_ota_ihp130.yaml,current_mirror_ota_ihp130,Current mirror,2,dc_gain,Gain,dc_gain_db,min,28.0,28.8489609,dB,True,1.0303200321428572,1.0303200321428572,0.0303200321428572
llm_full_residual_escape_postprocess_fallback__current_mirror_ota_ihp130__seed_2,llm_full_residual_escape_postprocess_fallback,LLM diagnosis + repair,llm_full,inputs/ota/current_mirror/current_mirror_ota_ihp130.yaml,current_mirror_ota_ihp130,Current mirror,2,unity_gain_bandwidth,UGBW,unity_gain_bandwidth,min,30000000.0,36701235.753221944,Hz,True,1.2233745251073982,1.2233745251073982,0.22337452510739814
llm_full_residual_escape_postprocess_fallback__current_mirror_ota_ihp130__seed_2,llm_full_residual_escape_postprocess_fallback,LLM diagnosis + repair,llm_full,inputs/ota/current_mirror/current_mirror_ota_ihp130.yaml,current_mirror_ota_ihp130,Current mirror,2,phase_margin,Phase margin,phase_margin,min,60.0,68.48330492439361,deg,True,1.14138841540656,1.14138841540656,0.14138841540656014
llm_full_residual_escape_postprocess_fallback__current_mirror_ota_ihp130__seed_2,llm_full_residual_escape_postprocess_fallback,LLM diagnosis + repair,llm_full,inputs/ota/current_mirror/current_mirror_ota_ihp130.yaml,current_mirror_ota_ihp130,Current mirror,2,slew_rate,Slew rate,slew_rate,min,25000000.0,36610755.79825577,V/s,True,1.464430231930231,1.464430231930231,0.46443023193023086
llm_full_residual_escape_postprocess_fallback__current_mirror_ota_ihp130__seed_2,llm_full_residual_escape_postprocess_fallback,LLM diagnosis + repair,llm_full,inputs/ota/current_mirror/current_mirror_ota_ihp130.yaml,current_mirror_ota_ihp130,Current mirror,2,output_swing,Output swing,output_swing,min,0.6,0.842976,V,True,1.40496,1.40496,0.40496
llm_full_residual_escape_postprocess_fallback__current_mirror_ota_ihp130__seed_2,llm_full_residual_escape_postprocess_fallback,LLM diagnosis + repair,llm_full,inputs/ota/current_mirror/current_mirror_ota_ihp130.yaml,current_mirror_ota_ihp130,Current mirror,2,power,Power,total_power,max,0.0003,4.9692359999999996e-05,W,True,6.037145347896538,1.5,0.8343588000000001
llm_full_residual_escape_postprocess_fallback__current_mirror_ota_ihp130__seed_3,llm_full_residual_escape_postprocess_fallback,LLM diagnosis + repair,llm_full,inputs/ota/current_mirror/current_mirror_ota_ihp130.yaml,current_mirror_ota_ihp130,Current mirror,3,dc_gain,Gain,dc_gain_db,min,28.0,28.176925,dB,True,1.00631875,1.00631875,0.006318750000000024
llm_full_residual_escape_postprocess_fallback__current_mirror_ota_ihp130__seed_3,llm_full_residual_escape_postprocess_fallback,LLM diagnosis + repair,llm_full,inputs/ota/current_mirror/current_mirror_ota_ihp130.yaml,current_mirror_ota_ihp130,Current mirror,3,unity_gain_bandwidth,UGBW,unity_gain_bandwidth,min,30000000.0,36075259.488354884,Hz,True,1.2025086496118296,1.2025086496118296,0.20250864961182946
llm_full_residual_escape_postprocess_fallback__current_mirror_ota_ihp130__seed_3,llm_full_residual_escape_postprocess_fallback,LLM diagnosis + repair,llm_full,inputs/ota/current_mirror/current_mirror_ota_ihp130.yaml,current_mirror_ota_ihp130,Current mirror,3,phase_margin,Phase margin,phase_margin,min,60.0,69.62741431914266,deg,True,1.1604569053190443,1.1604569053190443,0.1604569053190443
llm_full_residual_escape_postprocess_fallback__current_mirror_ota_ihp130__seed_3,llm_full_residual_escape_postprocess_fallback,LLM diagnosis + repair,llm_full,inputs/ota/current_mirror/current_mirror_ota_ihp130.yaml,current_mirror_ota_ihp130,Current mirror,3,slew_rate,Slew rate,slew_rate,min,25000000.0,43511245.511245586,V/s,True,1.7404498204498235,1.5,0.7404498204498234
llm_full_residual_escape_postprocess_fallback__current_mirror_ota_ihp130__seed_3,llm_full_residual_escape_postprocess_fallback,LLM diagnosis + repair,llm_full,inputs/ota/current_mirror/current_mirror_ota_ihp130.yaml,current_mirror_ota_ihp130,Current mirror,3,output_swing,Output swing,output_swing,min,0.6,0.8478352999999998,V,True,1.4130588333333332,1.4130588333333332,0.41305883333333315
llm_full_residual_escape_postprocess_fallback__current_mirror_ota_ihp130__seed_3,llm_full_residual_escape_postprocess_fallback,LLM diagnosis + repair,llm_full,inputs/ota/current_mirror/current_mirror_ota_ihp130.yaml,current_mirror_ota_ihp130,Current mirror,3,power,Power,total_power,max,0.0003,6.630444e-05,W,True,4.524583874021106,1.5,0.7789851999999999
llm_full_residual_escape_postprocess_fallback__current_mirror_ota_ihp130__seed_4,llm_full_residual_escape_postprocess_fallback,LLM diagnosis + repair,llm_full,inputs/ota/current_mirror/current_mirror_ota_ihp130.yaml,current_mirror_ota_ihp130,Current mirror,4,dc_gain,Gain,dc_gain_db,min,28.0,29.2493592,dB,True,1.0446199714285715,1.0446199714285715,0.04461997142857145
llm_full_residual_escape_postprocess_fallback__current_mirror_ota_ihp130__seed_4,llm_full_residual_escape_postprocess_fallback,LLM diagnosis + repair,llm_full,inputs/ota/current_mirror/current_mirror_ota_ihp130.yaml,current_mirror_ota_ihp130,Current mirror,4,unity_gain_bandwidth,UGBW,unity_gain_bandwidth,min,30000000.0,35200898.38833442,Hz,True,1.1733632796111475,1.1733632796111475,0.17336327961114745
llm_full_residual_escape_postprocess_fallback__current_mirror_ota_ihp130__seed_4,llm_full_residual_escape_postprocess_fallback,LLM diagnosis + repair,llm_full,inputs/ota/current_mirror/current_mirror_ota_ihp130.yaml,current_mirror_ota_ihp130,Current mirror,4,phase_margin,Phase margin,phase_margin,min,60.0,65.97202744541796,deg,True,1.099533790756966,1.099533790756966,0.09953379075696607
llm_full_residual_escape_postprocess_fallback__current_mirror_ota_ihp130__seed_4,llm_full_residual_escape_postprocess_fallback,LLM diagnosis + repair,llm_full,inputs/ota/current_mirror/current_mirror_ota_ihp130.yaml,current_mirror_ota_ihp130,Current mirror,4,slew_rate,Slew rate,slew_rate,min,25000000.0,38202883.26538314,V/s,True,1.5281153306153257,1.5,0.5281153306153256
llm_full_residual_escape_postprocess_fallback__current_mirror_ota_ihp130__seed_4,llm_full_residual_escape_postprocess_fallback,LLM diagnosis + repair,llm_full,inputs/ota/current_mirror/current_mirror_ota_ihp130.yaml,current_mirror_ota_ihp130,Current mirror,4,output_swing,Output swing,output_swing,min,0.6,0.8799407999999999,V,True,1.4665679999999999,1.4665679999999999,0.4665679999999998
llm_full_residual_escape_postprocess_fallback__current_mirror_ota_ihp130__seed_4,llm_full_residual_escape_postprocess_fallback,LLM diagnosis + repair,llm_full,inputs/ota/current_mirror/current_mirror_ota_ihp130.yaml,current_mirror_ota_ihp130,Current mirror,4,power,Power,total_power,max,0.0003,5.49888e-05,W,True,5.455656424581005,1.5,0.816704
llm_full_residual_escape_postprocess_fallback__current_mirror_ota_ihp130__seed_5,llm_full_residual_escape_postprocess_fallback,LLM diagnosis + repair,llm_full,inputs/ota/current_mirror/current_mirror_ota_ihp130.yaml,current_mirror_ota_ihp130,Current mirror,5,dc_gain,Gain,dc_gain_db,min,28.0,28.8691756,dB,True,1.0310419857142856,1.0310419857142856,0.031041985714285656
llm_full_residual_escape_postprocess_fallback__current_mirror_ota_ihp130__seed_5,llm_full_residual_escape_postprocess_fallback,LLM diagnosis + repair,llm_full,inputs/ota/current_mirror/current_mirror_ota_ihp130.yaml,current_mirror_ota_ihp130,Current mirror,5,unity_gain_bandwidth,UGBW,unity_gain_bandwidth,min,30000000.0,30057394.469340052,Hz,True,1.0019131489780018,1.0019131489780018,0.0019131489780017485
llm_full_residual_escape_postprocess_fallback__current_mirror_ota_ihp130__seed_5,llm_full_residual_escape_postprocess_fallback,LLM diagnosis + repair,llm_full,inputs/ota/current_mirror/current_mirror_ota_ihp130.yaml,current_mirror_ota_ihp130,Current mirror,5,phase_margin,Phase margin,phase_margin,min,60.0,72.9702685010726,deg,True,1.2161711416845433,1.2161711416845433,0.21617114168454327
llm_full_residual_escape_postprocess_fallback__current_mirror_ota_ihp130__seed_5,llm_full_residual_escape_postprocess_fallback,LLM diagnosis + repair,llm_full,inputs/ota/current_mirror/current_mirror_ota_ihp130.yaml,current_mirror_ota_ihp130,Current mirror,5,slew_rate,Slew rate,slew_rate,min,25000000.0,33235951.54845151,V/s,True,1.3294380619380604,1.3294380619380604,0.32943806193806036
llm_full_residual_escape_postprocess_fallback__current_mirror_ota_ihp130__seed_5,llm_full_residual_escape_postprocess_fallback,LLM diagnosis + repair,llm_full,inputs/ota/current_mirror/current_mirror_ota_ihp130.yaml,current_mirror_ota_ihp130,Current mirror,5,output_swing,Output swing,output_swing,min,0.6,0.8056587,V,True,1.3427645,1.3427645,0.34276449999999997
llm_full_residual_escape_postprocess_fallback__current_mirror_ota_ihp130__seed_5,llm_full_residual_escape_postprocess_fallback,LLM diagnosis + repair,llm_full,inputs/ota/current_mirror/current_mirror_ota_ihp130.yaml,current_mirror_ota_ihp130,Current mirror,5,power,Power,total_power,max,0.0003,4.730736e-05,W,True,6.341507959860791,1.5,0.8423088000000001
llm_full_residual_escape_postprocess_fallback__current_mirror_ota_ihp130__seed_6,llm_full_residual_escape_postprocess_fallback,LLM diagnosis + repair,llm_full,inputs/ota/current_mirror/current_mirror_ota_ihp130.yaml,current_mirror_ota_ihp130,Current mirror,6,dc_gain,Gain,dc_gain_db,min,28.0,29.1353413,dB,True,1.0405479035714287,1.0405479035714287,0.04054790357142858
llm_full_residual_escape_postprocess_fallback__current_mirror_ota_ihp130__seed_6,llm_full_residual_escape_postprocess_fallback,LLM diagnosis + repair,llm_full,inputs/ota/current_mirror/current_mirror_ota_ihp130.yaml,current_mirror_ota_ihp130,Current mirror,6,unity_gain_bandwidth,UGBW,unity_gain_bandwidth,min,30000000.0,32516907.491690118,Hz,True,1.0838969163896706,1.0838969163896706,0.08389691638967059
llm_full_residual_escape_postprocess_fallback__current_mirror_ota_ihp130__seed_6,llm_full_residual_escape_postprocess_fallback,LLM diagnosis + repair,llm_full,inputs/ota/current_mirror/current_mirror_ota_ihp130.yaml,current_mirror_ota_ihp130,Current mirror,6,phase_margin,Phase margin,phase_margin,min,60.0,70.19206083512445,deg,True,1.1698676805854076,1.1698676805854076,0.16986768058540752
llm_full_residual_escape_postprocess_fallback__current_mirror_ota_ihp130__seed_6,llm_full_residual_escape_postprocess_fallback,LLM diagnosis + repair,llm_full,inputs/ota/current_mirror/current_mirror_ota_ihp130.yaml,current_mirror_ota_ihp130,Current mirror,6,slew_rate,Slew rate,slew_rate,min,25000000.0,38959283.95928396,V/s,True,1.5583713583713585,1.5,0.5583713583713585
llm_full_residual_escape_postprocess_fallback__current_mirror_ota_ihp130__seed_6,llm_full_residual_escape_postprocess_fallback,LLM diagnosis + repair,llm_full,inputs/ota/current_mirror/current_mirror_ota_ihp130.yaml,current_mirror_ota_ihp130,Current mirror,6,output_swing,Output swing,output_swing,min,0.6,0.8176034,V,True,1.3626723333333333,1.3626723333333333,0.3626723333333334
llm_full_residual_escape_postprocess_fallback__current_mirror_ota_ihp130__seed_6,llm_full_residual_escape_postprocess_fallback,LLM diagnosis + repair,llm_full,inputs/ota/current_mirror/current_mirror_ota_ihp130.yaml,current_mirror_ota_ihp130,Current mirror,6,power,Power,total_power,max,0.0003,6.0208559999999995e-05,W,True,4.982680203612244,1.5,0.7993047999999999
llm_full_residual_escape_postprocess_fallback__current_mirror_ota_ihp130__seed_7,llm_full_residual_escape_postprocess_fallback,LLM diagnosis + repair,llm_full,inputs/ota/current_mirror/current_mirror_ota_ihp130.yaml,current_mirror_ota_ihp130,Current mirror,7,dc_gain,Gain,dc_gain_db,min,28.0,28.9204783,dB,True,1.032874225,1.032874225,0.03287422499999997
llm_full_residual_escape_postprocess_fallback__current_mirror_ota_ihp130__seed_7,llm_full_residual_escape_postprocess_fallback,LLM diagnosis + repair,llm_full,inputs/ota/current_mirror/current_mirror_ota_ihp130.yaml,current_mirror_ota_ihp130,Current mirror,7,unity_gain_bandwidth,UGBW,unity_gain_bandwidth,min,30000000.0,32993562.01345168,Hz,True,1.0997854004483893,1.0997854004483893,0.09978540044838935
llm_full_residual_escape_postprocess_fallback__current_mirror_ota_ihp130__seed_7,llm_full_residual_escape_postprocess_fallback,LLM diagnosis + repair,llm_full,inputs/ota/current_mirror/current_mirror_ota_ihp130.yaml,current_mirror_ota_ihp130,Current mirror,7,phase_margin,Phase margin,phase_margin,min,60.0,72.15561624149919,deg,True,1.2025936040249865,1.2025936040249865,0.20259360402498647
llm_full_residual_escape_postprocess_fallback__current_mirror_ota_ihp130__seed_7,llm_full_residual_escape_postprocess_fallback,LLM diagnosis + repair,llm_full,inputs/ota/current_mirror/current_mirror_ota_ihp130.yaml,current_mirror_ota_ihp130,Current mirror,7,slew_rate,Slew rate,slew_rate,min,25000000.0,39411841.53684155,V/s,True,1.5764736614736619,1.5,0.576473661473662
llm_full_residual_escape_postprocess_fallback__current_mirror_ota_ihp130__seed_7,llm_full_residual_escape_postprocess_fallback,LLM diagnosis + repair,llm_full,inputs/ota/current_mirror/current_mirror_ota_ihp130.yaml,current_mirror_ota_ihp130,Current mirror,7,output_swing,Output swing,output_swing,min,0.6,0.7860796,V,True,1.3101326666666666,1.3101326666666666,0.3101326666666667
llm_full_residual_escape_postprocess_fallback__current_mirror_ota_ihp130__seed_7,llm_full_residual_escape_postprocess_fallback,LLM diagnosis + repair,llm_full,inputs/ota/current_mirror/current_mirror_ota_ihp130.yaml,current_mirror_ota_ihp130,Current mirror,7,power,Power,total_power,max,0.0003,6.076499999999999e-05,W,True,4.937052579609973,1.5,0.79745
llm_full_residual_escape_postprocess_fallback__current_mirror_ota_ihp130__seed_8,llm_full_residual_escape_postprocess_fallback,LLM diagnosis + repair,llm_full,inputs/ota/current_mirror/current_mirror_ota_ihp130.yaml,current_mirror_ota_ihp130,Current mirror,8,dc_gain,Gain,dc_gain_db,min,28.0,29.2179966,dB,True,1.0434998785714285,1.0434998785714285,0.04349987857142855
llm_full_residual_escape_postprocess_fallback__current_mirror_ota_ihp130__seed_8,llm_full_residual_escape_postprocess_fallback,LLM diagnosis + repair,llm_full,inputs/ota/current_mirror/current_mirror_ota_ihp130.yaml,current_mirror_ota_ihp130,Current mirror,8,unity_gain_bandwidth,UGBW,unity_gain_bandwidth,min,30000000.0,38248304.54561747,Hz,True,1.2749434848539156,1.2749434848539156,0.2749434848539156
llm_full_residual_escape_postprocess_fallback__current_mirror_ota_ihp130__seed_8,llm_full_residual_escape_postprocess_fallback,LLM diagnosis + repair,llm_full,inputs/ota/current_mirror/current_mirror_ota_ihp130.yaml,current_mirror_ota_ihp130,Current mirror,8,phase_margin,Phase margin,phase_margin,min,60.0,65.73983846012109,deg,True,1.0956639743353516,1.0956639743353516,0.09566397433535154
llm_full_residual_escape_postprocess_fallback__current_mirror_ota_ihp130__seed_8,llm_full_residual_escape_postprocess_fallback,LLM diagnosis + repair,llm_full,inputs/ota/current_mirror/current_mirror_ota_ihp130.yaml,current_mirror_ota_ihp130,Current mirror,8,slew_rate,Slew rate,slew_rate,min,25000000.0,43045714.4207139,V/s,True,1.7218285768285562,1.5,0.7218285768285561
llm_full_residual_escape_postprocess_fallback__current_mirror_ota_ihp130__seed_8,llm_full_residual_escape_postprocess_fallback,LLM diagnosis + repair,llm_full,inputs/ota/current_mirror/current_mirror_ota_ihp130.yaml,current_mirror_ota_ihp130,Current mirror,8,output_swing,Output swing,output_swing,min,0.6,0.8679984999999999,V,True,1.4466641666666666,1.4466641666666666,0.44666416666666653
llm_full_residual_escape_postprocess_fallback__current_mirror_ota_ihp130__seed_8,llm_full_residual_escape_postprocess_fallback,LLM diagnosis + repair,llm_full,inputs/ota/current_mirror/current_mirror_ota_ihp130.yaml,current_mirror_ota_ihp130,Current mirror,8,power,Power,total_power,max,0.0003,6.316116e-05,W,True,4.749754437695571,1.5,0.7894627999999999
llm_full_residual_escape_postprocess_fallback__current_mirror_ota_ihp130__seed_9,llm_full_residual_escape_postprocess_fallback,LLM diagnosis + repair,llm_full,inputs/ota/current_mirror/current_mirror_ota_ihp130.yaml,current_mirror_ota_ihp130,Current mirror,9,dc_gain,Gain,dc_gain_db,min,28.0,28.8466021,dB,True,1.0302357892857141,1.0302357892857141,0.030235789285714226
llm_full_residual_escape_postprocess_fallback__current_mirror_ota_ihp130__seed_9,llm_full_residual_escape_postprocess_fallback,LLM diagnosis + repair,llm_full,inputs/ota/current_mirror/current_mirror_ota_ihp130.yaml,current_mirror_ota_ihp130,Current mirror,9,unity_gain_bandwidth,UGBW,unity_gain_bandwidth,min,30000000.0,32367212.669052124,Hz,True,1.078907088968404,1.078907088968404,0.07890708896840413
llm_full_residual_escape_postprocess_fallback__current_mirror_ota_ihp130__seed_9,llm_full_residual_escape_postprocess_fallback,LLM diagnosis + repair,llm_full,inputs/ota/current_mirror/current_mirror_ota_ihp130.yaml,current_mirror_ota_ihp130,Current mirror,9,phase_margin,Phase margin,phase_margin,min,60.0,71.89109617945016,deg,True,1.1981849363241692,1.1981849363241692,0.1981849363241693
llm_full_residual_escape_postprocess_fallback__current_mirror_ota_ihp130__seed_9,llm_full_residual_escape_postprocess_fallback,LLM diagnosis + repair,llm_full,inputs/ota/current_mirror/current_mirror_ota_ihp130.yaml,current_mirror_ota_ihp130,Current mirror,9,slew_rate,Slew rate,slew_rate,min,25000000.0,35161652.536652505,V/s,True,1.4064661014661002,1.4064661014661002,0.40646610146610024
llm_full_residual_escape_postprocess_fallback__current_mirror_ota_ihp130__seed_9,llm_full_residual_escape_postprocess_fallback,LLM diagnosis + repair,llm_full,inputs/ota/current_mirror/current_mirror_ota_ihp130.yaml,current_mirror_ota_ihp130,Current mirror,9,output_swing,Output swing,output_swing,min,0.6,0.8116076,V,True,1.3526793333333333,1.3526793333333333,0.35267933333333334
llm_full_residual_escape_postprocess_fallback__current_mirror_ota_ihp130__seed_9,llm_full_residual_escape_postprocess_fallback,LLM diagnosis + repair,llm_full,inputs/ota/current_mirror/current_mirror_ota_ihp130.yaml,current_mirror_ota_ihp130,Current mirror,9,power,Power,total_power,max,0.0003,4.896672e-05,W,True,6.1266100731272175,1.5,0.8367776
llm_full_residual_escape_postprocess_fallback__current_mirror_ota_ihp130__seed_10,llm_full_residual_escape_postprocess_fallback,LLM diagnosis + repair,llm_full,inputs/ota/current_mirror/current_mirror_ota_ihp130.yaml,current_mirror_ota_ihp130,Current mirror,10,dc_gain,Gain,dc_gain_db,min,28.0,29.3405185,dB,True,1.0478756607142858,1.0478756607142858,0.04787566071428578
llm_full_residual_escape_postprocess_fallback__current_mirror_ota_ihp130__seed_10,llm_full_residual_escape_postprocess_fallback,LLM diagnosis + repair,llm_full,inputs/ota/current_mirror/current_mirror_ota_ihp130.yaml,current_mirror_ota_ihp130,Current mirror,10,unity_gain_bandwidth,UGBW,unity_gain_bandwidth,min,30000000.0,30401691.763306085,Hz,True,1.0133897254435362,1.0133897254435362,0.013389725443536168
llm_full_residual_escape_postprocess_fallback__current_mirror_ota_ihp130__seed_10,llm_full_residual_escape_postprocess_fallback,LLM diagnosis + repair,llm_full,inputs/ota/current_mirror/current_mirror_ota_ihp130.yaml,current_mirror_ota_ihp130,Current mirror,10,phase_margin,Phase margin,phase_margin,min,60.0,66.2902774880383,deg,True,1.1048379581339716,1.1048379581339716,0.10483795813397165
llm_full_residual_escape_postprocess_fallback__current_mirror_ota_ihp130__seed_10,llm_full_residual_escape_postprocess_fallback,LLM diagnosis + repair,llm_full,inputs/ota/current_mirror/current_mirror_ota_ihp130.yaml,current_mirror_ota_ihp130,Current mirror,10,slew_rate,Slew rate,slew_rate,min,25000000.0,32142450.454950634,V/s,True,1.2856980181980253,1.2856980181980253,0.28569801819802537
llm_full_residual_escape_postprocess_fallback__current_mirror_ota_ihp130__seed_10,llm_full_residual_escape_postprocess_fallback,LLM diagnosis + repair,llm_full,inputs/ota/current_mirror/current_mirror_ota_ihp130.yaml,current_mirror_ota_ihp130,Current mirror,10,output_swing,Output swing,output_swing,min,0.6,0.8990153,V,True,1.4983588333333333,1.4983588333333333,0.4983588333333333
llm_full_residual_escape_postprocess_fallback__current_mirror_ota_ihp130__seed_10,llm_full_residual_escape_postprocess_fallback,LLM diagnosis + repair,llm_full,inputs/ota/current_mirror/current_mirror_ota_ihp130.yaml,current_mirror_ota_ihp130,Current mirror,10,power,Power,total_power,max,0.0003,4.5278040000000005e-05,W,True,6.625728498848447,1.5,0.8490732
llm_full_residual_escape_postprocess_fallback__folded_cascode_ota_ihp130__seed_1,llm_full_residual_escape_postprocess_fallback,LLM diagnosis + repair,llm_full,inputs/ota/folded_cascode/folded_cascode_ota_ihp130.yaml,folded_cascode_ota_ihp130,Folded cascode,1,dc_gain,Gain,dc_gain_db,min,45.0,45.8474453,dB,True,1.0188321177777777,1.0188321177777777,0.01883211777777771
llm_full_residual_escape_postprocess_fallback__folded_cascode_ota_ihp130__seed_1,llm_full_residual_escape_postprocess_fallback,LLM diagnosis + repair,llm_full,inputs/ota/folded_cascode/folded_cascode_ota_ihp130.yaml,folded_cascode_ota_ihp130,Folded cascode,1,unity_gain_bandwidth,UGBW,unity_gain_bandwidth,min,20000000.0,33319354.183798745,Hz,True,1.6659677091899372,1.5,0.6659677091899373
llm_full_residual_escape_postprocess_fallback__folded_cascode_ota_ihp130__seed_1,llm_full_residual_escape_postprocess_fallback,LLM diagnosis + repair,llm_full,inputs/ota/folded_cascode/folded_cascode_ota_ihp130.yaml,folded_cascode_ota_ihp130,Folded cascode,1,phase_margin,Phase margin,phase_margin,min,60.0,81.13543945072121,deg,True,1.3522573241786868,1.3522573241786868,0.35225732417868677
llm_full_residual_escape_postprocess_fallback__folded_cascode_ota_ihp130__seed_1,llm_full_residual_escape_postprocess_fallback,LLM diagnosis + repair,llm_full,inputs/ota/folded_cascode/folded_cascode_ota_ihp130.yaml,folded_cascode_ota_ihp130,Folded cascode,1,slew_rate,Slew rate,slew_rate,min,12000000.0,18383780.11259513,V/s,True,1.5319816760495941,1.5,0.5319816760495941
llm_full_residual_escape_postprocess_fallback__folded_cascode_ota_ihp130__seed_1,llm_full_residual_escape_postprocess_fallback,LLM diagnosis + repair,llm_full,inputs/ota/folded_cascode/folded_cascode_ota_ihp130.yaml,folded_cascode_ota_ihp130,Folded cascode,1,output_swing,Output swing,output_swing,min,0.6,0.9594758000000001,V,True,1.5991263333333336,1.5,0.5991263333333335
llm_full_residual_escape_postprocess_fallback__folded_cascode_ota_ihp130__seed_1,llm_full_residual_escape_postprocess_fallback,LLM diagnosis + repair,llm_full,inputs/ota/folded_cascode/folded_cascode_ota_ihp130.yaml,folded_cascode_ota_ihp130,Folded cascode,1,power,Power,total_power,max,0.0006,2.07e-05,W,True,28.985507246376812,1.5,0.9655
llm_full_residual_escape_postprocess_fallback__folded_cascode_ota_ihp130__seed_2,llm_full_residual_escape_postprocess_fallback,LLM diagnosis + repair,llm_full,inputs/ota/folded_cascode/folded_cascode_ota_ihp130.yaml,folded_cascode_ota_ihp130,Folded cascode,2,dc_gain,Gain,dc_gain_db,min,45.0,45.8474453,dB,True,1.0188321177777777,1.0188321177777777,0.01883211777777771
llm_full_residual_escape_postprocess_fallback__folded_cascode_ota_ihp130__seed_2,llm_full_residual_escape_postprocess_fallback,LLM diagnosis + repair,llm_full,inputs/ota/folded_cascode/folded_cascode_ota_ihp130.yaml,folded_cascode_ota_ihp130,Folded cascode,2,unity_gain_bandwidth,UGBW,unity_gain_bandwidth,min,20000000.0,33319354.183798745,Hz,True,1.6659677091899372,1.5,0.6659677091899373
llm_full_residual_escape_postprocess_fallback__folded_cascode_ota_ihp130__seed_2,llm_full_residual_escape_postprocess_fallback,LLM diagnosis + repair,llm_full,inputs/ota/folded_cascode/folded_cascode_ota_ihp130.yaml,folded_cascode_ota_ihp130,Folded cascode,2,phase_margin,Phase margin,phase_margin,min,60.0,81.13543945072121,deg,True,1.3522573241786868,1.3522573241786868,0.35225732417868677
llm_full_residual_escape_postprocess_fallback__folded_cascode_ota_ihp130__seed_2,llm_full_residual_escape_postprocess_fallback,LLM diagnosis + repair,llm_full,inputs/ota/folded_cascode/folded_cascode_ota_ihp130.yaml,folded_cascode_ota_ihp130,Folded cascode,2,slew_rate,Slew rate,slew_rate,min,12000000.0,18383780.11259513,V/s,True,1.5319816760495941,1.5,0.5319816760495941
llm_full_residual_escape_postprocess_fallback__folded_cascode_ota_ihp130__seed_2,llm_full_residual_escape_postprocess_fallback,LLM diagnosis + repair,llm_full,inputs/ota/folded_cascode/folded_cascode_ota_ihp130.yaml,folded_cascode_ota_ihp130,Folded cascode,2,output_swing,Output swing,output_swing,min,0.6,0.9594758000000001,V,True,1.5991263333333336,1.5,0.5991263333333335
llm_full_residual_escape_postprocess_fallback__folded_cascode_ota_ihp130__seed_2,llm_full_residual_escape_postprocess_fallback,LLM diagnosis + repair,llm_full,inputs/ota/folded_cascode/folded_cascode_ota_ihp130.yaml,folded_cascode_ota_ihp130,Folded cascode,2,power,Power,total_power,max,0.0006,2.07e-05,W,True,28.985507246376812,1.5,0.9655
llm_full_residual_escape_postprocess_fallback__folded_cascode_ota_ihp130__seed_3,llm_full_residual_escape_postprocess_fallback,LLM diagnosis + repair,llm_full,inputs/ota/folded_cascode/folded_cascode_ota_ihp130.yaml,folded_cascode_ota_ihp130,Folded cascode,3,dc_gain,Gain,dc_gain_db,min,45.0,45.8474453,dB,True,1.0188321177777777,1.0188321177777777,0.01883211777777771
llm_full_residual_escape_postprocess_fallback__folded_cascode_ota_ihp130__seed_3,llm_full_residual_escape_postprocess_fallback,LLM diagnosis + repair,llm_full,inputs/ota/folded_cascode/folded_cascode_ota_ihp130.yaml,folded_cascode_ota_ihp130,Folded cascode,3,unity_gain_bandwidth,UGBW,unity_gain_bandwidth,min,20000000.0,33319354.183798745,Hz,True,1.6659677091899372,1.5,0.6659677091899373
llm_full_residual_escape_postprocess_fallback__folded_cascode_ota_ihp130__seed_3,llm_full_residual_escape_postprocess_fallback,LLM diagnosis + repair,llm_full,inputs/ota/folded_cascode/folded_cascode_ota_ihp130.yaml,folded_cascode_ota_ihp130,Folded cascode,3,phase_margin,Phase margin,phase_margin,min,60.0,81.13543945072121,deg,True,1.3522573241786868,1.3522573241786868,0.35225732417868677
llm_full_residual_escape_postprocess_fallback__folded_cascode_ota_ihp130__seed_3,llm_full_residual_escape_postprocess_fallback,LLM diagnosis + repair,llm_full,inputs/ota/folded_cascode/folded_cascode_ota_ihp130.yaml,folded_cascode_ota_ihp130,Folded cascode,3,slew_rate,Slew rate,slew_rate,min,12000000.0,18383780.11259513,V/s,True,1.5319816760495941,1.5,0.5319816760495941
llm_full_residual_escape_postprocess_fallback__folded_cascode_ota_ihp130__seed_3,llm_full_residual_escape_postprocess_fallback,LLM diagnosis + repair,llm_full,inputs/ota/folded_cascode/folded_cascode_ota_ihp130.yaml,folded_cascode_ota_ihp130,Folded cascode,3,output_swing,Output swing,output_swing,min,0.6,0.9594758000000001,V,True,1.5991263333333336,1.5,0.5991263333333335
llm_full_residual_escape_postprocess_fallback__folded_cascode_ota_ihp130__seed_3,llm_full_residual_escape_postprocess_fallback,LLM diagnosis + repair,llm_full,inputs/ota/folded_cascode/folded_cascode_ota_ihp130.yaml,folded_cascode_ota_ihp130,Folded cascode,3,power,Power,total_power,max,0.0006,2.07e-05,W,True,28.985507246376812,1.5,0.9655
llm_full_residual_escape_postprocess_fallback__folded_cascode_ota_ihp130__seed_4,llm_full_residual_escape_postprocess_fallback,LLM diagnosis + repair,llm_full,inputs/ota/folded_cascode/folded_cascode_ota_ihp130.yaml,folded_cascode_ota_ihp130,Folded cascode,4,dc_gain,Gain,dc_gain_db,min,45.0,45.8474453,dB,True,1.0188321177777777,1.0188321177777777,0.01883211777777771
llm_full_residual_escape_postprocess_fallback__folded_cascode_ota_ihp130__seed_4,llm_full_residual_escape_postprocess_fallback,LLM diagnosis + repair,llm_full,inputs/ota/folded_cascode/folded_cascode_ota_ihp130.yaml,folded_cascode_ota_ihp130,Folded cascode,4,unity_gain_bandwidth,UGBW,unity_gain_bandwidth,min,20000000.0,33319354.183798745,Hz,True,1.6659677091899372,1.5,0.6659677091899373
llm_full_residual_escape_postprocess_fallback__folded_cascode_ota_ihp130__seed_4,llm_full_residual_escape_postprocess_fallback,LLM diagnosis + repair,llm_full,inputs/ota/folded_cascode/folded_cascode_ota_ihp130.yaml,folded_cascode_ota_ihp130,Folded cascode,4,phase_margin,Phase margin,phase_margin,min,60.0,81.13543945072121,deg,True,1.3522573241786868,1.3522573241786868,0.35225732417868677
llm_full_residual_escape_postprocess_fallback__folded_cascode_ota_ihp130__seed_4,llm_full_residual_escape_postprocess_fallback,LLM diagnosis + repair,llm_full,inputs/ota/folded_cascode/folded_cascode_ota_ihp130.yaml,folded_cascode_ota_ihp130,Folded cascode,4,slew_rate,Slew rate,slew_rate,min,12000000.0,18383780.11259513,V/s,True,1.5319816760495941,1.5,0.5319816760495941
llm_full_residual_escape_postprocess_fallback__folded_cascode_ota_ihp130__seed_4,llm_full_residual_escape_postprocess_fallback,LLM diagnosis + repair,llm_full,inputs/ota/folded_cascode/folded_cascode_ota_ihp130.yaml,folded_cascode_ota_ihp130,Folded cascode,4,output_swing,Output swing,output_swing,min,0.6,0.9594758000000001,V,True,1.5991263333333336,1.5,0.5991263333333335
llm_full_residual_escape_postprocess_fallback__folded_cascode_ota_ihp130__seed_4,llm_full_residual_escape_postprocess_fallback,LLM diagnosis + repair,llm_full,inputs/ota/folded_cascode/folded_cascode_ota_ihp130.yaml,folded_cascode_ota_ihp130,Folded cascode,4,power,Power,total_power,max,0.0006,2.07e-05,W,True,28.985507246376812,1.5,0.9655
llm_full_residual_escape_postprocess_fallback__folded_cascode_ota_ihp130__seed_5,llm_full_residual_escape_postprocess_fallback,LLM diagnosis + repair,llm_full,inputs/ota/folded_cascode/folded_cascode_ota_ihp130.yaml,folded_cascode_ota_ihp130,Folded cascode,5,dc_gain,Gain,dc_gain_db,min,45.0,45.8474453,dB,True,1.0188321177777777,1.0188321177777777,0.01883211777777771
llm_full_residual_escape_postprocess_fallback__folded_cascode_ota_ihp130__seed_5,llm_full_residual_escape_postprocess_fallback,LLM diagnosis + repair,llm_full,inputs/ota/folded_cascode/folded_cascode_ota_ihp130.yaml,folded_cascode_ota_ihp130,Folded cascode,5,unity_gain_bandwidth,UGBW,unity_gain_bandwidth,min,20000000.0,33319354.183798745,Hz,True,1.6659677091899372,1.5,0.6659677091899373
llm_full_residual_escape_postprocess_fallback__folded_cascode_ota_ihp130__seed_5,llm_full_residual_escape_postprocess_fallback,LLM diagnosis + repair,llm_full,inputs/ota/folded_cascode/folded_cascode_ota_ihp130.yaml,folded_cascode_ota_ihp130,Folded cascode,5,phase_margin,Phase margin,phase_margin,min,60.0,81.13543945072121,deg,True,1.3522573241786868,1.3522573241786868,0.35225732417868677
llm_full_residual_escape_postprocess_fallback__folded_cascode_ota_ihp130__seed_5,llm_full_residual_escape_postprocess_fallback,LLM diagnosis + repair,llm_full,inputs/ota/folded_cascode/folded_cascode_ota_ihp130.yaml,folded_cascode_ota_ihp130,Folded cascode,5,slew_rate,Slew rate,slew_rate,min,12000000.0,18383780.11259513,V/s,True,1.5319816760495941,1.5,0.5319816760495941
llm_full_residual_escape_postprocess_fallback__folded_cascode_ota_ihp130__seed_5,llm_full_residual_escape_postprocess_fallback,LLM diagnosis + repair,llm_full,inputs/ota/folded_cascode/folded_cascode_ota_ihp130.yaml,folded_cascode_ota_ihp130,Folded cascode,5,output_swing,Output swing,output_swing,min,0.6,0.9594758000000001,V,True,1.5991263333333336,1.5,0.5991263333333335
llm_full_residual_escape_postprocess_fallback__folded_cascode_ota_ihp130__seed_5,llm_full_residual_escape_postprocess_fallback,LLM diagnosis + repair,llm_full,inputs/ota/folded_cascode/folded_cascode_ota_ihp130.yaml,folded_cascode_ota_ihp130,Folded cascode,5,power,Power,total_power,max,0.0006,2.07e-05,W,True,28.985507246376812,1.5,0.9655
llm_full_residual_escape_postprocess_fallback__folded_cascode_ota_ihp130__seed_6,llm_full_residual_escape_postprocess_fallback,LLM diagnosis + repair,llm_full,inputs/ota/folded_cascode/folded_cascode_ota_ihp130.yaml,folded_cascode_ota_ihp130,Folded cascode,6,dc_gain,Gain,dc_gain_db,min,45.0,45.8474453,dB,True,1.0188321177777777,1.0188321177777777,0.01883211777777771
llm_full_residual_escape_postprocess_fallback__folded_cascode_ota_ihp130__seed_6,llm_full_residual_escape_postprocess_fallback,LLM diagnosis + repair,llm_full,inputs/ota/folded_cascode/folded_cascode_ota_ihp130.yaml,folded_cascode_ota_ihp130,Folded cascode,6,unity_gain_bandwidth,UGBW,unity_gain_bandwidth,min,20000000.0,33319354.183798745,Hz,True,1.6659677091899372,1.5,0.6659677091899373
llm_full_residual_escape_postprocess_fallback__folded_cascode_ota_ihp130__seed_6,llm_full_residual_escape_postprocess_fallback,LLM diagnosis + repair,llm_full,inputs/ota/folded_cascode/folded_cascode_ota_ihp130.yaml,folded_cascode_ota_ihp130,Folded cascode,6,phase_margin,Phase margin,phase_margin,min,60.0,81.13543945072121,deg,True,1.3522573241786868,1.3522573241786868,0.35225732417868677
llm_full_residual_escape_postprocess_fallback__folded_cascode_ota_ihp130__seed_6,llm_full_residual_escape_postprocess_fallback,LLM diagnosis + repair,llm_full,inputs/ota/folded_cascode/folded_cascode_ota_ihp130.yaml,folded_cascode_ota_ihp130,Folded cascode,6,slew_rate,Slew rate,slew_rate,min,12000000.0,18383780.11259513,V/s,True,1.5319816760495941,1.5,0.5319816760495941
llm_full_residual_escape_postprocess_fallback__folded_cascode_ota_ihp130__seed_6,llm_full_residual_escape_postprocess_fallback,LLM diagnosis + repair,llm_full,inputs/ota/folded_cascode/folded_cascode_ota_ihp130.yaml,folded_cascode_ota_ihp130,Folded cascode,6,output_swing,Output swing,output_swing,min,0.6,0.9594758000000001,V,True,1.5991263333333336,1.5,0.5991263333333335
llm_full_residual_escape_postprocess_fallback__folded_cascode_ota_ihp130__seed_6,llm_full_residual_escape_postprocess_fallback,LLM diagnosis + repair,llm_full,inputs/ota/folded_cascode/folded_cascode_ota_ihp130.yaml,folded_cascode_ota_ihp130,Folded cascode,6,power,Power,total_power,max,0.0006,2.07e-05,W,True,28.985507246376812,1.5,0.9655
llm_full_residual_escape_postprocess_fallback__folded_cascode_ota_ihp130__seed_7,llm_full_residual_escape_postprocess_fallback,LLM diagnosis + repair,llm_full,inputs/ota/folded_cascode/folded_cascode_ota_ihp130.yaml,folded_cascode_ota_ihp130,Folded cascode,7,dc_gain,Gain,dc_gain_db,min,45.0,45.8474453,dB,True,1.0188321177777777,1.0188321177777777,0.01883211777777771
llm_full_residual_escape_postprocess_fallback__folded_cascode_ota_ihp130__seed_7,llm_full_residual_escape_postprocess_fallback,LLM diagnosis + repair,llm_full,inputs/ota/folded_cascode/folded_cascode_ota_ihp130.yaml,folded_cascode_ota_ihp130,Folded cascode,7,unity_gain_bandwidth,UGBW,unity_gain_bandwidth,min,20000000.0,33319354.183798745,Hz,True,1.6659677091899372,1.5,0.6659677091899373
llm_full_residual_escape_postprocess_fallback__folded_cascode_ota_ihp130__seed_7,llm_full_residual_escape_postprocess_fallback,LLM diagnosis + repair,llm_full,inputs/ota/folded_cascode/folded_cascode_ota_ihp130.yaml,folded_cascode_ota_ihp130,Folded cascode,7,phase_margin,Phase margin,phase_margin,min,60.0,81.13543945072121,deg,True,1.3522573241786868,1.3522573241786868,0.35225732417868677
llm_full_residual_escape_postprocess_fallback__folded_cascode_ota_ihp130__seed_7,llm_full_residual_escape_postprocess_fallback,LLM diagnosis + repair,llm_full,inputs/ota/folded_cascode/folded_cascode_ota_ihp130.yaml,folded_cascode_ota_ihp130,Folded cascode,7,slew_rate,Slew rate,slew_rate,min,12000000.0,18383780.11259513,V/s,True,1.5319816760495941,1.5,0.5319816760495941
llm_full_residual_escape_postprocess_fallback__folded_cascode_ota_ihp130__seed_7,llm_full_residual_escape_postprocess_fallback,LLM diagnosis + repair,llm_full,inputs/ota/folded_cascode/folded_cascode_ota_ihp130.yaml,folded_cascode_ota_ihp130,Folded cascode,7,output_swing,Output swing,output_swing,min,0.6,0.9594758000000001,V,True,1.5991263333333336,1.5,0.5991263333333335
llm_full_residual_escape_postprocess_fallback__folded_cascode_ota_ihp130__seed_7,llm_full_residual_escape_postprocess_fallback,LLM diagnosis + repair,llm_full,inputs/ota/folded_cascode/folded_cascode_ota_ihp130.yaml,folded_cascode_ota_ihp130,Folded cascode,7,power,Power,total_power,max,0.0006,2.07e-05,W,True,28.985507246376812,1.5,0.9655
llm_full_residual_escape_postprocess_fallback__folded_cascode_ota_ihp130__seed_8,llm_full_residual_escape_postprocess_fallback,LLM diagnosis + repair,llm_full,inputs/ota/folded_cascode/folded_cascode_ota_ihp130.yaml,folded_cascode_ota_ihp130,Folded cascode,8,dc_gain,Gain,dc_gain_db,min,45.0,45.8474453,dB,True,1.0188321177777777,1.0188321177777777,0.01883211777777771
llm_full_residual_escape_postprocess_fallback__folded_cascode_ota_ihp130__seed_8,llm_full_residual_escape_postprocess_fallback,LLM diagnosis + repair,llm_full,inputs/ota/folded_cascode/folded_cascode_ota_ihp130.yaml,folded_cascode_ota_ihp130,Folded cascode,8,unity_gain_bandwidth,UGBW,unity_gain_bandwidth,min,20000000.0,33319354.183798745,Hz,True,1.6659677091899372,1.5,0.6659677091899373
llm_full_residual_escape_postprocess_fallback__folded_cascode_ota_ihp130__seed_8,llm_full_residual_escape_postprocess_fallback,LLM diagnosis + repair,llm_full,inputs/ota/folded_cascode/folded_cascode_ota_ihp130.yaml,folded_cascode_ota_ihp130,Folded cascode,8,phase_margin,Phase margin,phase_margin,min,60.0,81.13543945072121,deg,True,1.3522573241786868,1.3522573241786868,0.35225732417868677
llm_full_residual_escape_postprocess_fallback__folded_cascode_ota_ihp130__seed_8,llm_full_residual_escape_postprocess_fallback,LLM diagnosis + repair,llm_full,inputs/ota/folded_cascode/folded_cascode_ota_ihp130.yaml,folded_cascode_ota_ihp130,Folded cascode,8,slew_rate,Slew rate,slew_rate,min,12000000.0,18383780.11259513,V/s,True,1.5319816760495941,1.5,0.5319816760495941
llm_full_residual_escape_postprocess_fallback__folded_cascode_ota_ihp130__seed_8,llm_full_residual_escape_postprocess_fallback,LLM diagnosis + repair,llm_full,inputs/ota/folded_cascode/folded_cascode_ota_ihp130.yaml,folded_cascode_ota_ihp130,Folded cascode,8,output_swing,Output swing,output_swing,min,0.6,0.9594758000000001,V,True,1.5991263333333336,1.5,0.5991263333333335
llm_full_residual_escape_postprocess_fallback__folded_cascode_ota_ihp130__seed_8,llm_full_residual_escape_postprocess_fallback,LLM diagnosis + repair,llm_full,inputs/ota/folded_cascode/folded_cascode_ota_ihp130.yaml,folded_cascode_ota_ihp130,Folded cascode,8,power,Power,total_power,max,0.0006,2.07e-05,W,True,28.985507246376812,1.5,0.9655
llm_full_residual_escape_postprocess_fallback__folded_cascode_ota_ihp130__seed_9,llm_full_residual_escape_postprocess_fallback,LLM diagnosis + repair,llm_full,inputs/ota/folded_cascode/folded_cascode_ota_ihp130.yaml,folded_cascode_ota_ihp130,Folded cascode,9,dc_gain,Gain,dc_gain_db,min,45.0,45.8474453,dB,True,1.0188321177777777,1.0188321177777777,0.01883211777777771
llm_full_residual_escape_postprocess_fallback__folded_cascode_ota_ihp130__seed_9,llm_full_residual_escape_postprocess_fallback,LLM diagnosis + repair,llm_full,inputs/ota/folded_cascode/folded_cascode_ota_ihp130.yaml,folded_cascode_ota_ihp130,Folded cascode,9,unity_gain_bandwidth,UGBW,unity_gain_bandwidth,min,20000000.0,33319354.183798745,Hz,True,1.6659677091899372,1.5,0.6659677091899373
llm_full_residual_escape_postprocess_fallback__folded_cascode_ota_ihp130__seed_9,llm_full_residual_escape_postprocess_fallback,LLM diagnosis + repair,llm_full,inputs/ota/folded_cascode/folded_cascode_ota_ihp130.yaml,folded_cascode_ota_ihp130,Folded cascode,9,phase_margin,Phase margin,phase_margin,min,60.0,81.13543945072121,deg,True,1.3522573241786868,1.3522573241786868,0.35225732417868677
llm_full_residual_escape_postprocess_fallback__folded_cascode_ota_ihp130__seed_9,llm_full_residual_escape_postprocess_fallback,LLM diagnosis + repair,llm_full,inputs/ota/folded_cascode/folded_cascode_ota_ihp130.yaml,folded_cascode_ota_ihp130,Folded cascode,9,slew_rate,Slew rate,slew_rate,min,12000000.0,18383780.11259513,V/s,True,1.5319816760495941,1.5,0.5319816760495941
llm_full_residual_escape_postprocess_fallback__folded_cascode_ota_ihp130__seed_9,llm_full_residual_escape_postprocess_fallback,LLM diagnosis + repair,llm_full,inputs/ota/folded_cascode/folded_cascode_ota_ihp130.yaml,folded_cascode_ota_ihp130,Folded cascode,9,output_swing,Output swing,output_swing,min,0.6,0.9594758000000001,V,True,1.5991263333333336,1.5,0.5991263333333335
llm_full_residual_escape_postprocess_fallback__folded_cascode_ota_ihp130__seed_9,llm_full_residual_escape_postprocess_fallback,LLM diagnosis + repair,llm_full,inputs/ota/folded_cascode/folded_cascode_ota_ihp130.yaml,folded_cascode_ota_ihp130,Folded cascode,9,power,Power,total_power,max,0.0006,2.07e-05,W,True,28.985507246376812,1.5,0.9655
llm_full_residual_escape_postprocess_fallback__folded_cascode_ota_ihp130__seed_10,llm_full_residual_escape_postprocess_fallback,LLM diagnosis + repair,llm_full,inputs/ota/folded_cascode/folded_cascode_ota_ihp130.yaml,folded_cascode_ota_ihp130,Folded cascode,10,dc_gain,Gain,dc_gain_db,min,45.0,45.8474453,dB,True,1.0188321177777777,1.0188321177777777,0.01883211777777771
llm_full_residual_escape_postprocess_fallback__folded_cascode_ota_ihp130__seed_10,llm_full_residual_escape_postprocess_fallback,LLM diagnosis + repair,llm_full,inputs/ota/folded_cascode/folded_cascode_ota_ihp130.yaml,folded_cascode_ota_ihp130,Folded cascode,10,unity_gain_bandwidth,UGBW,unity_gain_bandwidth,min,20000000.0,33319354.183798745,Hz,True,1.6659677091899372,1.5,0.6659677091899373
llm_full_residual_escape_postprocess_fallback__folded_cascode_ota_ihp130__seed_10,llm_full_residual_escape_postprocess_fallback,LLM diagnosis + repair,llm_full,inputs/ota/folded_cascode/folded_cascode_ota_ihp130.yaml,folded_cascode_ota_ihp130,Folded cascode,10,phase_margin,Phase margin,phase_margin,min,60.0,81.13543945072121,deg,True,1.3522573241786868,1.3522573241786868,0.35225732417868677
llm_full_residual_escape_postprocess_fallback__folded_cascode_ota_ihp130__seed_10,llm_full_residual_escape_postprocess_fallback,LLM diagnosis + repair,llm_full,inputs/ota/folded_cascode/folded_cascode_ota_ihp130.yaml,folded_cascode_ota_ihp130,Folded cascode,10,slew_rate,Slew rate,slew_rate,min,12000000.0,18383780.11259513,V/s,True,1.5319816760495941,1.5,0.5319816760495941
llm_full_residual_escape_postprocess_fallback__folded_cascode_ota_ihp130__seed_10,llm_full_residual_escape_postprocess_fallback,LLM diagnosis + repair,llm_full,inputs/ota/folded_cascode/folded_cascode_ota_ihp130.yaml,folded_cascode_ota_ihp130,Folded cascode,10,output_swing,Output swing,output_swing,min,0.6,0.9594758000000001,V,True,1.5991263333333336,1.5,0.5991263333333335
llm_full_residual_escape_postprocess_fallback__folded_cascode_ota_ihp130__seed_10,llm_full_residual_escape_postprocess_fallback,LLM diagnosis + repair,llm_full,inputs/ota/folded_cascode/folded_cascode_ota_ihp130.yaml,folded_cascode_ota_ihp130,Folded cascode,10,power,Power,total_power,max,0.0006,2.07e-05,W,True,28.985507246376812,1.5,0.9655
llm_full_residual_escape_postprocess_fallback__telescopic_ota_ihp130__seed_1,llm_full_residual_escape_postprocess_fallback,LLM diagnosis + repair,llm_full,inputs/ota/telescopic/telescopic_ota_ihp130.yaml,telescopic_ota_ihp130,Telescopic,1,dc_gain,Gain,dc_gain_db,min,48.0,48.4017404,dB,True,1.0083695916666666,1.0083695916666666,0.008369591666666695
llm_full_residual_escape_postprocess_fallback__telescopic_ota_ihp130__seed_1,llm_full_residual_escape_postprocess_fallback,LLM diagnosis + repair,llm_full,inputs/ota/telescopic/telescopic_ota_ihp130.yaml,telescopic_ota_ihp130,Telescopic,1,unity_gain_bandwidth,UGBW,unity_gain_bandwidth,min,7000000.0,12641133.296512159,Hz,True,1.8058761852160226,1.5,0.8058761852160227
llm_full_residual_escape_postprocess_fallback__telescopic_ota_ihp130__seed_1,llm_full_residual_escape_postprocess_fallback,LLM diagnosis + repair,llm_full,inputs/ota/telescopic/telescopic_ota_ihp130.yaml,telescopic_ota_ihp130,Telescopic,1,phase_margin,Phase margin,phase_margin,min,60.0,83.3198697852897,deg,True,1.388664496421495,1.388664496421495,0.388664496421495
llm_full_residual_escape_postprocess_fallback__telescopic_ota_ihp130__seed_1,llm_full_residual_escape_postprocess_fallback,LLM diagnosis + repair,llm_full,inputs/ota/telescopic/telescopic_ota_ihp130.yaml,telescopic_ota_ihp130,Telescopic,1,slew_rate,Slew rate,slew_rate,min,6000000.0,6262332.636658772,V/s,True,1.0437221061097952,1.0437221061097952,0.043722106109795315
llm_full_residual_escape_postprocess_fallback__telescopic_ota_ihp130__seed_1,llm_full_residual_escape_postprocess_fallback,LLM diagnosis + repair,llm_full,inputs/ota/telescopic/telescopic_ota_ihp130.yaml,telescopic_ota_ihp130,Telescopic,1,output_swing,Output swing,output_swing,min,0.55,0.9577692,V,True,1.7413985454545453,1.5,0.7413985454545453
llm_full_residual_escape_postprocess_fallback__telescopic_ota_ihp130__seed_1,llm_full_residual_escape_postprocess_fallback,LLM diagnosis + repair,llm_full,inputs/ota/telescopic/telescopic_ota_ihp130.yaml,telescopic_ota_ihp130,Telescopic,1,power,Power,total_power,max,0.0003,1.646364e-05,W,True,18.22197278366145,1.5,0.9451212000000001
llm_full_residual_escape_postprocess_fallback__telescopic_ota_ihp130__seed_2,llm_full_residual_escape_postprocess_fallback,LLM diagnosis + repair,llm_full,inputs/ota/telescopic/telescopic_ota_ihp130.yaml,telescopic_ota_ihp130,Telescopic,2,dc_gain,Gain,dc_gain_db,min,48.0,48.4017404,dB,True,1.0083695916666666,1.0083695916666666,0.008369591666666695
llm_full_residual_escape_postprocess_fallback__telescopic_ota_ihp130__seed_2,llm_full_residual_escape_postprocess_fallback,LLM diagnosis + repair,llm_full,inputs/ota/telescopic/telescopic_ota_ihp130.yaml,telescopic_ota_ihp130,Telescopic,2,unity_gain_bandwidth,UGBW,unity_gain_bandwidth,min,7000000.0,12641133.296512159,Hz,True,1.8058761852160226,1.5,0.8058761852160227
llm_full_residual_escape_postprocess_fallback__telescopic_ota_ihp130__seed_2,llm_full_residual_escape_postprocess_fallback,LLM diagnosis + repair,llm_full,inputs/ota/telescopic/telescopic_ota_ihp130.yaml,telescopic_ota_ihp130,Telescopic,2,phase_margin,Phase margin,phase_margin,min,60.0,83.3198697852897,deg,True,1.388664496421495,1.388664496421495,0.388664496421495
llm_full_residual_escape_postprocess_fallback__telescopic_ota_ihp130__seed_2,llm_full_residual_escape_postprocess_fallback,LLM diagnosis + repair,llm_full,inputs/ota/telescopic/telescopic_ota_ihp130.yaml,telescopic_ota_ihp130,Telescopic,2,slew_rate,Slew rate,slew_rate,min,6000000.0,6262332.636658772,V/s,True,1.0437221061097952,1.0437221061097952,0.043722106109795315
llm_full_residual_escape_postprocess_fallback__telescopic_ota_ihp130__seed_2,llm_full_residual_escape_postprocess_fallback,LLM diagnosis + repair,llm_full,inputs/ota/telescopic/telescopic_ota_ihp130.yaml,telescopic_ota_ihp130,Telescopic,2,output_swing,Output swing,output_swing,min,0.55,0.9577692,V,True,1.7413985454545453,1.5,0.7413985454545453
llm_full_residual_escape_postprocess_fallback__telescopic_ota_ihp130__seed_2,llm_full_residual_escape_postprocess_fallback,LLM diagnosis + repair,llm_full,inputs/ota/telescopic/telescopic_ota_ihp130.yaml,telescopic_ota_ihp130,Telescopic,2,power,Power,total_power,max,0.0003,1.646364e-05,W,True,18.22197278366145,1.5,0.9451212000000001
llm_full_residual_escape_postprocess_fallback__telescopic_ota_ihp130__seed_3,llm_full_residual_escape_postprocess_fallback,LLM diagnosis + repair,llm_full,inputs/ota/telescopic/telescopic_ota_ihp130.yaml,telescopic_ota_ihp130,Telescopic,3,dc_gain,Gain,dc_gain_db,min,48.0,48.4017404,dB,True,1.0083695916666666,1.0083695916666666,0.008369591666666695
llm_full_residual_escape_postprocess_fallback__telescopic_ota_ihp130__seed_3,llm_full_residual_escape_postprocess_fallback,LLM diagnosis + repair,llm_full,inputs/ota/telescopic/telescopic_ota_ihp130.yaml,telescopic_ota_ihp130,Telescopic,3,unity_gain_bandwidth,UGBW,unity_gain_bandwidth,min,7000000.0,12641133.296512159,Hz,True,1.8058761852160226,1.5,0.8058761852160227
llm_full_residual_escape_postprocess_fallback__telescopic_ota_ihp130__seed_3,llm_full_residual_escape_postprocess_fallback,LLM diagnosis + repair,llm_full,inputs/ota/telescopic/telescopic_ota_ihp130.yaml,telescopic_ota_ihp130,Telescopic,3,phase_margin,Phase margin,phase_margin,min,60.0,83.3198697852897,deg,True,1.388664496421495,1.388664496421495,0.388664496421495
llm_full_residual_escape_postprocess_fallback__telescopic_ota_ihp130__seed_3,llm_full_residual_escape_postprocess_fallback,LLM diagnosis + repair,llm_full,inputs/ota/telescopic/telescopic_ota_ihp130.yaml,telescopic_ota_ihp130,Telescopic,3,slew_rate,Slew rate,slew_rate,min,6000000.0,6262332.636658772,V/s,True,1.0437221061097952,1.0437221061097952,0.043722106109795315
llm_full_residual_escape_postprocess_fallback__telescopic_ota_ihp130__seed_3,llm_full_residual_escape_postprocess_fallback,LLM diagnosis + repair,llm_full,inputs/ota/telescopic/telescopic_ota_ihp130.yaml,telescopic_ota_ihp130,Telescopic,3,output_swing,Output swing,output_swing,min,0.55,0.9577692,V,True,1.7413985454545453,1.5,0.7413985454545453
llm_full_residual_escape_postprocess_fallback__telescopic_ota_ihp130__seed_3,llm_full_residual_escape_postprocess_fallback,LLM diagnosis + repair,llm_full,inputs/ota/telescopic/telescopic_ota_ihp130.yaml,telescopic_ota_ihp130,Telescopic,3,power,Power,total_power,max,0.0003,1.646364e-05,W,True,18.22197278366145,1.5,0.9451212000000001
llm_full_residual_escape_postprocess_fallback__telescopic_ota_ihp130__seed_4,llm_full_residual_escape_postprocess_fallback,LLM diagnosis + repair,llm_full,inputs/ota/telescopic/telescopic_ota_ihp130.yaml,telescopic_ota_ihp130,Telescopic,4,dc_gain,Gain,dc_gain_db,min,48.0,48.4017404,dB,True,1.0083695916666666,1.0083695916666666,0.008369591666666695
llm_full_residual_escape_postprocess_fallback__telescopic_ota_ihp130__seed_4,llm_full_residual_escape_postprocess_fallback,LLM diagnosis + repair,llm_full,inputs/ota/telescopic/telescopic_ota_ihp130.yaml,telescopic_ota_ihp130,Telescopic,4,unity_gain_bandwidth,UGBW,unity_gain_bandwidth,min,7000000.0,12641133.296512159,Hz,True,1.8058761852160226,1.5,0.8058761852160227
llm_full_residual_escape_postprocess_fallback__telescopic_ota_ihp130__seed_4,llm_full_residual_escape_postprocess_fallback,LLM diagnosis + repair,llm_full,inputs/ota/telescopic/telescopic_ota_ihp130.yaml,telescopic_ota_ihp130,Telescopic,4,phase_margin,Phase margin,phase_margin,min,60.0,83.3198697852897,deg,True,1.388664496421495,1.388664496421495,0.388664496421495
llm_full_residual_escape_postprocess_fallback__telescopic_ota_ihp130__seed_4,llm_full_residual_escape_postprocess_fallback,LLM diagnosis + repair,llm_full,inputs/ota/telescopic/telescopic_ota_ihp130.yaml,telescopic_ota_ihp130,Telescopic,4,slew_rate,Slew rate,slew_rate,min,6000000.0,6262332.636658772,V/s,True,1.0437221061097952,1.0437221061097952,0.043722106109795315
llm_full_residual_escape_postprocess_fallback__telescopic_ota_ihp130__seed_4,llm_full_residual_escape_postprocess_fallback,LLM diagnosis + repair,llm_full,inputs/ota/telescopic/telescopic_ota_ihp130.yaml,telescopic_ota_ihp130,Telescopic,4,output_swing,Output swing,output_swing,min,0.55,0.9577692,V,True,1.7413985454545453,1.5,0.7413985454545453
llm_full_residual_escape_postprocess_fallback__telescopic_ota_ihp130__seed_4,llm_full_residual_escape_postprocess_fallback,LLM diagnosis + repair,llm_full,inputs/ota/telescopic/telescopic_ota_ihp130.yaml,telescopic_ota_ihp130,Telescopic,4,power,Power,total_power,max,0.0003,1.646364e-05,W,True,18.22197278366145,1.5,0.9451212000000001
llm_full_residual_escape_postprocess_fallback__telescopic_ota_ihp130__seed_5,llm_full_residual_escape_postprocess_fallback,LLM diagnosis + repair,llm_full,inputs/ota/telescopic/telescopic_ota_ihp130.yaml,telescopic_ota_ihp130,Telescopic,5,dc_gain,Gain,dc_gain_db,min,48.0,48.4017404,dB,True,1.0083695916666666,1.0083695916666666,0.008369591666666695
llm_full_residual_escape_postprocess_fallback__telescopic_ota_ihp130__seed_5,llm_full_residual_escape_postprocess_fallback,LLM diagnosis + repair,llm_full,inputs/ota/telescopic/telescopic_ota_ihp130.yaml,telescopic_ota_ihp130,Telescopic,5,unity_gain_bandwidth,UGBW,unity_gain_bandwidth,min,7000000.0,12641133.296512159,Hz,True,1.8058761852160226,1.5,0.8058761852160227
llm_full_residual_escape_postprocess_fallback__telescopic_ota_ihp130__seed_5,llm_full_residual_escape_postprocess_fallback,LLM diagnosis + repair,llm_full,inputs/ota/telescopic/telescopic_ota_ihp130.yaml,telescopic_ota_ihp130,Telescopic,5,phase_margin,Phase margin,phase_margin,min,60.0,83.3198697852897,deg,True,1.388664496421495,1.388664496421495,0.388664496421495
llm_full_residual_escape_postprocess_fallback__telescopic_ota_ihp130__seed_5,llm_full_residual_escape_postprocess_fallback,LLM diagnosis + repair,llm_full,inputs/ota/telescopic/telescopic_ota_ihp130.yaml,telescopic_ota_ihp130,Telescopic,5,slew_rate,Slew rate,slew_rate,min,6000000.0,6262332.636658772,V/s,True,1.0437221061097952,1.0437221061097952,0.043722106109795315
llm_full_residual_escape_postprocess_fallback__telescopic_ota_ihp130__seed_5,llm_full_residual_escape_postprocess_fallback,LLM diagnosis + repair,llm_full,inputs/ota/telescopic/telescopic_ota_ihp130.yaml,telescopic_ota_ihp130,Telescopic,5,output_swing,Output swing,output_swing,min,0.55,0.9577692,V,True,1.7413985454545453,1.5,0.7413985454545453
llm_full_residual_escape_postprocess_fallback__telescopic_ota_ihp130__seed_5,llm_full_residual_escape_postprocess_fallback,LLM diagnosis + repair,llm_full,inputs/ota/telescopic/telescopic_ota_ihp130.yaml,telescopic_ota_ihp130,Telescopic,5,power,Power,total_power,max,0.0003,1.646364e-05,W,True,18.22197278366145,1.5,0.9451212000000001
llm_full_residual_escape_postprocess_fallback__telescopic_ota_ihp130__seed_6,llm_full_residual_escape_postprocess_fallback,LLM diagnosis + repair,llm_full,inputs/ota/telescopic/telescopic_ota_ihp130.yaml,telescopic_ota_ihp130,Telescopic,6,dc_gain,Gain,dc_gain_db,min,48.0,48.4017404,dB,True,1.0083695916666666,1.0083695916666666,0.008369591666666695
llm_full_residual_escape_postprocess_fallback__telescopic_ota_ihp130__seed_6,llm_full_residual_escape_postprocess_fallback,LLM diagnosis + repair,llm_full,inputs/ota/telescopic/telescopic_ota_ihp130.yaml,telescopic_ota_ihp130,Telescopic,6,unity_gain_bandwidth,UGBW,unity_gain_bandwidth,min,7000000.0,12641133.296512159,Hz,True,1.8058761852160226,1.5,0.8058761852160227
llm_full_residual_escape_postprocess_fallback__telescopic_ota_ihp130__seed_6,llm_full_residual_escape_postprocess_fallback,LLM diagnosis + repair,llm_full,inputs/ota/telescopic/telescopic_ota_ihp130.yaml,telescopic_ota_ihp130,Telescopic,6,phase_margin,Phase margin,phase_margin,min,60.0,83.3198697852897,deg,True,1.388664496421495,1.388664496421495,0.388664496421495
llm_full_residual_escape_postprocess_fallback__telescopic_ota_ihp130__seed_6,llm_full_residual_escape_postprocess_fallback,LLM diagnosis + repair,llm_full,inputs/ota/telescopic/telescopic_ota_ihp130.yaml,telescopic_ota_ihp130,Telescopic,6,slew_rate,Slew rate,slew_rate,min,6000000.0,6262332.636658772,V/s,True,1.0437221061097952,1.0437221061097952,0.043722106109795315
llm_full_residual_escape_postprocess_fallback__telescopic_ota_ihp130__seed_6,llm_full_residual_escape_postprocess_fallback,LLM diagnosis + repair,llm_full,inputs/ota/telescopic/telescopic_ota_ihp130.yaml,telescopic_ota_ihp130,Telescopic,6,output_swing,Output swing,output_swing,min,0.55,0.9577692,V,True,1.7413985454545453,1.5,0.7413985454545453
llm_full_residual_escape_postprocess_fallback__telescopic_ota_ihp130__seed_6,llm_full_residual_escape_postprocess_fallback,LLM diagnosis + repair,llm_full,inputs/ota/telescopic/telescopic_ota_ihp130.yaml,telescopic_ota_ihp130,Telescopic,6,power,Power,total_power,max,0.0003,1.646364e-05,W,True,18.22197278366145,1.5,0.9451212000000001
llm_full_residual_escape_postprocess_fallback__telescopic_ota_ihp130__seed_7,llm_full_residual_escape_postprocess_fallback,LLM diagnosis + repair,llm_full,inputs/ota/telescopic/telescopic_ota_ihp130.yaml,telescopic_ota_ihp130,Telescopic,7,dc_gain,Gain,dc_gain_db,min,48.0,48.4017404,dB,True,1.0083695916666666,1.0083695916666666,0.008369591666666695
llm_full_residual_escape_postprocess_fallback__telescopic_ota_ihp130__seed_7,llm_full_residual_escape_postprocess_fallback,LLM diagnosis + repair,llm_full,inputs/ota/telescopic/telescopic_ota_ihp130.yaml,telescopic_ota_ihp130,Telescopic,7,unity_gain_bandwidth,UGBW,unity_gain_bandwidth,min,7000000.0,12641133.296512159,Hz,True,1.8058761852160226,1.5,0.8058761852160227
llm_full_residual_escape_postprocess_fallback__telescopic_ota_ihp130__seed_7,llm_full_residual_escape_postprocess_fallback,LLM diagnosis + repair,llm_full,inputs/ota/telescopic/telescopic_ota_ihp130.yaml,telescopic_ota_ihp130,Telescopic,7,phase_margin,Phase margin,phase_margin,min,60.0,83.3198697852897,deg,True,1.388664496421495,1.388664496421495,0.388664496421495
llm_full_residual_escape_postprocess_fallback__telescopic_ota_ihp130__seed_7,llm_full_residual_escape_postprocess_fallback,LLM diagnosis + repair,llm_full,inputs/ota/telescopic/telescopic_ota_ihp130.yaml,telescopic_ota_ihp130,Telescopic,7,slew_rate,Slew rate,slew_rate,min,6000000.0,6262332.636658772,V/s,True,1.0437221061097952,1.0437221061097952,0.043722106109795315
llm_full_residual_escape_postprocess_fallback__telescopic_ota_ihp130__seed_7,llm_full_residual_escape_postprocess_fallback,LLM diagnosis + repair,llm_full,inputs/ota/telescopic/telescopic_ota_ihp130.yaml,telescopic_ota_ihp130,Telescopic,7,output_swing,Output swing,output_swing,min,0.55,0.9577692,V,True,1.7413985454545453,1.5,0.7413985454545453
llm_full_residual_escape_postprocess_fallback__telescopic_ota_ihp130__seed_7,llm_full_residual_escape_postprocess_fallback,LLM diagnosis + repair,llm_full,inputs/ota/telescopic/telescopic_ota_ihp130.yaml,telescopic_ota_ihp130,Telescopic,7,power,Power,total_power,max,0.0003,1.646364e-05,W,True,18.22197278366145,1.5,0.9451212000000001
llm_full_residual_escape_postprocess_fallback__telescopic_ota_ihp130__seed_8,llm_full_residual_escape_postprocess_fallback,LLM diagnosis + repair,llm_full,inputs/ota/telescopic/telescopic_ota_ihp130.yaml,telescopic_ota_ihp130,Telescopic,8,dc_gain,Gain,dc_gain_db,min,48.0,48.4017404,dB,True,1.0083695916666666,1.0083695916666666,0.008369591666666695
llm_full_residual_escape_postprocess_fallback__telescopic_ota_ihp130__seed_8,llm_full_residual_escape_postprocess_fallback,LLM diagnosis + repair,llm_full,inputs/ota/telescopic/telescopic_ota_ihp130.yaml,telescopic_ota_ihp130,Telescopic,8,unity_gain_bandwidth,UGBW,unity_gain_bandwidth,min,7000000.0,12641133.296512159,Hz,True,1.8058761852160226,1.5,0.8058761852160227
llm_full_residual_escape_postprocess_fallback__telescopic_ota_ihp130__seed_8,llm_full_residual_escape_postprocess_fallback,LLM diagnosis + repair,llm_full,inputs/ota/telescopic/telescopic_ota_ihp130.yaml,telescopic_ota_ihp130,Telescopic,8,phase_margin,Phase margin,phase_margin,min,60.0,83.3198697852897,deg,True,1.388664496421495,1.388664496421495,0.388664496421495
llm_full_residual_escape_postprocess_fallback__telescopic_ota_ihp130__seed_8,llm_full_residual_escape_postprocess_fallback,LLM diagnosis + repair,llm_full,inputs/ota/telescopic/telescopic_ota_ihp130.yaml,telescopic_ota_ihp130,Telescopic,8,slew_rate,Slew rate,slew_rate,min,6000000.0,6262332.636658772,V/s,True,1.0437221061097952,1.0437221061097952,0.043722106109795315
llm_full_residual_escape_postprocess_fallback__telescopic_ota_ihp130__seed_8,llm_full_residual_escape_postprocess_fallback,LLM diagnosis + repair,llm_full,inputs/ota/telescopic/telescopic_ota_ihp130.yaml,telescopic_ota_ihp130,Telescopic,8,output_swing,Output swing,output_swing,min,0.55,0.9577692,V,True,1.7413985454545453,1.5,0.7413985454545453
llm_full_residual_escape_postprocess_fallback__telescopic_ota_ihp130__seed_8,llm_full_residual_escape_postprocess_fallback,LLM diagnosis + repair,llm_full,inputs/ota/telescopic/telescopic_ota_ihp130.yaml,telescopic_ota_ihp130,Telescopic,8,power,Power,total_power,max,0.0003,1.646364e-05,W,True,18.22197278366145,1.5,0.9451212000000001
llm_full_residual_escape_postprocess_fallback__telescopic_ota_ihp130__seed_9,llm_full_residual_escape_postprocess_fallback,LLM diagnosis + repair,llm_full,inputs/ota/telescopic/telescopic_ota_ihp130.yaml,telescopic_ota_ihp130,Telescopic,9,dc_gain,Gain,dc_gain_db,min,48.0,48.4017404,dB,True,1.0083695916666666,1.0083695916666666,0.008369591666666695
llm_full_residual_escape_postprocess_fallback__telescopic_ota_ihp130__seed_9,llm_full_residual_escape_postprocess_fallback,LLM diagnosis + repair,llm_full,inputs/ota/telescopic/telescopic_ota_ihp130.yaml,telescopic_ota_ihp130,Telescopic,9,unity_gain_bandwidth,UGBW,unity_gain_bandwidth,min,7000000.0,12641133.296512159,Hz,True,1.8058761852160226,1.5,0.8058761852160227
llm_full_residual_escape_postprocess_fallback__telescopic_ota_ihp130__seed_9,llm_full_residual_escape_postprocess_fallback,LLM diagnosis + repair,llm_full,inputs/ota/telescopic/telescopic_ota_ihp130.yaml,telescopic_ota_ihp130,Telescopic,9,phase_margin,Phase margin,phase_margin,min,60.0,83.3198697852897,deg,True,1.388664496421495,1.388664496421495,0.388664496421495
llm_full_residual_escape_postprocess_fallback__telescopic_ota_ihp130__seed_9,llm_full_residual_escape_postprocess_fallback,LLM diagnosis + repair,llm_full,inputs/ota/telescopic/telescopic_ota_ihp130.yaml,telescopic_ota_ihp130,Telescopic,9,slew_rate,Slew rate,slew_rate,min,6000000.0,6262332.636658772,V/s,True,1.0437221061097952,1.0437221061097952,0.043722106109795315
llm_full_residual_escape_postprocess_fallback__telescopic_ota_ihp130__seed_9,llm_full_residual_escape_postprocess_fallback,LLM diagnosis + repair,llm_full,inputs/ota/telescopic/telescopic_ota_ihp130.yaml,telescopic_ota_ihp130,Telescopic,9,output_swing,Output swing,output_swing,min,0.55,0.9577692,V,True,1.7413985454545453,1.5,0.7413985454545453
llm_full_residual_escape_postprocess_fallback__telescopic_ota_ihp130__seed_9,llm_full_residual_escape_postprocess_fallback,LLM diagnosis + repair,llm_full,inputs/ota/telescopic/telescopic_ota_ihp130.yaml,telescopic_ota_ihp130,Telescopic,9,power,Power,total_power,max,0.0003,1.646364e-05,W,True,18.22197278366145,1.5,0.9451212000000001
llm_full_residual_escape_postprocess_fallback__telescopic_ota_ihp130__seed_10,llm_full_residual_escape_postprocess_fallback,LLM diagnosis + repair,llm_full,inputs/ota/telescopic/telescopic_ota_ihp130.yaml,telescopic_ota_ihp130,Telescopic,10,dc_gain,Gain,dc_gain_db,min,48.0,48.4017404,dB,True,1.0083695916666666,1.0083695916666666,0.008369591666666695
llm_full_residual_escape_postprocess_fallback__telescopic_ota_ihp130__seed_10,llm_full_residual_escape_postprocess_fallback,LLM diagnosis + repair,llm_full,inputs/ota/telescopic/telescopic_ota_ihp130.yaml,telescopic_ota_ihp130,Telescopic,10,unity_gain_bandwidth,UGBW,unity_gain_bandwidth,min,7000000.0,12641133.296512159,Hz,True,1.8058761852160226,1.5,0.8058761852160227
llm_full_residual_escape_postprocess_fallback__telescopic_ota_ihp130__seed_10,llm_full_residual_escape_postprocess_fallback,LLM diagnosis + repair,llm_full,inputs/ota/telescopic/telescopic_ota_ihp130.yaml,telescopic_ota_ihp130,Telescopic,10,phase_margin,Phase margin,phase_margin,min,60.0,83.3198697852897,deg,True,1.388664496421495,1.388664496421495,0.388664496421495
llm_full_residual_escape_postprocess_fallback__telescopic_ota_ihp130__seed_10,llm_full_residual_escape_postprocess_fallback,LLM diagnosis + repair,llm_full,inputs/ota/telescopic/telescopic_ota_ihp130.yaml,telescopic_ota_ihp130,Telescopic,10,slew_rate,Slew rate,slew_rate,min,6000000.0,6262332.636658772,V/s,True,1.0437221061097952,1.0437221061097952,0.043722106109795315
llm_full_residual_escape_postprocess_fallback__telescopic_ota_ihp130__seed_10,llm_full_residual_escape_postprocess_fallback,LLM diagnosis + repair,llm_full,inputs/ota/telescopic/telescopic_ota_ihp130.yaml,telescopic_ota_ihp130,Telescopic,10,output_swing,Output swing,output_swing,min,0.55,0.9577692,V,True,1.7413985454545453,1.5,0.7413985454545453
llm_full_residual_escape_postprocess_fallback__telescopic_ota_ihp130__seed_10,llm_full_residual_escape_postprocess_fallback,LLM diagnosis + repair,llm_full,inputs/ota/telescopic/telescopic_ota_ihp130.yaml,telescopic_ota_ihp130,Telescopic,10,power,Power,total_power,max,0.0003,1.646364e-05,W,True,18.22197278366145,1.5,0.9451212000000001
llm_full_residual_escape_postprocess_fallback__two_stage_miller_ota__seed_1,llm_full_residual_escape_postprocess_fallback,LLM diagnosis + repair,llm_full,inputs/ota/two_stage_miller/two_stage_miller_ota.yaml,two_stage_miller_ota,Two-stage Miller,1,dc_gain,Gain,dc_gain_db,min,57.0,57.5792927,dB,True,1.0101630298245614,1.0101630298245614,0.010163029824561463
llm_full_residual_escape_postprocess_fallback__two_stage_miller_ota__seed_1,llm_full_residual_escape_postprocess_fallback,LLM diagnosis + repair,llm_full,inputs/ota/two_stage_miller/two_stage_miller_ota.yaml,two_stage_miller_ota,Two-stage Miller,1,unity_gain_bandwidth,UGBW,unity_gain_bandwidth,min,20000000.0,45338739.72334491,Hz,True,2.2669369861672455,1.5,1.2669369861672453
llm_full_residual_escape_postprocess_fallback__two_stage_miller_ota__seed_1,llm_full_residual_escape_postprocess_fallback,LLM diagnosis + repair,llm_full,inputs/ota/two_stage_miller/two_stage_miller_ota.yaml,two_stage_miller_ota,Two-stage Miller,1,phase_margin,Phase margin,phase_margin,min,60.0,66.4761770939987,deg,True,1.1079362848999783,1.1079362848999783,0.10793628489997834
llm_full_residual_escape_postprocess_fallback__two_stage_miller_ota__seed_1,llm_full_residual_escape_postprocess_fallback,LLM diagnosis + repair,llm_full,inputs/ota/two_stage_miller/two_stage_miller_ota.yaml,two_stage_miller_ota,Two-stage Miller,1,slew_rate,Slew rate,slew_rate,min,10000000.0,34950818.32581758,V/s,True,3.4950818325817576,1.5,2.4950818325817576
llm_full_residual_escape_postprocess_fallback__two_stage_miller_ota__seed_1,llm_full_residual_escape_postprocess_fallback,LLM diagnosis + repair,llm_full,inputs/ota/two_stage_miller/two_stage_miller_ota.yaml,two_stage_miller_ota,Two-stage Miller,1,output_swing,Output swing,output_swing,min,0.49,0.7809074999999999,V,True,1.5936887755102038,1.5,0.5936887755102038
llm_full_residual_escape_postprocess_fallback__two_stage_miller_ota__seed_1,llm_full_residual_escape_postprocess_fallback,LLM diagnosis + repair,llm_full,inputs/ota/two_stage_miller/two_stage_miller_ota.yaml,two_stage_miller_ota,Two-stage Miller,1,power,Power,total_power,max,0.001,0.0003554436,W,True,2.8133858648742023,1.5,0.6445564
llm_full_residual_escape_postprocess_fallback__two_stage_miller_ota__seed_2,llm_full_residual_escape_postprocess_fallback,LLM diagnosis + repair,llm_full,inputs/ota/two_stage_miller/two_stage_miller_ota.yaml,two_stage_miller_ota,Two-stage Miller,2,dc_gain,Gain,dc_gain_db,min,57.0,58.3762608,dB,True,1.0241449263157894,1.0241449263157894,0.024144926315789423
llm_full_residual_escape_postprocess_fallback__two_stage_miller_ota__seed_2,llm_full_residual_escape_postprocess_fallback,LLM diagnosis + repair,llm_full,inputs/ota/two_stage_miller/two_stage_miller_ota.yaml,two_stage_miller_ota,Two-stage Miller,2,unity_gain_bandwidth,UGBW,unity_gain_bandwidth,min,20000000.0,20921376.249159113,Hz,True,1.0460688124579556,1.0460688124579556,0.046068812457955625
llm_full_residual_escape_postprocess_fallback__two_stage_miller_ota__seed_2,llm_full_residual_escape_postprocess_fallback,LLM diagnosis + repair,llm_full,inputs/ota/two_stage_miller/two_stage_miller_ota.yaml,two_stage_miller_ota,Two-stage Miller,2,phase_margin,Phase margin,phase_margin,min,60.0,62.69994400031659,deg,True,1.044999066671943,1.044999066671943,0.04499906667194319
llm_full_residual_escape_postprocess_fallback__two_stage_miller_ota__seed_2,llm_full_residual_escape_postprocess_fallback,LLM diagnosis + repair,llm_full,inputs/ota/two_stage_miller/two_stage_miller_ota.yaml,two_stage_miller_ota,Two-stage Miller,2,slew_rate,Slew rate,slew_rate,min,10000000.0,15652241.902242014,V/s,True,1.5652241902242015,1.5,0.5652241902242015
llm_full_residual_escape_postprocess_fallback__two_stage_miller_ota__seed_2,llm_full_residual_escape_postprocess_fallback,LLM diagnosis + repair,llm_full,inputs/ota/two_stage_miller/two_stage_miller_ota.yaml,two_stage_miller_ota,Two-stage Miller,2,output_swing,Output swing,output_swing,min,0.49,0.8624632,V,True,1.7601289795918367,1.5,0.7601289795918368
llm_full_residual_escape_postprocess_fallback__two_stage_miller_ota__seed_2,llm_full_residual_escape_postprocess_fallback,LLM diagnosis + repair,llm_full,inputs/ota/two_stage_miller/two_stage_miller_ota.yaml,two_stage_miller_ota,Two-stage Miller,2,power,Power,total_power,max,0.001,0.00040191,W,True,2.488119230673534,1.5,0.59809
llm_full_residual_escape_postprocess_fallback__two_stage_miller_ota__seed_3,llm_full_residual_escape_postprocess_fallback,LLM diagnosis + repair,llm_full,inputs/ota/two_stage_miller/two_stage_miller_ota.yaml,two_stage_miller_ota,Two-stage Miller,3,dc_gain,Gain,dc_gain_db,min,57.0,57.0398012,dB,True,1.0006982666666666,1.0006982666666666,0.0006982666666666566
llm_full_residual_escape_postprocess_fallback__two_stage_miller_ota__seed_3,llm_full_residual_escape_postprocess_fallback,LLM diagnosis + repair,llm_full,inputs/ota/two_stage_miller/two_stage_miller_ota.yaml,two_stage_miller_ota,Two-stage Miller,3,unity_gain_bandwidth,UGBW,unity_gain_bandwidth,min,20000000.0,36709863.86543687,Hz,True,1.8354931932718432,1.5,0.8354931932718433
llm_full_residual_escape_postprocess_fallback__two_stage_miller_ota__seed_3,llm_full_residual_escape_postprocess_fallback,LLM diagnosis + repair,llm_full,inputs/ota/two_stage_miller/two_stage_miller_ota.yaml,two_stage_miller_ota,Two-stage Miller,3,phase_margin,Phase margin,phase_margin,min,60.0,71.72681278567944,deg,True,1.195446879761324,1.195446879761324,0.19544687976132405
llm_full_residual_escape_postprocess_fallback__two_stage_miller_ota__seed_3,llm_full_residual_escape_postprocess_fallback,LLM diagnosis + repair,llm_full,inputs/ota/two_stage_miller/two_stage_miller_ota.yaml,two_stage_miller_ota,Two-stage Miller,3,slew_rate,Slew rate,slew_rate,min,10000000.0,30092144.342144564,V/s,True,3.0092144342144564,1.5,2.0092144342144564
llm_full_residual_escape_postprocess_fallback__two_stage_miller_ota__seed_3,llm_full_residual_escape_postprocess_fallback,LLM diagnosis + repair,llm_full,inputs/ota/two_stage_miller/two_stage_miller_ota.yaml,two_stage_miller_ota,Two-stage Miller,3,output_swing,Output swing,output_swing,min,0.49,0.7873066,V,True,1.606748163265306,1.5,0.6067481632653061
llm_full_residual_escape_postprocess_fallback__two_stage_miller_ota__seed_3,llm_full_residual_escape_postprocess_fallback,LLM diagnosis + repair,llm_full,inputs/ota/two_stage_miller/two_stage_miller_ota.yaml,two_stage_miller_ota,Two-stage Miller,3,power,Power,total_power,max,0.001,0.0003723984,W,True,2.6852961774271855,1.5,0.6276016
llm_full_residual_escape_postprocess_fallback__two_stage_miller_ota__seed_4,llm_full_residual_escape_postprocess_fallback,LLM diagnosis + repair,llm_full,inputs/ota/two_stage_miller/two_stage_miller_ota.yaml,two_stage_miller_ota,Two-stage Miller,4,dc_gain,Gain,dc_gain_db,min,57.0,57.0398012,dB,True,1.0006982666666666,1.0006982666666666,0.0006982666666666566
llm_full_residual_escape_postprocess_fallback__two_stage_miller_ota__seed_4,llm_full_residual_escape_postprocess_fallback,LLM diagnosis + repair,llm_full,inputs/ota/two_stage_miller/two_stage_miller_ota.yaml,two_stage_miller_ota,Two-stage Miller,4,unity_gain_bandwidth,UGBW,unity_gain_bandwidth,min,20000000.0,36709863.86543687,Hz,True,1.8354931932718432,1.5,0.8354931932718433
llm_full_residual_escape_postprocess_fallback__two_stage_miller_ota__seed_4,llm_full_residual_escape_postprocess_fallback,LLM diagnosis + repair,llm_full,inputs/ota/two_stage_miller/two_stage_miller_ota.yaml,two_stage_miller_ota,Two-stage Miller,4,phase_margin,Phase margin,phase_margin,min,60.0,71.72681278567944,deg,True,1.195446879761324,1.195446879761324,0.19544687976132405
llm_full_residual_escape_postprocess_fallback__two_stage_miller_ota__seed_4,llm_full_residual_escape_postprocess_fallback,LLM diagnosis + repair,llm_full,inputs/ota/two_stage_miller/two_stage_miller_ota.yaml,two_stage_miller_ota,Two-stage Miller,4,slew_rate,Slew rate,slew_rate,min,10000000.0,30092144.342144564,V/s,True,3.0092144342144564,1.5,2.0092144342144564
llm_full_residual_escape_postprocess_fallback__two_stage_miller_ota__seed_4,llm_full_residual_escape_postprocess_fallback,LLM diagnosis + repair,llm_full,inputs/ota/two_stage_miller/two_stage_miller_ota.yaml,two_stage_miller_ota,Two-stage Miller,4,output_swing,Output swing,output_swing,min,0.49,0.7873066,V,True,1.606748163265306,1.5,0.6067481632653061
llm_full_residual_escape_postprocess_fallback__two_stage_miller_ota__seed_4,llm_full_residual_escape_postprocess_fallback,LLM diagnosis + repair,llm_full,inputs/ota/two_stage_miller/two_stage_miller_ota.yaml,two_stage_miller_ota,Two-stage Miller,4,power,Power,total_power,max,0.001,0.0003723984,W,True,2.6852961774271855,1.5,0.6276016
llm_full_residual_escape_postprocess_fallback__two_stage_miller_ota__seed_5,llm_full_residual_escape_postprocess_fallback,LLM diagnosis + repair,llm_full,inputs/ota/two_stage_miller/two_stage_miller_ota.yaml,two_stage_miller_ota,Two-stage Miller,5,dc_gain,Gain,dc_gain_db,min,57.0,57.0398012,dB,True,1.0006982666666666,1.0006982666666666,0.0006982666666666566
llm_full_residual_escape_postprocess_fallback__two_stage_miller_ota__seed_5,llm_full_residual_escape_postprocess_fallback,LLM diagnosis + repair,llm_full,inputs/ota/two_stage_miller/two_stage_miller_ota.yaml,two_stage_miller_ota,Two-stage Miller,5,unity_gain_bandwidth,UGBW,unity_gain_bandwidth,min,20000000.0,36709863.86543687,Hz,True,1.8354931932718432,1.5,0.8354931932718433
llm_full_residual_escape_postprocess_fallback__two_stage_miller_ota__seed_5,llm_full_residual_escape_postprocess_fallback,LLM diagnosis + repair,llm_full,inputs/ota/two_stage_miller/two_stage_miller_ota.yaml,two_stage_miller_ota,Two-stage Miller,5,phase_margin,Phase margin,phase_margin,min,60.0,71.72681278567944,deg,True,1.195446879761324,1.195446879761324,0.19544687976132405
llm_full_residual_escape_postprocess_fallback__two_stage_miller_ota__seed_5,llm_full_residual_escape_postprocess_fallback,LLM diagnosis + repair,llm_full,inputs/ota/two_stage_miller/two_stage_miller_ota.yaml,two_stage_miller_ota,Two-stage Miller,5,slew_rate,Slew rate,slew_rate,min,10000000.0,30092144.342144564,V/s,True,3.0092144342144564,1.5,2.0092144342144564
llm_full_residual_escape_postprocess_fallback__two_stage_miller_ota__seed_5,llm_full_residual_escape_postprocess_fallback,LLM diagnosis + repair,llm_full,inputs/ota/two_stage_miller/two_stage_miller_ota.yaml,two_stage_miller_ota,Two-stage Miller,5,output_swing,Output swing,output_swing,min,0.49,0.7873066,V,True,1.606748163265306,1.5,0.6067481632653061
llm_full_residual_escape_postprocess_fallback__two_stage_miller_ota__seed_5,llm_full_residual_escape_postprocess_fallback,LLM diagnosis + repair,llm_full,inputs/ota/two_stage_miller/two_stage_miller_ota.yaml,two_stage_miller_ota,Two-stage Miller,5,power,Power,total_power,max,0.001,0.0003723984,W,True,2.6852961774271855,1.5,0.6276016
llm_full_residual_escape_postprocess_fallback__two_stage_miller_ota__seed_6,llm_full_residual_escape_postprocess_fallback,LLM diagnosis + repair,llm_full,inputs/ota/two_stage_miller/two_stage_miller_ota.yaml,two_stage_miller_ota,Two-stage Miller,6,dc_gain,Gain,dc_gain_db,min,57.0,57.0398012,dB,True,1.0006982666666666,1.0006982666666666,0.0006982666666666566
llm_full_residual_escape_postprocess_fallback__two_stage_miller_ota__seed_6,llm_full_residual_escape_postprocess_fallback,LLM diagnosis + repair,llm_full,inputs/ota/two_stage_miller/two_stage_miller_ota.yaml,two_stage_miller_ota,Two-stage Miller,6,unity_gain_bandwidth,UGBW,unity_gain_bandwidth,min,20000000.0,36709863.86543687,Hz,True,1.8354931932718432,1.5,0.8354931932718433
llm_full_residual_escape_postprocess_fallback__two_stage_miller_ota__seed_6,llm_full_residual_escape_postprocess_fallback,LLM diagnosis + repair,llm_full,inputs/ota/two_stage_miller/two_stage_miller_ota.yaml,two_stage_miller_ota,Two-stage Miller,6,phase_margin,Phase margin,phase_margin,min,60.0,71.72681278567944,deg,True,1.195446879761324,1.195446879761324,0.19544687976132405
llm_full_residual_escape_postprocess_fallback__two_stage_miller_ota__seed_6,llm_full_residual_escape_postprocess_fallback,LLM diagnosis + repair,llm_full,inputs/ota/two_stage_miller/two_stage_miller_ota.yaml,two_stage_miller_ota,Two-stage Miller,6,slew_rate,Slew rate,slew_rate,min,10000000.0,30092144.342144564,V/s,True,3.0092144342144564,1.5,2.0092144342144564
llm_full_residual_escape_postprocess_fallback__two_stage_miller_ota__seed_6,llm_full_residual_escape_postprocess_fallback,LLM diagnosis + repair,llm_full,inputs/ota/two_stage_miller/two_stage_miller_ota.yaml,two_stage_miller_ota,Two-stage Miller,6,output_swing,Output swing,output_swing,min,0.49,0.7873066,V,True,1.606748163265306,1.5,0.6067481632653061
llm_full_residual_escape_postprocess_fallback__two_stage_miller_ota__seed_6,llm_full_residual_escape_postprocess_fallback,LLM diagnosis + repair,llm_full,inputs/ota/two_stage_miller/two_stage_miller_ota.yaml,two_stage_miller_ota,Two-stage Miller,6,power,Power,total_power,max,0.001,0.0003723984,W,True,2.6852961774271855,1.5,0.6276016
llm_full_residual_escape_postprocess_fallback__two_stage_miller_ota__seed_7,llm_full_residual_escape_postprocess_fallback,LLM diagnosis + repair,llm_full,inputs/ota/two_stage_miller/two_stage_miller_ota.yaml,two_stage_miller_ota,Two-stage Miller,7,dc_gain,Gain,dc_gain_db,min,57.0,57.0398012,dB,True,1.0006982666666666,1.0006982666666666,0.0006982666666666566
llm_full_residual_escape_postprocess_fallback__two_stage_miller_ota__seed_7,llm_full_residual_escape_postprocess_fallback,LLM diagnosis + repair,llm_full,inputs/ota/two_stage_miller/two_stage_miller_ota.yaml,two_stage_miller_ota,Two-stage Miller,7,unity_gain_bandwidth,UGBW,unity_gain_bandwidth,min,20000000.0,36709863.86543687,Hz,True,1.8354931932718432,1.5,0.8354931932718433
llm_full_residual_escape_postprocess_fallback__two_stage_miller_ota__seed_7,llm_full_residual_escape_postprocess_fallback,LLM diagnosis + repair,llm_full,inputs/ota/two_stage_miller/two_stage_miller_ota.yaml,two_stage_miller_ota,Two-stage Miller,7,phase_margin,Phase margin,phase_margin,min,60.0,71.72681278567944,deg,True,1.195446879761324,1.195446879761324,0.19544687976132405
llm_full_residual_escape_postprocess_fallback__two_stage_miller_ota__seed_7,llm_full_residual_escape_postprocess_fallback,LLM diagnosis + repair,llm_full,inputs/ota/two_stage_miller/two_stage_miller_ota.yaml,two_stage_miller_ota,Two-stage Miller,7,slew_rate,Slew rate,slew_rate,min,10000000.0,30092144.342144564,V/s,True,3.0092144342144564,1.5,2.0092144342144564
llm_full_residual_escape_postprocess_fallback__two_stage_miller_ota__seed_7,llm_full_residual_escape_postprocess_fallback,LLM diagnosis + repair,llm_full,inputs/ota/two_stage_miller/two_stage_miller_ota.yaml,two_stage_miller_ota,Two-stage Miller,7,output_swing,Output swing,output_swing,min,0.49,0.7873066,V,True,1.606748163265306,1.5,0.6067481632653061
llm_full_residual_escape_postprocess_fallback__two_stage_miller_ota__seed_7,llm_full_residual_escape_postprocess_fallback,LLM diagnosis + repair,llm_full,inputs/ota/two_stage_miller/two_stage_miller_ota.yaml,two_stage_miller_ota,Two-stage Miller,7,power,Power,total_power,max,0.001,0.0003723984,W,True,2.6852961774271855,1.5,0.6276016
llm_full_residual_escape_postprocess_fallback__two_stage_miller_ota__seed_8,llm_full_residual_escape_postprocess_fallback,LLM diagnosis + repair,llm_full,inputs/ota/two_stage_miller/two_stage_miller_ota.yaml,two_stage_miller_ota,Two-stage Miller,8,dc_gain,Gain,dc_gain_db,min,57.0,57.0398012,dB,True,1.0006982666666666,1.0006982666666666,0.0006982666666666566
llm_full_residual_escape_postprocess_fallback__two_stage_miller_ota__seed_8,llm_full_residual_escape_postprocess_fallback,LLM diagnosis + repair,llm_full,inputs/ota/two_stage_miller/two_stage_miller_ota.yaml,two_stage_miller_ota,Two-stage Miller,8,unity_gain_bandwidth,UGBW,unity_gain_bandwidth,min,20000000.0,36709863.86543687,Hz,True,1.8354931932718432,1.5,0.8354931932718433
llm_full_residual_escape_postprocess_fallback__two_stage_miller_ota__seed_8,llm_full_residual_escape_postprocess_fallback,LLM diagnosis + repair,llm_full,inputs/ota/two_stage_miller/two_stage_miller_ota.yaml,two_stage_miller_ota,Two-stage Miller,8,phase_margin,Phase margin,phase_margin,min,60.0,71.72681278567944,deg,True,1.195446879761324,1.195446879761324,0.19544687976132405
llm_full_residual_escape_postprocess_fallback__two_stage_miller_ota__seed_8,llm_full_residual_escape_postprocess_fallback,LLM diagnosis + repair,llm_full,inputs/ota/two_stage_miller/two_stage_miller_ota.yaml,two_stage_miller_ota,Two-stage Miller,8,slew_rate,Slew rate,slew_rate,min,10000000.0,30092144.342144564,V/s,True,3.0092144342144564,1.5,2.0092144342144564
llm_full_residual_escape_postprocess_fallback__two_stage_miller_ota__seed_8,llm_full_residual_escape_postprocess_fallback,LLM diagnosis + repair,llm_full,inputs/ota/two_stage_miller/two_stage_miller_ota.yaml,two_stage_miller_ota,Two-stage Miller,8,output_swing,Output swing,output_swing,min,0.49,0.7873066,V,True,1.606748163265306,1.5,0.6067481632653061
llm_full_residual_escape_postprocess_fallback__two_stage_miller_ota__seed_8,llm_full_residual_escape_postprocess_fallback,LLM diagnosis + repair,llm_full,inputs/ota/two_stage_miller/two_stage_miller_ota.yaml,two_stage_miller_ota,Two-stage Miller,8,power,Power,total_power,max,0.001,0.0003723984,W,True,2.6852961774271855,1.5,0.6276016
llm_full_residual_escape_postprocess_fallback__two_stage_miller_ota__seed_9,llm_full_residual_escape_postprocess_fallback,LLM diagnosis + repair,llm_full,inputs/ota/two_stage_miller/two_stage_miller_ota.yaml,two_stage_miller_ota,Two-stage Miller,9,dc_gain,Gain,dc_gain_db,min,57.0,57.0398012,dB,True,1.0006982666666666,1.0006982666666666,0.0006982666666666566
llm_full_residual_escape_postprocess_fallback__two_stage_miller_ota__seed_9,llm_full_residual_escape_postprocess_fallback,LLM diagnosis + repair,llm_full,inputs/ota/two_stage_miller/two_stage_miller_ota.yaml,two_stage_miller_ota,Two-stage Miller,9,unity_gain_bandwidth,UGBW,unity_gain_bandwidth,min,20000000.0,36709863.86543687,Hz,True,1.8354931932718432,1.5,0.8354931932718433
llm_full_residual_escape_postprocess_fallback__two_stage_miller_ota__seed_9,llm_full_residual_escape_postprocess_fallback,LLM diagnosis + repair,llm_full,inputs/ota/two_stage_miller/two_stage_miller_ota.yaml,two_stage_miller_ota,Two-stage Miller,9,phase_margin,Phase margin,phase_margin,min,60.0,71.72681278567944,deg,True,1.195446879761324,1.195446879761324,0.19544687976132405
llm_full_residual_escape_postprocess_fallback__two_stage_miller_ota__seed_9,llm_full_residual_escape_postprocess_fallback,LLM diagnosis + repair,llm_full,inputs/ota/two_stage_miller/two_stage_miller_ota.yaml,two_stage_miller_ota,Two-stage Miller,9,slew_rate,Slew rate,slew_rate,min,10000000.0,30092144.342144564,V/s,True,3.0092144342144564,1.5,2.0092144342144564
llm_full_residual_escape_postprocess_fallback__two_stage_miller_ota__seed_9,llm_full_residual_escape_postprocess_fallback,LLM diagnosis + repair,llm_full,inputs/ota/two_stage_miller/two_stage_miller_ota.yaml,two_stage_miller_ota,Two-stage Miller,9,output_swing,Output swing,output_swing,min,0.49,0.7873066,V,True,1.606748163265306,1.5,0.6067481632653061
llm_full_residual_escape_postprocess_fallback__two_stage_miller_ota__seed_9,llm_full_residual_escape_postprocess_fallback,LLM diagnosis + repair,llm_full,inputs/ota/two_stage_miller/two_stage_miller_ota.yaml,two_stage_miller_ota,Two-stage Miller,9,power,Power,total_power,max,0.001,0.0003723984,W,True,2.6852961774271855,1.5,0.6276016
llm_full_residual_escape_postprocess_fallback__two_stage_miller_ota__seed_10,llm_full_residual_escape_postprocess_fallback,LLM diagnosis + repair,llm_full,inputs/ota/two_stage_miller/two_stage_miller_ota.yaml,two_stage_miller_ota,Two-stage Miller,10,dc_gain,Gain,dc_gain_db,min,57.0,57.0398012,dB,True,1.0006982666666666,1.0006982666666666,0.0006982666666666566
llm_full_residual_escape_postprocess_fallback__two_stage_miller_ota__seed_10,llm_full_residual_escape_postprocess_fallback,LLM diagnosis + repair,llm_full,inputs/ota/two_stage_miller/two_stage_miller_ota.yaml,two_stage_miller_ota,Two-stage Miller,10,unity_gain_bandwidth,UGBW,unity_gain_bandwidth,min,20000000.0,36709863.86543687,Hz,True,1.8354931932718432,1.5,0.8354931932718433
llm_full_residual_escape_postprocess_fallback__two_stage_miller_ota__seed_10,llm_full_residual_escape_postprocess_fallback,LLM diagnosis + repair,llm_full,inputs/ota/two_stage_miller/two_stage_miller_ota.yaml,two_stage_miller_ota,Two-stage Miller,10,phase_margin,Phase margin,phase_margin,min,60.0,71.72681278567944,deg,True,1.195446879761324,1.195446879761324,0.19544687976132405
llm_full_residual_escape_postprocess_fallback__two_stage_miller_ota__seed_10,llm_full_residual_escape_postprocess_fallback,LLM diagnosis + repair,llm_full,inputs/ota/two_stage_miller/two_stage_miller_ota.yaml,two_stage_miller_ota,Two-stage Miller,10,slew_rate,Slew rate,slew_rate,min,10000000.0,30092144.342144564,V/s,True,3.0092144342144564,1.5,2.0092144342144564
llm_full_residual_escape_postprocess_fallback__two_stage_miller_ota__seed_10,llm_full_residual_escape_postprocess_fallback,LLM diagnosis + repair,llm_full,inputs/ota/two_stage_miller/two_stage_miller_ota.yaml,two_stage_miller_ota,Two-stage Miller,10,output_swing,Output swing,output_swing,min,0.49,0.7873066,V,True,1.606748163265306,1.5,0.6067481632653061
llm_full_residual_escape_postprocess_fallback__two_stage_miller_ota__seed_10,llm_full_residual_escape_postprocess_fallback,LLM diagnosis + repair,llm_full,inputs/ota/two_stage_miller/two_stage_miller_ota.yaml,two_stage_miller_ota,Two-stage Miller,10,power,Power,total_power,max,0.001,0.0003723984,W,True,2.6852961774271855,1.5,0.6276016
